INSERT INTO student(usn,name,sem,dept,email,mob) VALUES('1PI14CSE0','phqgh',7,'CSE','phqgh@gmail.com',939380700);
INSERT INTO student_credential(usn,password)VALUES('1PI14CSE0','1PI14CSE0');
INSERT INTO student(usn,name,sem,dept,email,mob) VALUES('1PI14CSE1','umeay',7,'CSE','umeay@gmail.com',939380701);
INSERT INTO student_credential(usn,password)VALUES('1PI14CSE1','1PI14CSE1');
INSERT INTO student(usn,name,sem,dept,email,mob) VALUES('1PI14CSE2','lnlfd',7,'CSE','lnlfd@gmail.com',939380702);
INSERT INTO student_credential(usn,password)VALUES('1PI14CSE2','1PI14CSE2');
INSERT INTO student(usn,name,sem,dept,email,mob) VALUES('1PI14CSE3','xfirc',7,'CSE','xfirc@gmail.com',939380703);
INSERT INTO student_credential(usn,password)VALUES('1PI14CSE3','1PI14CSE3');
INSERT INTO student(usn,name,sem,dept,email,mob) VALUES('1PI14CSE4','vscxg',7,'CSE','vscxg@gmail.com',939380704);
INSERT INTO student_credential(usn,password)VALUES('1PI14CSE4','1PI14CSE4');
INSERT INTO student(usn,name,sem,dept,email,mob) VALUES('1PI14CSE5','gbwkf',7,'CSE','gbwkf@gmail.com',939380705);
INSERT INTO student_credential(usn,password)VALUES('1PI14CSE5','1PI14CSE5');
INSERT INTO student(usn,name,sem,dept,email,mob) VALUES('1PI14CSE6','nqdux',7,'CSE','nqdux@gmail.com',939380706);
INSERT INTO student_credential(usn,password)VALUES('1PI14CSE6','1PI14CSE6');
INSERT INTO student(usn,name,sem,dept,email,mob) VALUES('1PI14CSE7','wfnfo',7,'CSE','wfnfo@gmail.com',939380707);
INSERT INTO student_credential(usn,password)VALUES('1PI14CSE7','1PI14CSE7');
INSERT INTO student(usn,name,sem,dept,email,mob) VALUES('1PI14CSE8','zvsrt',7,'CSE','zvsrt@gmail.com',939380708);
INSERT INTO student_credential(usn,password)VALUES('1PI14CSE8','1PI14CSE8');
INSERT INTO student(usn,name,sem,dept,email,mob) VALUES('1PI14CSE9','kjpre',7,'CSE','kjpre@gmail.com',939380709);
INSERT INTO student_credential(usn,password)VALUES('1PI14CSE9','1PI14CSE9');
INSERT INTO student(usn,name,sem,dept,email,mob) VALUES('1PI14CSE10','pggxr',7,'CSE','pggxr@gmail.com',939380710);
INSERT INTO student_credential(usn,password)VALUES('1PI14CSE10','1PI14CSE10');
INSERT INTO student(usn,name,sem,dept,email,mob) VALUES('1PI14CSE11','pnrvy',7,'CSE','pnrvy@gmail.com',939380711);
INSERT INTO student_credential(usn,password)VALUES('1PI14CSE11','1PI14CSE11');
INSERT INTO student(usn,name,sem,dept,email,mob) VALUES('1PI14CSE12','stmwc',7,'CSE','stmwc@gmail.com',939380712);
INSERT INTO student_credential(usn,password)VALUES('1PI14CSE12','1PI14CSE12');
INSERT INTO student(usn,name,sem,dept,email,mob) VALUES('1PI14CSE13','ysyyc',7,'CSE','ysyyc@gmail.com',939380713);
INSERT INTO student_credential(usn,password)VALUES('1PI14CSE13','1PI14CSE13');
INSERT INTO student(usn,name,sem,dept,email,mob) VALUES('1PI14CSE14','qpevi',7,'CSE','qpevi@gmail.com',939380714);
INSERT INTO student_credential(usn,password)VALUES('1PI14CSE14','1PI14CSE14');
INSERT INTO student(usn,name,sem,dept,email,mob) VALUES('1PI14CSE15','keffm',7,'CSE','keffm@gmail.com',939380715);
INSERT INTO student_credential(usn,password)VALUES('1PI14CSE15','1PI14CSE15');
INSERT INTO student(usn,name,sem,dept,email,mob) VALUES('1PI14CSE16','znimk',7,'CSE','znimk@gmail.com',939380716);
INSERT INTO student_credential(usn,password)VALUES('1PI14CSE16','1PI14CSE16');
INSERT INTO student(usn,name,sem,dept,email,mob) VALUES('1PI14CSE17','kasvw',7,'CSE','kasvw@gmail.com',939380717);
INSERT INTO student_credential(usn,password)VALUES('1PI14CSE17','1PI14CSE17');
INSERT INTO student(usn,name,sem,dept,email,mob) VALUES('1PI14CSE18','srenz',7,'CSE','srenz@gmail.com',939380718);
INSERT INTO student_credential(usn,password)VALUES('1PI14CSE18','1PI14CSE18');
INSERT INTO student(usn,name,sem,dept,email,mob) VALUES('1PI14CSE19','kycxf',7,'CSE','kycxf@gmail.com',939380719);
INSERT INTO student_credential(usn,password)VALUES('1PI14CSE19','1PI14CSE19');
INSERT INTO student(usn,name,sem,dept,email,mob) VALUES('1PI14CSE20','xtlsg',7,'CSE','xtlsg@gmail.com',939380720);
INSERT INTO student_credential(usn,password)VALUES('1PI14CSE20','1PI14CSE20');
INSERT INTO student(usn,name,sem,dept,email,mob) VALUES('1PI14CSE21','ypsfa',7,'CSE','ypsfa@gmail.com',939380721);
INSERT INTO student_credential(usn,password)VALUES('1PI14CSE21','1PI14CSE21');
INSERT INTO student(usn,name,sem,dept,email,mob) VALUES('1PI14CSE22','dpooe',7,'CSE','dpooe@gmail.com',939380722);
INSERT INTO student_credential(usn,password)VALUES('1PI14CSE22','1PI14CSE22');
INSERT INTO student(usn,name,sem,dept,email,mob) VALUES('1PI14CSE23','fxzbc',7,'CSE','fxzbc@gmail.com',939380723);
INSERT INTO student_credential(usn,password)VALUES('1PI14CSE23','1PI14CSE23');
INSERT INTO student(usn,name,sem,dept,email,mob) VALUES('1PI14CSE24','oejuv',7,'CSE','oejuv@gmail.com',939380724);
INSERT INTO student_credential(usn,password)VALUES('1PI14CSE24','1PI14CSE24');
INSERT INTO student(usn,name,sem,dept,email,mob) VALUES('1PI14CSE25','pvabo',7,'CSE','pvabo@gmail.com',939380725);
INSERT INTO student_credential(usn,password)VALUES('1PI14CSE25','1PI14CSE25');
INSERT INTO student(usn,name,sem,dept,email,mob) VALUES('1PI14CSE26','ygpoe',7,'CSE','ygpoe@gmail.com',939380726);
INSERT INTO student_credential(usn,password)VALUES('1PI14CSE26','1PI14CSE26');
INSERT INTO student(usn,name,sem,dept,email,mob) VALUES('1PI14CSE27','ylfpb',7,'CSE','ylfpb@gmail.com',939380727);
INSERT INTO student_credential(usn,password)VALUES('1PI14CSE27','1PI14CSE27');
INSERT INTO student(usn,name,sem,dept,email,mob) VALUES('1PI14CSE28','npljv',7,'CSE','npljv@gmail.com',939380728);
INSERT INTO student_credential(usn,password)VALUES('1PI14CSE28','1PI14CSE28');
INSERT INTO student(usn,name,sem,dept,email,mob) VALUES('1PI14CSE29','rvipy',7,'CSE','rvipy@gmail.com',939380729);
INSERT INTO student_credential(usn,password)VALUES('1PI14CSE29','1PI14CSE29');
INSERT INTO student(usn,name,sem,dept,email,mob) VALUES('1PI14CSE30','amyeh',7,'CSE','amyeh@gmail.com',939380730);
INSERT INTO student_credential(usn,password)VALUES('1PI14CSE30','1PI14CSE30');
INSERT INTO student(usn,name,sem,dept,email,mob) VALUES('1PI14CSE31','wqnqr',7,'CSE','wqnqr@gmail.com',939380731);
INSERT INTO student_credential(usn,password)VALUES('1PI14CSE31','1PI14CSE31');
INSERT INTO student(usn,name,sem,dept,email,mob) VALUES('1PI14CSE32','qpmxu',7,'CSE','qpmxu@gmail.com',939380732);
INSERT INTO student_credential(usn,password)VALUES('1PI14CSE32','1PI14CSE32');
INSERT INTO student(usn,name,sem,dept,email,mob) VALUES('1PI14CSE33','jjloo',7,'CSE','jjloo@gmail.com',939380733);
INSERT INTO student_credential(usn,password)VALUES('1PI14CSE33','1PI14CSE33');
INSERT INTO student(usn,name,sem,dept,email,mob) VALUES('1PI14CSE34','vaowu',7,'CSE','vaowu@gmail.com',939380734);
INSERT INTO student_credential(usn,password)VALUES('1PI14CSE34','1PI14CSE34');
INSERT INTO student(usn,name,sem,dept,email,mob) VALUES('1PI14CSE35','xwhms',7,'CSE','xwhms@gmail.com',939380735);
INSERT INTO student_credential(usn,password)VALUES('1PI14CSE35','1PI14CSE35');
INSERT INTO student(usn,name,sem,dept,email,mob) VALUES('1PI14CSE36','ncbxc',7,'CSE','ncbxc@gmail.com',939380736);
INSERT INTO student_credential(usn,password)VALUES('1PI14CSE36','1PI14CSE36');
INSERT INTO student(usn,name,sem,dept,email,mob) VALUES('1PI14CSE37','oksfz',7,'CSE','oksfz@gmail.com',939380737);
INSERT INTO student_credential(usn,password)VALUES('1PI14CSE37','1PI14CSE37');
INSERT INTO student(usn,name,sem,dept,email,mob) VALUES('1PI14CSE38','kvatx',7,'CSE','kvatx@gmail.com',939380738);
INSERT INTO student_credential(usn,password)VALUES('1PI14CSE38','1PI14CSE38');
INSERT INTO student(usn,name,sem,dept,email,mob) VALUES('1PI14CSE39','dknly',7,'CSE','dknly@gmail.com',939380739);
INSERT INTO student_credential(usn,password)VALUES('1PI14CSE39','1PI14CSE39');
INSERT INTO student(usn,name,sem,dept,email,mob) VALUES('1PI14CSE40','jyhfi',7,'CSE','jyhfi@gmail.com',939380740);
INSERT INTO student_credential(usn,password)VALUES('1PI14CSE40','1PI14CSE40');
INSERT INTO student(usn,name,sem,dept,email,mob) VALUES('1PI14CSE41','xjswn',7,'CSE','xjswn@gmail.com',939380741);
INSERT INTO student_credential(usn,password)VALUES('1PI14CSE41','1PI14CSE41');
INSERT INTO student(usn,name,sem,dept,email,mob) VALUES('1PI14CSE42','kkufn',7,'CSE','kkufn@gmail.com',939380742);
INSERT INTO student_credential(usn,password)VALUES('1PI14CSE42','1PI14CSE42');
INSERT INTO student(usn,name,sem,dept,email,mob) VALUES('1PI14CSE43','uxxzr',7,'CSE','uxxzr@gmail.com',939380743);
INSERT INTO student_credential(usn,password)VALUES('1PI14CSE43','1PI14CSE43');
INSERT INTO student(usn,name,sem,dept,email,mob) VALUES('1PI14CSE44','zbmnm',7,'CSE','zbmnm@gmail.com',939380744);
INSERT INTO student_credential(usn,password)VALUES('1PI14CSE44','1PI14CSE44');
INSERT INTO student(usn,name,sem,dept,email,mob) VALUES('1PI14CSE45','gqook',7,'CSE','gqook@gmail.com',939380745);
INSERT INTO student_credential(usn,password)VALUES('1PI14CSE45','1PI14CSE45');
INSERT INTO student(usn,name,sem,dept,email,mob) VALUES('1PI14CSE46','etlyh',7,'CSE','etlyh@gmail.com',939380746);
INSERT INTO student_credential(usn,password)VALUES('1PI14CSE46','1PI14CSE46');
INSERT INTO student(usn,name,sem,dept,email,mob) VALUES('1PI14CSE47','nkoau',7,'CSE','nkoau@gmail.com',939380747);
INSERT INTO student_credential(usn,password)VALUES('1PI14CSE47','1PI14CSE47');
INSERT INTO student(usn,name,sem,dept,email,mob) VALUES('1PI14CSE48','gzqrc',7,'CSE','gzqrc@gmail.com',939380748);
INSERT INTO student_credential(usn,password)VALUES('1PI14CSE48','1PI14CSE48');
INSERT INTO student(usn,name,sem,dept,email,mob) VALUES('1PI14CSE49','ddiut',7,'CSE','ddiut@gmail.com',939380749);
INSERT INTO student_credential(usn,password)VALUES('1PI14CSE49','1PI14CSE49');
INSERT INTO student(usn,name,sem,dept,email,mob) VALUES('1PI14CSE50','eiojw',7,'CSE','eiojw@gmail.com',939380750);
INSERT INTO student_credential(usn,password)VALUES('1PI14CSE50','1PI14CSE50');
INSERT INTO student(usn,name,sem,dept,email,mob) VALUES('1PI14CSE51','ayyzp',7,'CSE','ayyzp@gmail.com',939380751);
INSERT INTO student_credential(usn,password)VALUES('1PI14CSE51','1PI14CSE51');
INSERT INTO student(usn,name,sem,dept,email,mob) VALUES('1PI14CSE52','vscmp',7,'CSE','vscmp@gmail.com',939380752);
INSERT INTO student_credential(usn,password)VALUES('1PI14CSE52','1PI14CSE52');
INSERT INTO student(usn,name,sem,dept,email,mob) VALUES('1PI14CSE53','sajlf',7,'CSE','sajlf@gmail.com',939380753);
INSERT INTO student_credential(usn,password)VALUES('1PI14CSE53','1PI14CSE53');
INSERT INTO student(usn,name,sem,dept,email,mob) VALUES('1PI14CSE54','vgubf',7,'CSE','vgubf@gmail.com',939380754);
INSERT INTO student_credential(usn,password)VALUES('1PI14CSE54','1PI14CSE54');
INSERT INTO student(usn,name,sem,dept,email,mob) VALUES('1PI14CSE55','aaovl',7,'CSE','aaovl@gmail.com',939380755);
INSERT INTO student_credential(usn,password)VALUES('1PI14CSE55','1PI14CSE55');
INSERT INTO student(usn,name,sem,dept,email,mob) VALUES('1PI14CSE56','zylnt',7,'CSE','zylnt@gmail.com',939380756);
INSERT INTO student_credential(usn,password)VALUES('1PI14CSE56','1PI14CSE56');
INSERT INTO student(usn,name,sem,dept,email,mob) VALUES('1PI14CSE57','rkdcp',7,'CSE','rkdcp@gmail.com',939380757);
INSERT INTO student_credential(usn,password)VALUES('1PI14CSE57','1PI14CSE57');
INSERT INTO student(usn,name,sem,dept,email,mob) VALUES('1PI14CSE58','wsrte',7,'CSE','wsrte@gmail.com',939380758);
INSERT INTO student_credential(usn,password)VALUES('1PI14CSE58','1PI14CSE58');
INSERT INTO student(usn,name,sem,dept,email,mob) VALUES('1PI14CSE59','sjwhd',7,'CSE','sjwhd@gmail.com',939380759);
INSERT INTO student_credential(usn,password)VALUES('1PI14CSE59','1PI14CSE59');
INSERT INTO student(usn,name,sem,dept,email,mob) VALUES('1PI14CSE60','izcob',7,'CSE','izcob@gmail.com',939380760);
INSERT INTO student_credential(usn,password)VALUES('1PI14CSE60','1PI14CSE60');
INSERT INTO student(usn,name,sem,dept,email,mob) VALUES('1PI14CSE61','zcnfw',7,'CSE','zcnfw@gmail.com',939380761);
INSERT INTO student_credential(usn,password)VALUES('1PI14CSE61','1PI14CSE61');
INSERT INTO student(usn,name,sem,dept,email,mob) VALUES('1PI14CSE62','lqijt',7,'CSE','lqijt@gmail.com',939380762);
INSERT INTO student_credential(usn,password)VALUES('1PI14CSE62','1PI14CSE62');
INSERT INTO student(usn,name,sem,dept,email,mob) VALUES('1PI14CSE63','vdwvx',7,'CSE','vdwvx@gmail.com',939380763);
INSERT INTO student_credential(usn,password)VALUES('1PI14CSE63','1PI14CSE63');
INSERT INTO student(usn,name,sem,dept,email,mob) VALUES('1PI14CSE64','hrcbl',7,'CSE','hrcbl@gmail.com',939380764);
INSERT INTO student_credential(usn,password)VALUES('1PI14CSE64','1PI14CSE64');
INSERT INTO student(usn,name,sem,dept,email,mob) VALUES('1PI14CSE65','dvgyl',7,'CSE','dvgyl@gmail.com',939380765);
INSERT INTO student_credential(usn,password)VALUES('1PI14CSE65','1PI14CSE65');
INSERT INTO student(usn,name,sem,dept,email,mob) VALUES('1PI14CSE66','wgbus',7,'CSE','wgbus@gmail.com',939380766);
INSERT INTO student_credential(usn,password)VALUES('1PI14CSE66','1PI14CSE66');
INSERT INTO student(usn,name,sem,dept,email,mob) VALUES('1PI14CSE67','bmbor',7,'CSE','bmbor@gmail.com',939380767);
INSERT INTO student_credential(usn,password)VALUES('1PI14CSE67','1PI14CSE67');
INSERT INTO student(usn,name,sem,dept,email,mob) VALUES('1PI14CSE68','xtlhc',7,'CSE','xtlhc@gmail.com',939380768);
INSERT INTO student_credential(usn,password)VALUES('1PI14CSE68','1PI14CSE68');
INSERT INTO student(usn,name,sem,dept,email,mob) VALUES('1PI14CSE69','smpxo',7,'CSE','smpxo@gmail.com',939380769);
INSERT INTO student_credential(usn,password)VALUES('1PI14CSE69','1PI14CSE69');
INSERT INTO student(usn,name,sem,dept,email,mob) VALUES('1PI14CSE70','hgmgn',7,'CSE','hgmgn@gmail.com',939380770);
INSERT INTO student_credential(usn,password)VALUES('1PI14CSE70','1PI14CSE70');
INSERT INTO student(usn,name,sem,dept,email,mob) VALUES('1PI14CSE71','keufd',7,'CSE','keufd@gmail.com',939380771);
INSERT INTO student_credential(usn,password)VALUES('1PI14CSE71','1PI14CSE71');
INSERT INTO student(usn,name,sem,dept,email,mob) VALUES('1PI14CSE72','xotog',7,'CSE','xotog@gmail.com',939380772);
INSERT INTO student_credential(usn,password)VALUES('1PI14CSE72','1PI14CSE72');
INSERT INTO student(usn,name,sem,dept,email,mob) VALUES('1PI14CSE73','bgxpe',7,'CSE','bgxpe@gmail.com',939380773);
INSERT INTO student_credential(usn,password)VALUES('1PI14CSE73','1PI14CSE73');
INSERT INTO student(usn,name,sem,dept,email,mob) VALUES('1PI14CSE74','yanfe',7,'CSE','yanfe@gmail.com',939380774);
INSERT INTO student_credential(usn,password)VALUES('1PI14CSE74','1PI14CSE74');
INSERT INTO student(usn,name,sem,dept,email,mob) VALUES('1PI14CSE75','tcuke',7,'CSE','tcuke@gmail.com',939380775);
INSERT INTO student_credential(usn,password)VALUES('1PI14CSE75','1PI14CSE75');
INSERT INTO student(usn,name,sem,dept,email,mob) VALUES('1PI14CSE76','pzshk',7,'CSE','pzshk@gmail.com',939380776);
INSERT INTO student_credential(usn,password)VALUES('1PI14CSE76','1PI14CSE76');
INSERT INTO student(usn,name,sem,dept,email,mob) VALUES('1PI14CSE77','ljugg',7,'CSE','ljugg@gmail.com',939380777);
INSERT INTO student_credential(usn,password)VALUES('1PI14CSE77','1PI14CSE77');
INSERT INTO student(usn,name,sem,dept,email,mob) VALUES('1PI14CSE78','gekjd',7,'CSE','gekjd@gmail.com',939380778);
INSERT INTO student_credential(usn,password)VALUES('1PI14CSE78','1PI14CSE78');
INSERT INTO student(usn,name,sem,dept,email,mob) VALUES('1PI14CSE79','qzjen',7,'CSE','qzjen@gmail.com',939380779);
INSERT INTO student_credential(usn,password)VALUES('1PI14CSE79','1PI14CSE79');
INSERT INTO student(usn,name,sem,dept,email,mob) VALUES('1PI14CSE80','pevqg',7,'CSE','pevqg@gmail.com',939380780);
INSERT INTO student_credential(usn,password)VALUES('1PI14CSE80','1PI14CSE80');
INSERT INTO student(usn,name,sem,dept,email,mob) VALUES('1PI14CSE81','xiepj',7,'CSE','xiepj@gmail.com',939380781);
INSERT INTO student_credential(usn,password)VALUES('1PI14CSE81','1PI14CSE81');
INSERT INTO student(usn,name,sem,dept,email,mob) VALUES('1PI14CSE82','srdzj',7,'CSE','srdzj@gmail.com',939380782);
INSERT INTO student_credential(usn,password)VALUES('1PI14CSE82','1PI14CSE82');
INSERT INTO student(usn,name,sem,dept,email,mob) VALUES('1PI14CSE83','azujl',7,'CSE','azujl@gmail.com',939380783);
INSERT INTO student_credential(usn,password)VALUES('1PI14CSE83','1PI14CSE83');
INSERT INTO student(usn,name,sem,dept,email,mob) VALUES('1PI14CSE84','lchhb',7,'CSE','lchhb@gmail.com',939380784);
INSERT INTO student_credential(usn,password)VALUES('1PI14CSE84','1PI14CSE84');
INSERT INTO student(usn,name,sem,dept,email,mob) VALUES('1PI14CSE85','fqmki',7,'CSE','fqmki@gmail.com',939380785);
INSERT INTO student_credential(usn,password)VALUES('1PI14CSE85','1PI14CSE85');
INSERT INTO student(usn,name,sem,dept,email,mob) VALUES('1PI14CSE86','mwzob',7,'CSE','mwzob@gmail.com',939380786);
INSERT INTO student_credential(usn,password)VALUES('1PI14CSE86','1PI14CSE86');
INSERT INTO student(usn,name,sem,dept,email,mob) VALUES('1PI14CSE87','iwybx',7,'CSE','iwybx@gmail.com',939380787);
INSERT INTO student_credential(usn,password)VALUES('1PI14CSE87','1PI14CSE87');
INSERT INTO student(usn,name,sem,dept,email,mob) VALUES('1PI14CSE88','duunf',7,'CSE','duunf@gmail.com',939380788);
INSERT INTO student_credential(usn,password)VALUES('1PI14CSE88','1PI14CSE88');
INSERT INTO student(usn,name,sem,dept,email,mob) VALUES('1PI14CSE89','sksrs',7,'CSE','sksrs@gmail.com',939380789);
INSERT INTO student_credential(usn,password)VALUES('1PI14CSE89','1PI14CSE89');
INSERT INTO student(usn,name,sem,dept,email,mob) VALUES('1PI14CSE90','rtekm',7,'CSE','rtekm@gmail.com',939380790);
INSERT INTO student_credential(usn,password)VALUES('1PI14CSE90','1PI14CSE90');
INSERT INTO student(usn,name,sem,dept,email,mob) VALUES('1PI14CSE91','qdcyz',7,'CSE','qdcyz@gmail.com',939380791);
INSERT INTO student_credential(usn,password)VALUES('1PI14CSE91','1PI14CSE91');
INSERT INTO student(usn,name,sem,dept,email,mob) VALUES('1PI14CSE92','jeeuh',7,'CSE','jeeuh@gmail.com',939380792);
INSERT INTO student_credential(usn,password)VALUES('1PI14CSE92','1PI14CSE92');
INSERT INTO student(usn,name,sem,dept,email,mob) VALUES('1PI14CSE93','msrqc',7,'CSE','msrqc@gmail.com',939380793);
INSERT INTO student_credential(usn,password)VALUES('1PI14CSE93','1PI14CSE93');
INSERT INTO student(usn,name,sem,dept,email,mob) VALUES('1PI14CSE94','oziji',7,'CSE','oziji@gmail.com',939380794);
INSERT INTO student_credential(usn,password)VALUES('1PI14CSE94','1PI14CSE94');
INSERT INTO student(usn,name,sem,dept,email,mob) VALUES('1PI14CSE95','pfion',7,'CSE','pfion@gmail.com',939380795);
INSERT INTO student_credential(usn,password)VALUES('1PI14CSE95','1PI14CSE95');
INSERT INTO student(usn,name,sem,dept,email,mob) VALUES('1PI14CSE96','eeddp',7,'CSE','eeddp@gmail.com',939380796);
INSERT INTO student_credential(usn,password)VALUES('1PI14CSE96','1PI14CSE96');
INSERT INTO student(usn,name,sem,dept,email,mob) VALUES('1PI14CSE97','szrna',7,'CSE','szrna@gmail.com',939380797);
INSERT INTO student_credential(usn,password)VALUES('1PI14CSE97','1PI14CSE97');
INSERT INTO student(usn,name,sem,dept,email,mob) VALUES('1PI14CSE98','vymmt',7,'CSE','vymmt@gmail.com',939380798);
INSERT INTO student_credential(usn,password)VALUES('1PI14CSE98','1PI14CSE98');
INSERT INTO student(usn,name,sem,dept,email,mob) VALUES('1PI14CSE99','atbdz',7,'CSE','atbdz@gmail.com',939380799);
INSERT INTO student_credential(usn,password)VALUES('1PI14CSE99','1PI14CSE99');
INSERT INTO student(usn,name,sem,dept,email,mob) VALUES('1PI16CSE0','qsoem',5,'CSE','qsoem@gmail.com',939380500);
INSERT INTO student_credential(usn,password)VALUES('1PI16CSE0','1PI16CSE0');
INSERT INTO student(usn,name,sem,dept,email,mob) VALUES('1PI16CSE1','uvnpp',5,'CSE','uvnpp@gmail.com',939380501);
INSERT INTO student_credential(usn,password)VALUES('1PI16CSE1','1PI16CSE1');
INSERT INTO student(usn,name,sem,dept,email,mob) VALUES('1PI16CSE2','psuac',5,'CSE','psuac@gmail.com',939380502);
INSERT INTO student_credential(usn,password)VALUES('1PI16CSE2','1PI16CSE2');
INSERT INTO student(usn,name,sem,dept,email,mob) VALUES('1PI16CSE3','bazux',5,'CSE','bazux@gmail.com',939380503);
INSERT INTO student_credential(usn,password)VALUES('1PI16CSE3','1PI16CSE3');
INSERT INTO student(usn,name,sem,dept,email,mob) VALUES('1PI16CSE4','mhect',5,'CSE','mhect@gmail.com',939380504);
INSERT INTO student_credential(usn,password)VALUES('1PI16CSE4','1PI16CSE4');
INSERT INTO student(usn,name,sem,dept,email,mob) VALUES('1PI16CSE5','hlegr',5,'CSE','hlegr@gmail.com',939380505);
INSERT INTO student_credential(usn,password)VALUES('1PI16CSE5','1PI16CSE5');
INSERT INTO student(usn,name,sem,dept,email,mob) VALUES('1PI16CSE6','punkd',5,'CSE','punkd@gmail.com',939380506);
INSERT INTO student_credential(usn,password)VALUES('1PI16CSE6','1PI16CSE6');
INSERT INTO student(usn,name,sem,dept,email,mob) VALUES('1PI16CSE7','mbppw',5,'CSE','mbppw@gmail.com',939380507);
INSERT INTO student_credential(usn,password)VALUES('1PI16CSE7','1PI16CSE7');
INSERT INTO student(usn,name,sem,dept,email,mob) VALUES('1PI16CSE8','eqtgj',5,'CSE','eqtgj@gmail.com',939380508);
INSERT INTO student_credential(usn,password)VALUES('1PI16CSE8','1PI16CSE8');
INSERT INTO student(usn,name,sem,dept,email,mob) VALUES('1PI16CSE9','oparm',5,'CSE','oparm@gmail.com',939380509);
INSERT INTO student_credential(usn,password)VALUES('1PI16CSE9','1PI16CSE9');
INSERT INTO student(usn,name,sem,dept,email,mob) VALUES('1PI16CSE10','owzdq',5,'CSE','owzdq@gmail.com',939380510);
INSERT INTO student_credential(usn,password)VALUES('1PI16CSE10','1PI16CSE10');
INSERT INTO student(usn,name,sem,dept,email,mob) VALUES('1PI16CSE11','yoxyt',5,'CSE','yoxyt@gmail.com',939380511);
INSERT INTO student_credential(usn,password)VALUES('1PI16CSE11','1PI16CSE11');
INSERT INTO student(usn,name,sem,dept,email,mob) VALUES('1PI16CSE12','jbbha',5,'CSE','jbbha@gmail.com',939380512);
INSERT INTO student_credential(usn,password)VALUES('1PI16CSE12','1PI16CSE12');
INSERT INTO student(usn,name,sem,dept,email,mob) VALUES('1PI16CSE13','wdydc',5,'CSE','wdydc@gmail.com',939380513);
INSERT INTO student_credential(usn,password)VALUES('1PI16CSE13','1PI16CSE13');
INSERT INTO student(usn,name,sem,dept,email,mob) VALUES('1PI16CSE14','prjbx',5,'CSE','prjbx@gmail.com',939380514);
INSERT INTO student_credential(usn,password)VALUES('1PI16CSE14','1PI16CSE14');
INSERT INTO student(usn,name,sem,dept,email,mob) VALUES('1PI16CSE15','phooh',5,'CSE','phooh@gmail.com',939380515);
INSERT INTO student_credential(usn,password)VALUES('1PI16CSE15','1PI16CSE15');
INSERT INTO student(usn,name,sem,dept,email,mob) VALUES('1PI16CSE16','pkwqy',5,'CSE','pkwqy@gmail.com',939380516);
INSERT INTO student_credential(usn,password)VALUES('1PI16CSE16','1PI16CSE16');
INSERT INTO student(usn,name,sem,dept,email,mob) VALUES('1PI16CSE17','uhrqz',5,'CSE','uhrqz@gmail.com',939380517);
INSERT INTO student_credential(usn,password)VALUES('1PI16CSE17','1PI16CSE17');
INSERT INTO student(usn,name,sem,dept,email,mob) VALUES('1PI16CSE18','hnbnf',5,'CSE','hnbnf@gmail.com',939380518);
INSERT INTO student_credential(usn,password)VALUES('1PI16CSE18','1PI16CSE18');
INSERT INTO student(usn,name,sem,dept,email,mob) VALUES('1PI16CSE19','uvqnq',5,'CSE','uvqnq@gmail.com',939380519);
INSERT INTO student_credential(usn,password)VALUES('1PI16CSE19','1PI16CSE19');
INSERT INTO student(usn,name,sem,dept,email,mob) VALUES('1PI16CSE20','qlrzj',5,'CSE','qlrzj@gmail.com',939380520);
INSERT INTO student_credential(usn,password)VALUES('1PI16CSE20','1PI16CSE20');
INSERT INTO student(usn,name,sem,dept,email,mob) VALUES('1PI16CSE21','pxiog',5,'CSE','pxiog@gmail.com',939380521);
INSERT INTO student_credential(usn,password)VALUES('1PI16CSE21','1PI16CSE21');
INSERT INTO student(usn,name,sem,dept,email,mob) VALUES('1PI16CSE22','vliex',5,'CSE','vliex@gmail.com',939380522);
INSERT INTO student_credential(usn,password)VALUES('1PI16CSE22','1PI16CSE22');
INSERT INTO student(usn,name,sem,dept,email,mob) VALUES('1PI16CSE23','dzuzo',5,'CSE','dzuzo@gmail.com',939380523);
INSERT INTO student_credential(usn,password)VALUES('1PI16CSE23','1PI16CSE23');
INSERT INTO student(usn,name,sem,dept,email,mob) VALUES('1PI16CSE24','srkru',5,'CSE','srkru@gmail.com',939380524);
INSERT INTO student_credential(usn,password)VALUES('1PI16CSE24','1PI16CSE24');
INSERT INTO student(usn,name,sem,dept,email,mob) VALUES('1PI16CSE25','svojb',5,'CSE','svojb@gmail.com',939380525);
INSERT INTO student_credential(usn,password)VALUES('1PI16CSE25','1PI16CSE25');
INSERT INTO student(usn,name,sem,dept,email,mob) VALUES('1PI16CSE26','rzmwz',5,'CSE','rzmwz@gmail.com',939380526);
INSERT INTO student_credential(usn,password)VALUES('1PI16CSE26','1PI16CSE26');
INSERT INTO student(usn,name,sem,dept,email,mob) VALUES('1PI16CSE27','powkj',5,'CSE','powkj@gmail.com',939380527);
INSERT INTO student_credential(usn,password)VALUES('1PI16CSE27','1PI16CSE27');
INSERT INTO student(usn,name,sem,dept,email,mob) VALUES('1PI16CSE28','ilefr',5,'CSE','ilefr@gmail.com',939380528);
INSERT INTO student_credential(usn,password)VALUES('1PI16CSE28','1PI16CSE28');
INSERT INTO student(usn,name,sem,dept,email,mob) VALUES('1PI16CSE29','aamdi',5,'CSE','aamdi@gmail.com',939380529);
INSERT INTO student_credential(usn,password)VALUES('1PI16CSE29','1PI16CSE29');
INSERT INTO student(usn,name,sem,dept,email,mob) VALUES('1PI16CSE30','gpnpu',5,'CSE','gpnpu@gmail.com',939380530);
INSERT INTO student_credential(usn,password)VALUES('1PI16CSE30','1PI16CSE30');
INSERT INTO student(usn,name,sem,dept,email,mob) VALUES('1PI16CSE31','uhgxp',5,'CSE','uhgxp@gmail.com',939380531);
INSERT INTO student_credential(usn,password)VALUES('1PI16CSE31','1PI16CSE31');
INSERT INTO student(usn,name,sem,dept,email,mob) VALUES('1PI16CSE32','qnjwj',5,'CSE','qnjwj@gmail.com',939380532);
INSERT INTO student_credential(usn,password)VALUES('1PI16CSE32','1PI16CSE32');
INSERT INTO student(usn,name,sem,dept,email,mob) VALUES('1PI16CSE33','mwaxx',5,'CSE','mwaxx@gmail.com',939380533);
INSERT INTO student_credential(usn,password)VALUES('1PI16CSE33','1PI16CSE33');
INSERT INTO student(usn,name,sem,dept,email,mob) VALUES('1PI16CSE34','mnsnh',5,'CSE','mnsnh@gmail.com',939380534);
INSERT INTO student_credential(usn,password)VALUES('1PI16CSE34','1PI16CSE34');
INSERT INTO student(usn,name,sem,dept,email,mob) VALUES('1PI16CSE35','hlqqr',5,'CSE','hlqqr@gmail.com',939380535);
INSERT INTO student_credential(usn,password)VALUES('1PI16CSE35','1PI16CSE35');
INSERT INTO student(usn,name,sem,dept,email,mob) VALUES('1PI16CSE36','zudlt',5,'CSE','zudlt@gmail.com',939380536);
INSERT INTO student_credential(usn,password)VALUES('1PI16CSE36','1PI16CSE36');
INSERT INTO student(usn,name,sem,dept,email,mob) VALUES('1PI16CSE37','fzotc',5,'CSE','fzotc@gmail.com',939380537);
INSERT INTO student_credential(usn,password)VALUES('1PI16CSE37','1PI16CSE37');
INSERT INTO student(usn,name,sem,dept,email,mob) VALUES('1PI16CSE38','jtnzx',5,'CSE','jtnzx@gmail.com',939380538);
INSERT INTO student_credential(usn,password)VALUES('1PI16CSE38','1PI16CSE38');
INSERT INTO student(usn,name,sem,dept,email,mob) VALUES('1PI16CSE39','uglsd',5,'CSE','uglsd@gmail.com',939380539);
INSERT INTO student_credential(usn,password)VALUES('1PI16CSE39','1PI16CSE39');
INSERT INTO student(usn,name,sem,dept,email,mob) VALUES('1PI16CSE40','smzcn',5,'CSE','smzcn@gmail.com',939380540);
INSERT INTO student_credential(usn,password)VALUES('1PI16CSE40','1PI16CSE40');
INSERT INTO student(usn,name,sem,dept,email,mob) VALUES('1PI16CSE41','ockvf',5,'CSE','ockvf@gmail.com',939380541);
INSERT INTO student_credential(usn,password)VALUES('1PI16CSE41','1PI16CSE41');
INSERT INTO student(usn,name,sem,dept,email,mob) VALUES('1PI16CSE42','ajfrm',5,'CSE','ajfrm@gmail.com',939380542);
INSERT INTO student_credential(usn,password)VALUES('1PI16CSE42','1PI16CSE42');
INSERT INTO student(usn,name,sem,dept,email,mob) VALUES('1PI16CSE43','xotho',5,'CSE','xotho@gmail.com',939380543);
INSERT INTO student_credential(usn,password)VALUES('1PI16CSE43','1PI16CSE43');
INSERT INTO student(usn,name,sem,dept,email,mob) VALUES('1PI16CSE44','wkbjz',5,'CSE','wkbjz@gmail.com',939380544);
INSERT INTO student_credential(usn,password)VALUES('1PI16CSE44','1PI16CSE44');
INSERT INTO student(usn,name,sem,dept,email,mob) VALUES('1PI16CSE45','wucwl',5,'CSE','wucwl@gmail.com',939380545);
INSERT INTO student_credential(usn,password)VALUES('1PI16CSE45','1PI16CSE45');
INSERT INTO student(usn,name,sem,dept,email,mob) VALUES('1PI16CSE46','jfrim',5,'CSE','jfrim@gmail.com',939380546);
INSERT INTO student_credential(usn,password)VALUES('1PI16CSE46','1PI16CSE46');
INSERT INTO student(usn,name,sem,dept,email,mob) VALUES('1PI16CSE47','pmyhc',5,'CSE','pmyhc@gmail.com',939380547);
INSERT INTO student_credential(usn,password)VALUES('1PI16CSE47','1PI16CSE47');
INSERT INTO student(usn,name,sem,dept,email,mob) VALUES('1PI16CSE48','hzriw',5,'CSE','hzriw@gmail.com',939380548);
INSERT INTO student_credential(usn,password)VALUES('1PI16CSE48','1PI16CSE48');
INSERT INTO student(usn,name,sem,dept,email,mob) VALUES('1PI16CSE49','kbarx',5,'CSE','kbarx@gmail.com',939380549);
INSERT INTO student_credential(usn,password)VALUES('1PI16CSE49','1PI16CSE49');
INSERT INTO student(usn,name,sem,dept,email,mob) VALUES('1PI16CSE50','bgfcb',5,'CSE','bgfcb@gmail.com',939380550);
INSERT INTO student_credential(usn,password)VALUES('1PI16CSE50','1PI16CSE50');
INSERT INTO student(usn,name,sem,dept,email,mob) VALUES('1PI16CSE51','ceyhj',5,'CSE','ceyhj@gmail.com',939380551);
INSERT INTO student_credential(usn,password)VALUES('1PI16CSE51','1PI16CSE51');
INSERT INTO student(usn,name,sem,dept,email,mob) VALUES('1PI16CSE52','ugixw',5,'CSE','ugixw@gmail.com',939380552);
INSERT INTO student_credential(usn,password)VALUES('1PI16CSE52','1PI16CSE52');
INSERT INTO student(usn,name,sem,dept,email,mob) VALUES('1PI16CSE53','tbvtr',5,'CSE','tbvtr@gmail.com',939380553);
INSERT INTO student_credential(usn,password)VALUES('1PI16CSE53','1PI16CSE53');
INSERT INTO student(usn,name,sem,dept,email,mob) VALUES('1PI16CSE54','ehbbc',5,'CSE','ehbbc@gmail.com',939380554);
INSERT INTO student_credential(usn,password)VALUES('1PI16CSE54','1PI16CSE54');
INSERT INTO student(usn,name,sem,dept,email,mob) VALUES('1PI16CSE55','pxifb',5,'CSE','pxifb@gmail.com',939380555);
INSERT INTO student_credential(usn,password)VALUES('1PI16CSE55','1PI16CSE55');
INSERT INTO student(usn,name,sem,dept,email,mob) VALUES('1PI16CSE56','xvfbc',5,'CSE','xvfbc@gmail.com',939380556);
INSERT INTO student_credential(usn,password)VALUES('1PI16CSE56','1PI16CSE56');
INSERT INTO student(usn,name,sem,dept,email,mob) VALUES('1PI16CSE57','gkcfq',5,'CSE','gkcfq@gmail.com',939380557);
INSERT INTO student_credential(usn,password)VALUES('1PI16CSE57','1PI16CSE57');
INSERT INTO student(usn,name,sem,dept,email,mob) VALUES('1PI16CSE58','ckcot',5,'CSE','ckcot@gmail.com',939380558);
INSERT INTO student_credential(usn,password)VALUES('1PI16CSE58','1PI16CSE58');
INSERT INTO student(usn,name,sem,dept,email,mob) VALUES('1PI16CSE59','zgkub',5,'CSE','zgkub@gmail.com',939380559);
INSERT INTO student_credential(usn,password)VALUES('1PI16CSE59','1PI16CSE59');
INSERT INTO student(usn,name,sem,dept,email,mob) VALUES('1PI16CSE60','mjrmb',5,'CSE','mjrmb@gmail.com',939380560);
INSERT INTO student_credential(usn,password)VALUES('1PI16CSE60','1PI16CSE60');
INSERT INTO student(usn,name,sem,dept,email,mob) VALUES('1PI16CSE61','sztss',5,'CSE','sztss@gmail.com',939380561);
INSERT INTO student_credential(usn,password)VALUES('1PI16CSE61','1PI16CSE61');
INSERT INTO student(usn,name,sem,dept,email,mob) VALUES('1PI16CSE62','hfroe',5,'CSE','hfroe@gmail.com',939380562);
INSERT INTO student_credential(usn,password)VALUES('1PI16CSE62','1PI16CSE62');
INSERT INTO student(usn,name,sem,dept,email,mob) VALUES('1PI16CSE63','fwsjr',5,'CSE','fwsjr@gmail.com',939380563);
INSERT INTO student_credential(usn,password)VALUES('1PI16CSE63','1PI16CSE63');
INSERT INTO student(usn,name,sem,dept,email,mob) VALUES('1PI16CSE64','xjhgu',5,'CSE','xjhgu@gmail.com',939380564);
INSERT INTO student_credential(usn,password)VALUES('1PI16CSE64','1PI16CSE64');
INSERT INTO student(usn,name,sem,dept,email,mob) VALUES('1PI16CSE65','zyupz',5,'CSE','zyupz@gmail.com',939380565);
INSERT INTO student_credential(usn,password)VALUES('1PI16CSE65','1PI16CSE65');
INSERT INTO student(usn,name,sem,dept,email,mob) VALUES('1PI16CSE66','wweiq',5,'CSE','wweiq@gmail.com',939380566);
INSERT INTO student_credential(usn,password)VALUES('1PI16CSE66','1PI16CSE66');
INSERT INTO student(usn,name,sem,dept,email,mob) VALUES('1PI16CSE67','urpix',5,'CSE','urpix@gmail.com',939380567);
INSERT INTO student_credential(usn,password)VALUES('1PI16CSE67','1PI16CSE67');
INSERT INTO student(usn,name,sem,dept,email,mob) VALUES('1PI16CSE68','iqfld',5,'CSE','iqfld@gmail.com',939380568);
INSERT INTO student_credential(usn,password)VALUES('1PI16CSE68','1PI16CSE68');
INSERT INTO student(usn,name,sem,dept,email,mob) VALUES('1PI16CSE69','uuveo',5,'CSE','uuveo@gmail.com',939380569);
INSERT INTO student_credential(usn,password)VALUES('1PI16CSE69','1PI16CSE69');
INSERT INTO student(usn,name,sem,dept,email,mob) VALUES('1PI16CSE70','owqcu',5,'CSE','owqcu@gmail.com',939380570);
INSERT INTO student_credential(usn,password)VALUES('1PI16CSE70','1PI16CSE70');
INSERT INTO student(usn,name,sem,dept,email,mob) VALUES('1PI16CSE71','dhnef',5,'CSE','dhnef@gmail.com',939380571);
INSERT INTO student_credential(usn,password)VALUES('1PI16CSE71','1PI16CSE71');
INSERT INTO student(usn,name,sem,dept,email,mob) VALUES('1PI16CSE72','njhai',5,'CSE','njhai@gmail.com',939380572);
INSERT INTO student_credential(usn,password)VALUES('1PI16CSE72','1PI16CSE72');
INSERT INTO student(usn,name,sem,dept,email,mob) VALUES('1PI16CSE73','muczf',5,'CSE','muczf@gmail.com',939380573);
INSERT INTO student_credential(usn,password)VALUES('1PI16CSE73','1PI16CSE73');
INSERT INTO student(usn,name,sem,dept,email,mob) VALUES('1PI16CSE74','skuid',5,'CSE','skuid@gmail.com',939380574);
INSERT INTO student_credential(usn,password)VALUES('1PI16CSE74','1PI16CSE74');
INSERT INTO student(usn,name,sem,dept,email,mob) VALUES('1PI16CSE75','uburi',5,'CSE','uburi@gmail.com',939380575);
INSERT INTO student_credential(usn,password)VALUES('1PI16CSE75','1PI16CSE75');
INSERT INTO student(usn,name,sem,dept,email,mob) VALUES('1PI16CSE76','swtbr',5,'CSE','swtbr@gmail.com',939380576);
INSERT INTO student_credential(usn,password)VALUES('1PI16CSE76','1PI16CSE76');
INSERT INTO student(usn,name,sem,dept,email,mob) VALUES('1PI16CSE77','ecuyk',5,'CSE','ecuyk@gmail.com',939380577);
INSERT INTO student_credential(usn,password)VALUES('1PI16CSE77','1PI16CSE77');
INSERT INTO student(usn,name,sem,dept,email,mob) VALUES('1PI16CSE78','abfcv',5,'CSE','abfcv@gmail.com',939380578);
INSERT INTO student_credential(usn,password)VALUES('1PI16CSE78','1PI16CSE78');
INSERT INTO student(usn,name,sem,dept,email,mob) VALUES('1PI16CSE79','kdzez',5,'CSE','kdzez@gmail.com',939380579);
INSERT INTO student_credential(usn,password)VALUES('1PI16CSE79','1PI16CSE79');
INSERT INTO student(usn,name,sem,dept,email,mob) VALUES('1PI16CSE80','toidu',5,'CSE','toidu@gmail.com',939380580);
INSERT INTO student_credential(usn,password)VALUES('1PI16CSE80','1PI16CSE80');
INSERT INTO student(usn,name,sem,dept,email,mob) VALUES('1PI16CSE81','kuhjz',5,'CSE','kuhjz@gmail.com',939380581);
INSERT INTO student_credential(usn,password)VALUES('1PI16CSE81','1PI16CSE81');
INSERT INTO student(usn,name,sem,dept,email,mob) VALUES('1PI16CSE82','efczz',5,'CSE','efczz@gmail.com',939380582);
INSERT INTO student_credential(usn,password)VALUES('1PI16CSE82','1PI16CSE82');
INSERT INTO student(usn,name,sem,dept,email,mob) VALUES('1PI16CSE83','zbfkq',5,'CSE','zbfkq@gmail.com',939380583);
INSERT INTO student_credential(usn,password)VALUES('1PI16CSE83','1PI16CSE83');
INSERT INTO student(usn,name,sem,dept,email,mob) VALUES('1PI16CSE84','dpqzi',5,'CSE','dpqzi@gmail.com',939380584);
INSERT INTO student_credential(usn,password)VALUES('1PI16CSE84','1PI16CSE84');
INSERT INTO student(usn,name,sem,dept,email,mob) VALUES('1PI16CSE85','kfobu',5,'CSE','kfobu@gmail.com',939380585);
INSERT INTO student_credential(usn,password)VALUES('1PI16CSE85','1PI16CSE85');
INSERT INTO student(usn,name,sem,dept,email,mob) VALUES('1PI16CSE86','cdhth',5,'CSE','cdhth@gmail.com',939380586);
INSERT INTO student_credential(usn,password)VALUES('1PI16CSE86','1PI16CSE86');
INSERT INTO student(usn,name,sem,dept,email,mob) VALUES('1PI16CSE87','xdjgk',5,'CSE','xdjgk@gmail.com',939380587);
INSERT INTO student_credential(usn,password)VALUES('1PI16CSE87','1PI16CSE87');
INSERT INTO student(usn,name,sem,dept,email,mob) VALUES('1PI16CSE88','jelrl',5,'CSE','jelrl@gmail.com',939380588);
INSERT INTO student_credential(usn,password)VALUES('1PI16CSE88','1PI16CSE88');
INSERT INTO student(usn,name,sem,dept,email,mob) VALUES('1PI16CSE89','paxam',5,'CSE','paxam@gmail.com',939380589);
INSERT INTO student_credential(usn,password)VALUES('1PI16CSE89','1PI16CSE89');
INSERT INTO student(usn,name,sem,dept,email,mob) VALUES('1PI16CSE90','ceros',5,'CSE','ceros@gmail.com',939380590);
INSERT INTO student_credential(usn,password)VALUES('1PI16CSE90','1PI16CSE90');
INSERT INTO student(usn,name,sem,dept,email,mob) VALUES('1PI16CSE91','witdp',5,'CSE','witdp@gmail.com',939380591);
INSERT INTO student_credential(usn,password)VALUES('1PI16CSE91','1PI16CSE91');
INSERT INTO student(usn,name,sem,dept,email,mob) VALUES('1PI16CSE92','tpccl',5,'CSE','tpccl@gmail.com',939380592);
INSERT INTO student_credential(usn,password)VALUES('1PI16CSE92','1PI16CSE92');
INSERT INTO student(usn,name,sem,dept,email,mob) VALUES('1PI16CSE93','ifkel',5,'CSE','ifkel@gmail.com',939380593);
INSERT INTO student_credential(usn,password)VALUES('1PI16CSE93','1PI16CSE93');
INSERT INTO student(usn,name,sem,dept,email,mob) VALUES('1PI16CSE94','jytih',5,'CSE','jytih@gmail.com',939380594);
INSERT INTO student_credential(usn,password)VALUES('1PI16CSE94','1PI16CSE94');
INSERT INTO student(usn,name,sem,dept,email,mob) VALUES('1PI16CSE95','rcqay',5,'CSE','rcqay@gmail.com',939380595);
INSERT INTO student_credential(usn,password)VALUES('1PI16CSE95','1PI16CSE95');
INSERT INTO student(usn,name,sem,dept,email,mob) VALUES('1PI16CSE96','bnefx',5,'CSE','bnefx@gmail.com',939380596);
INSERT INTO student_credential(usn,password)VALUES('1PI16CSE96','1PI16CSE96');
INSERT INTO student(usn,name,sem,dept,email,mob) VALUES('1PI16CSE97','nxvgz',5,'CSE','nxvgz@gmail.com',939380597);
INSERT INTO student_credential(usn,password)VALUES('1PI16CSE97','1PI16CSE97');
INSERT INTO student(usn,name,sem,dept,email,mob) VALUES('1PI16CSE98','edyyh',5,'CSE','edyyh@gmail.com',939380598);
INSERT INTO student_credential(usn,password)VALUES('1PI16CSE98','1PI16CSE98');
INSERT INTO student(usn,name,sem,dept,email,mob) VALUES('1PI16CSE99','ngycd',5,'CSE','ngycd@gmail.com',939380599);
INSERT INTO student_credential(usn,password)VALUES('1PI16CSE99','1PI16CSE99');
INSERT INTO student(usn,name,sem,dept,email,mob) VALUES('1PI18CSE0','rudmp',3,'CSE','rudmp@gmail.com',939380300);
INSERT INTO student_credential(usn,password)VALUES('1PI18CSE0','1PI18CSE0');
INSERT INTO student(usn,name,sem,dept,email,mob) VALUES('1PI18CSE1','hmeck',3,'CSE','hmeck@gmail.com',939380301);
INSERT INTO student_credential(usn,password)VALUES('1PI18CSE1','1PI18CSE1');
INSERT INTO student(usn,name,sem,dept,email,mob) VALUES('1PI18CSE2','otrwo',3,'CSE','otrwo@gmail.com',939380302);
INSERT INTO student_credential(usn,password)VALUES('1PI18CSE2','1PI18CSE2');
INSERT INTO student(usn,name,sem,dept,email,mob) VALUES('1PI18CSE3','spofg',3,'CSE','spofg@gmail.com',939380303);
INSERT INTO student_credential(usn,password)VALUES('1PI18CSE3','1PI18CSE3');
INSERT INTO student(usn,name,sem,dept,email,mob) VALUES('1PI18CSE4','hfozq',3,'CSE','hfozq@gmail.com',939380304);
INSERT INTO student_credential(usn,password)VALUES('1PI18CSE4','1PI18CSE4');
INSERT INTO student(usn,name,sem,dept,email,mob) VALUES('1PI18CSE5','vlqfx',3,'CSE','vlqfx@gmail.com',939380305);
INSERT INTO student_credential(usn,password)VALUES('1PI18CSE5','1PI18CSE5');
INSERT INTO student(usn,name,sem,dept,email,mob) VALUES('1PI18CSE6','wwkmf',3,'CSE','wwkmf@gmail.com',939380306);
INSERT INTO student_credential(usn,password)VALUES('1PI18CSE6','1PI18CSE6');
INSERT INTO student(usn,name,sem,dept,email,mob) VALUES('1PI18CSE7','xdyyg',3,'CSE','xdyyg@gmail.com',939380307);
INSERT INTO student_credential(usn,password)VALUES('1PI18CSE7','1PI18CSE7');
INSERT INTO student(usn,name,sem,dept,email,mob) VALUES('1PI18CSE8','mdcas',3,'CSE','mdcas@gmail.com',939380308);
INSERT INTO student_credential(usn,password)VALUES('1PI18CSE8','1PI18CSE8');
INSERT INTO student(usn,name,sem,dept,email,mob) VALUES('1PI18CSE9','zsgov',3,'CSE','zsgov@gmail.com',939380309);
INSERT INTO student_credential(usn,password)VALUES('1PI18CSE9','1PI18CSE9');
INSERT INTO student(usn,name,sem,dept,email,mob) VALUES('1PI18CSE10','sodkj',3,'CSE','sodkj@gmail.com',939380310);
INSERT INTO student_credential(usn,password)VALUES('1PI18CSE10','1PI18CSE10');
INSERT INTO student(usn,name,sem,dept,email,mob) VALUES('1PI18CSE11','ghcwm',3,'CSE','ghcwm@gmail.com',939380311);
INSERT INTO student_credential(usn,password)VALUES('1PI18CSE11','1PI18CSE11');
INSERT INTO student(usn,name,sem,dept,email,mob) VALUES('1PI18CSE12','bmxrm',3,'CSE','bmxrm@gmail.com',939380312);
INSERT INTO student_credential(usn,password)VALUES('1PI18CSE12','1PI18CSE12');
INSERT INTO student(usn,name,sem,dept,email,mob) VALUES('1PI18CSE13','huyfy',3,'CSE','huyfy@gmail.com',939380313);
INSERT INTO student_credential(usn,password)VALUES('1PI18CSE13','1PI18CSE13');
INSERT INTO student(usn,name,sem,dept,email,mob) VALUES('1PI18CSE14','qgajq',3,'CSE','qgajq@gmail.com',939380314);
INSERT INTO student_credential(usn,password)VALUES('1PI18CSE14','1PI18CSE14');
INSERT INTO student(usn,name,sem,dept,email,mob) VALUES('1PI18CSE15','kcklz',3,'CSE','kcklz@gmail.com',939380315);
INSERT INTO student_credential(usn,password)VALUES('1PI18CSE15','1PI18CSE15');
INSERT INTO student(usn,name,sem,dept,email,mob) VALUES('1PI18CSE16','nayxq',3,'CSE','nayxq@gmail.com',939380316);
INSERT INTO student_credential(usn,password)VALUES('1PI18CSE16','1PI18CSE16');
INSERT INTO student(usn,name,sem,dept,email,mob) VALUES('1PI18CSE17','kqoyz',3,'CSE','kqoyz@gmail.com',939380317);
INSERT INTO student_credential(usn,password)VALUES('1PI18CSE17','1PI18CSE17');
INSERT INTO student(usn,name,sem,dept,email,mob) VALUES('1PI18CSE18','wmyub',3,'CSE','wmyub@gmail.com',939380318);
INSERT INTO student_credential(usn,password)VALUES('1PI18CSE18','1PI18CSE18');
INSERT INTO student(usn,name,sem,dept,email,mob) VALUES('1PI18CSE19','zazcp',3,'CSE','zazcp@gmail.com',939380319);
INSERT INTO student_credential(usn,password)VALUES('1PI18CSE19','1PI18CSE19');
INSERT INTO student(usn,name,sem,dept,email,mob) VALUES('1PI18CSE20','khktk',3,'CSE','khktk@gmail.com',939380320);
INSERT INTO student_credential(usn,password)VALUES('1PI18CSE20','1PI18CSE20');
INSERT INTO student(usn,name,sem,dept,email,mob) VALUES('1PI18CSE21','ydziv',3,'CSE','ydziv@gmail.com',939380321);
INSERT INTO student_credential(usn,password)VALUES('1PI18CSE21','1PI18CSE21');
INSERT INTO student(usn,name,sem,dept,email,mob) VALUES('1PI18CSE22','cuypu',3,'CSE','cuypu@gmail.com',939380322);
INSERT INTO student_credential(usn,password)VALUES('1PI18CSE22','1PI18CSE22');
INSERT INTO student(usn,name,sem,dept,email,mob) VALUES('1PI18CSE23','rfmbi',3,'CSE','rfmbi@gmail.com',939380323);
INSERT INTO student_credential(usn,password)VALUES('1PI18CSE23','1PI18CSE23');
INSERT INTO student(usn,name,sem,dept,email,mob) VALUES('1PI18CSE24','sgeky',3,'CSE','sgeky@gmail.com',939380324);
INSERT INTO student_credential(usn,password)VALUES('1PI18CSE24','1PI18CSE24');
INSERT INTO student(usn,name,sem,dept,email,mob) VALUES('1PI18CSE25','rgzvx',3,'CSE','rgzvx@gmail.com',939380325);
INSERT INTO student_credential(usn,password)VALUES('1PI18CSE25','1PI18CSE25');
INSERT INTO student(usn,name,sem,dept,email,mob) VALUES('1PI18CSE26','dhpoa',3,'CSE','dhpoa@gmail.com',939380326);
INSERT INTO student_credential(usn,password)VALUES('1PI18CSE26','1PI18CSE26');
INSERT INTO student(usn,name,sem,dept,email,mob) VALUES('1PI18CSE27','mvafy',3,'CSE','mvafy@gmail.com',939380327);
INSERT INTO student_credential(usn,password)VALUES('1PI18CSE27','1PI18CSE27');
INSERT INTO student(usn,name,sem,dept,email,mob) VALUES('1PI18CSE28','rarxs',3,'CSE','rarxs@gmail.com',939380328);
INSERT INTO student_credential(usn,password)VALUES('1PI18CSE28','1PI18CSE28');
INSERT INTO student(usn,name,sem,dept,email,mob) VALUES('1PI18CSE29','vkhtq',3,'CSE','vkhtq@gmail.com',939380329);
INSERT INTO student_credential(usn,password)VALUES('1PI18CSE29','1PI18CSE29');
INSERT INTO student(usn,name,sem,dept,email,mob) VALUES('1PI18CSE30','diher',3,'CSE','diher@gmail.com',939380330);
INSERT INTO student_credential(usn,password)VALUES('1PI18CSE30','1PI18CSE30');
INSERT INTO student(usn,name,sem,dept,email,mob) VALUES('1PI18CSE31','sigbh',3,'CSE','sigbh@gmail.com',939380331);
INSERT INTO student_credential(usn,password)VALUES('1PI18CSE31','1PI18CSE31');
INSERT INTO student(usn,name,sem,dept,email,mob) VALUES('1PI18CSE32','zjzuj',3,'CSE','zjzuj@gmail.com',939380332);
INSERT INTO student_credential(usn,password)VALUES('1PI18CSE32','1PI18CSE32');
INSERT INTO student(usn,name,sem,dept,email,mob) VALUES('1PI18CSE33','xmmys',3,'CSE','xmmys@gmail.com',939380333);
INSERT INTO student_credential(usn,password)VALUES('1PI18CSE33','1PI18CSE33');
INSERT INTO student(usn,name,sem,dept,email,mob) VALUES('1PI18CSE34','pnara',3,'CSE','pnara@gmail.com',939380334);
INSERT INTO student_credential(usn,password)VALUES('1PI18CSE34','1PI18CSE34');
INSERT INTO student(usn,name,sem,dept,email,mob) VALUES('1PI18CSE35','ewkeg',3,'CSE','ewkeg@gmail.com',939380335);
INSERT INTO student_credential(usn,password)VALUES('1PI18CSE35','1PI18CSE35');
INSERT INTO student(usn,name,sem,dept,email,mob) VALUES('1PI18CSE36','jccvh',3,'CSE','jccvh@gmail.com',939380336);
INSERT INTO student_credential(usn,password)VALUES('1PI18CSE36','1PI18CSE36');
INSERT INTO student(usn,name,sem,dept,email,mob) VALUES('1PI18CSE37','hrjvb',3,'CSE','hrjvb@gmail.com',939380337);
INSERT INTO student_credential(usn,password)VALUES('1PI18CSE37','1PI18CSE37');
INSERT INTO student(usn,name,sem,dept,email,mob) VALUES('1PI18CSE38','jtsqd',3,'CSE','jtsqd@gmail.com',939380338);
INSERT INTO student_credential(usn,password)VALUES('1PI18CSE38','1PI18CSE38');
INSERT INTO student(usn,name,sem,dept,email,mob) VALUES('1PI18CSE39','jootg',3,'CSE','jootg@gmail.com',939380339);
INSERT INTO student_credential(usn,password)VALUES('1PI18CSE39','1PI18CSE39');
INSERT INTO student(usn,name,sem,dept,email,mob) VALUES('1PI18CSE40','pknfp',3,'CSE','pknfp@gmail.com',939380340);
INSERT INTO student_credential(usn,password)VALUES('1PI18CSE40','1PI18CSE40');
INSERT INTO student(usn,name,sem,dept,email,mob) VALUES('1PI18CSE41','fycgf',3,'CSE','fycgf@gmail.com',939380341);
INSERT INTO student_credential(usn,password)VALUES('1PI18CSE41','1PI18CSE41');
INSERT INTO student(usn,name,sem,dept,email,mob) VALUES('1PI18CSE42','ieowq',3,'CSE','ieowq@gmail.com',939380342);
INSERT INTO student_credential(usn,password)VALUES('1PI18CSE42','1PI18CSE42');
INSERT INTO student(usn,name,sem,dept,email,mob) VALUES('1PI18CSE43','rwwwp',3,'CSE','rwwwp@gmail.com',939380343);
INSERT INTO student_credential(usn,password)VALUES('1PI18CSE43','1PI18CSE43');
INSERT INTO student(usn,name,sem,dept,email,mob) VALUES('1PI18CSE44','zsqme',3,'CSE','zsqme@gmail.com',939380344);
INSERT INTO student_credential(usn,password)VALUES('1PI18CSE44','1PI18CSE44');
INSERT INTO student(usn,name,sem,dept,email,mob) VALUES('1PI18CSE45','togep',3,'CSE','togep@gmail.com',939380345);
INSERT INTO student_credential(usn,password)VALUES('1PI18CSE45','1PI18CSE45');
INSERT INTO student(usn,name,sem,dept,email,mob) VALUES('1PI18CSE46','spxnv',3,'CSE','spxnv@gmail.com',939380346);
INSERT INTO student_credential(usn,password)VALUES('1PI18CSE46','1PI18CSE46');
INSERT INTO student(usn,name,sem,dept,email,mob) VALUES('1PI18CSE47','jiupa',3,'CSE','jiupa@gmail.com',939380347);
INSERT INTO student_credential(usn,password)VALUES('1PI18CSE47','1PI18CSE47');
INSERT INTO student(usn,name,sem,dept,email,mob) VALUES('1PI18CSE48','lyynm',3,'CSE','lyynm@gmail.com',939380348);
INSERT INTO student_credential(usn,password)VALUES('1PI18CSE48','1PI18CSE48');
INSERT INTO student(usn,name,sem,dept,email,mob) VALUES('1PI18CSE49','kmnuv',3,'CSE','kmnuv@gmail.com',939380349);
INSERT INTO student_credential(usn,password)VALUES('1PI18CSE49','1PI18CSE49');
INSERT INTO student(usn,name,sem,dept,email,mob) VALUES('1PI18CSE50','klhse',3,'CSE','klhse@gmail.com',939380350);
INSERT INTO student_credential(usn,password)VALUES('1PI18CSE50','1PI18CSE50');
INSERT INTO student(usn,name,sem,dept,email,mob) VALUES('1PI18CSE51','cdwra',3,'CSE','cdwra@gmail.com',939380351);
INSERT INTO student_credential(usn,password)VALUES('1PI18CSE51','1PI18CSE51');
INSERT INTO student(usn,name,sem,dept,email,mob) VALUES('1PI18CSE52','cgfmz',3,'CSE','cgfmz@gmail.com',939380352);
INSERT INTO student_credential(usn,password)VALUES('1PI18CSE52','1PI18CSE52');
INSERT INTO student(usn,name,sem,dept,email,mob) VALUES('1PI18CSE53','kgipd',3,'CSE','kgipd@gmail.com',939380353);
INSERT INTO student_credential(usn,password)VALUES('1PI18CSE53','1PI18CSE53');
INSERT INTO student(usn,name,sem,dept,email,mob) VALUES('1PI18CSE54','fodkj',3,'CSE','fodkj@gmail.com',939380354);
INSERT INTO student_credential(usn,password)VALUES('1PI18CSE54','1PI18CSE54');
INSERT INTO student(usn,name,sem,dept,email,mob) VALUES('1PI18CSE55','mjqwi',3,'CSE','mjqwi@gmail.com',939380355);
INSERT INTO student_credential(usn,password)VALUES('1PI18CSE55','1PI18CSE55');
INSERT INTO student(usn,name,sem,dept,email,mob) VALUES('1PI18CSE56','qpuoq',3,'CSE','qpuoq@gmail.com',939380356);
INSERT INTO student_credential(usn,password)VALUES('1PI18CSE56','1PI18CSE56');
INSERT INTO student(usn,name,sem,dept,email,mob) VALUES('1PI18CSE57','himvf',3,'CSE','himvf@gmail.com',939380357);
INSERT INTO student_credential(usn,password)VALUES('1PI18CSE57','1PI18CSE57');
INSERT INTO student(usn,name,sem,dept,email,mob) VALUES('1PI18CSE58','vuzwy',3,'CSE','vuzwy@gmail.com',939380358);
INSERT INTO student_credential(usn,password)VALUES('1PI18CSE58','1PI18CSE58');
INSERT INTO student(usn,name,sem,dept,email,mob) VALUES('1PI18CSE59','vijgf',3,'CSE','vijgf@gmail.com',939380359);
INSERT INTO student_credential(usn,password)VALUES('1PI18CSE59','1PI18CSE59');
INSERT INTO student(usn,name,sem,dept,email,mob) VALUES('1PI18CSE60','ullkj',3,'CSE','ullkj@gmail.com',939380360);
INSERT INTO student_credential(usn,password)VALUES('1PI18CSE60','1PI18CSE60');
INSERT INTO student(usn,name,sem,dept,email,mob) VALUES('1PI18CSE61','duhsj',3,'CSE','duhsj@gmail.com',939380361);
INSERT INTO student_credential(usn,password)VALUES('1PI18CSE61','1PI18CSE61');
INSERT INTO student(usn,name,sem,dept,email,mob) VALUES('1PI18CSE62','afbtl',3,'CSE','afbtl@gmail.com',939380362);
INSERT INTO student_credential(usn,password)VALUES('1PI18CSE62','1PI18CSE62');
INSERT INTO student(usn,name,sem,dept,email,mob) VALUES('1PI18CSE63','kmfqr',3,'CSE','kmfqr@gmail.com',939380363);
INSERT INTO student_credential(usn,password)VALUES('1PI18CSE63','1PI18CSE63');
INSERT INTO student(usn,name,sem,dept,email,mob) VALUES('1PI18CSE64','myjfj',3,'CSE','myjfj@gmail.com',939380364);
INSERT INTO student_credential(usn,password)VALUES('1PI18CSE64','1PI18CSE64');
INSERT INTO student(usn,name,sem,dept,email,mob) VALUES('1PI18CSE65','nhhss',3,'CSE','nhhss@gmail.com',939380365);
INSERT INTO student_credential(usn,password)VALUES('1PI18CSE65','1PI18CSE65');
INSERT INTO student(usn,name,sem,dept,email,mob) VALUES('1PI18CSE66','qctyd',3,'CSE','qctyd@gmail.com',939380366);
INSERT INTO student_credential(usn,password)VALUES('1PI18CSE66','1PI18CSE66');
INSERT INTO student(usn,name,sem,dept,email,mob) VALUES('1PI18CSE67','teamd',3,'CSE','teamd@gmail.com',939380367);
INSERT INTO student_credential(usn,password)VALUES('1PI18CSE67','1PI18CSE67');
INSERT INTO student(usn,name,sem,dept,email,mob) VALUES('1PI18CSE68','cjbpr',3,'CSE','cjbpr@gmail.com',939380368);
INSERT INTO student_credential(usn,password)VALUES('1PI18CSE68','1PI18CSE68');
INSERT INTO student(usn,name,sem,dept,email,mob) VALUES('1PI18CSE69','htneg',3,'CSE','htneg@gmail.com',939380369);
INSERT INTO student_credential(usn,password)VALUES('1PI18CSE69','1PI18CSE69');
INSERT INTO student(usn,name,sem,dept,email,mob) VALUES('1PI18CSE70','yiwxg',3,'CSE','yiwxg@gmail.com',939380370);
INSERT INTO student_credential(usn,password)VALUES('1PI18CSE70','1PI18CSE70');
INSERT INTO student(usn,name,sem,dept,email,mob) VALUES('1PI18CSE71','cjwlg',3,'CSE','cjwlg@gmail.com',939380371);
INSERT INTO student_credential(usn,password)VALUES('1PI18CSE71','1PI18CSE71');
INSERT INTO student(usn,name,sem,dept,email,mob) VALUES('1PI18CSE72','rsmea',3,'CSE','rsmea@gmail.com',939380372);
INSERT INTO student_credential(usn,password)VALUES('1PI18CSE72','1PI18CSE72');
INSERT INTO student(usn,name,sem,dept,email,mob) VALUES('1PI18CSE73','earwt',3,'CSE','earwt@gmail.com',939380373);
INSERT INTO student_credential(usn,password)VALUES('1PI18CSE73','1PI18CSE73');
INSERT INTO student(usn,name,sem,dept,email,mob) VALUES('1PI18CSE74','vjsjb',3,'CSE','vjsjb@gmail.com',939380374);
INSERT INTO student_credential(usn,password)VALUES('1PI18CSE74','1PI18CSE74');
INSERT INTO student(usn,name,sem,dept,email,mob) VALUES('1PI18CSE75','aoioj',3,'CSE','aoioj@gmail.com',939380375);
INSERT INTO student_credential(usn,password)VALUES('1PI18CSE75','1PI18CSE75');
INSERT INTO student(usn,name,sem,dept,email,mob) VALUES('1PI18CSE76','lwhyp',3,'CSE','lwhyp@gmail.com',939380376);
INSERT INTO student_credential(usn,password)VALUES('1PI18CSE76','1PI18CSE76');
INSERT INTO student(usn,name,sem,dept,email,mob) VALUES('1PI18CSE77','nvrui',3,'CSE','nvrui@gmail.com',939380377);
INSERT INTO student_credential(usn,password)VALUES('1PI18CSE77','1PI18CSE77');
INSERT INTO student(usn,name,sem,dept,email,mob) VALUES('1PI18CSE78','hoswk',3,'CSE','hoswk@gmail.com',939380378);
INSERT INTO student_credential(usn,password)VALUES('1PI18CSE78','1PI18CSE78');
INSERT INTO student(usn,name,sem,dept,email,mob) VALUES('1PI18CSE79','ifygt',3,'CSE','ifygt@gmail.com',939380379);
INSERT INTO student_credential(usn,password)VALUES('1PI18CSE79','1PI18CSE79');
INSERT INTO student(usn,name,sem,dept,email,mob) VALUES('1PI18CSE80','ydhac',3,'CSE','ydhac@gmail.com',939380380);
INSERT INTO student_credential(usn,password)VALUES('1PI18CSE80','1PI18CSE80');
INSERT INTO student(usn,name,sem,dept,email,mob) VALUES('1PI18CSE81','wyhsg',3,'CSE','wyhsg@gmail.com',939380381);
INSERT INTO student_credential(usn,password)VALUES('1PI18CSE81','1PI18CSE81');
INSERT INTO student(usn,name,sem,dept,email,mob) VALUES('1PI18CSE82','ewzmt',3,'CSE','ewzmt@gmail.com',939380382);
INSERT INTO student_credential(usn,password)VALUES('1PI18CSE82','1PI18CSE82');
INSERT INTO student(usn,name,sem,dept,email,mob) VALUES('1PI18CSE83','gonzl',3,'CSE','gonzl@gmail.com',939380383);
INSERT INTO student_credential(usn,password)VALUES('1PI18CSE83','1PI18CSE83');
INSERT INTO student(usn,name,sem,dept,email,mob) VALUES('1PI18CSE84','tjhga',3,'CSE','tjhga@gmail.com',939380384);
INSERT INTO student_credential(usn,password)VALUES('1PI18CSE84','1PI18CSE84');
INSERT INTO student(usn,name,sem,dept,email,mob) VALUES('1PI18CSE85','uhnih',3,'CSE','uhnih@gmail.com',939380385);
INSERT INTO student_credential(usn,password)VALUES('1PI18CSE85','1PI18CSE85');
INSERT INTO student(usn,name,sem,dept,email,mob) VALUES('1PI18CSE86','reqgj',3,'CSE','reqgj@gmail.com',939380386);
INSERT INTO student_credential(usn,password)VALUES('1PI18CSE86','1PI18CSE86');
INSERT INTO student(usn,name,sem,dept,email,mob) VALUES('1PI18CSE87','fwkjs',3,'CSE','fwkjs@gmail.com',939380387);
INSERT INTO student_credential(usn,password)VALUES('1PI18CSE87','1PI18CSE87');
INSERT INTO student(usn,name,sem,dept,email,mob) VALUES('1PI18CSE88','mtpjh',3,'CSE','mtpjh@gmail.com',939380388);
INSERT INTO student_credential(usn,password)VALUES('1PI18CSE88','1PI18CSE88');
INSERT INTO student(usn,name,sem,dept,email,mob) VALUES('1PI18CSE89','aefqz',3,'CSE','aefqz@gmail.com',939380389);
INSERT INTO student_credential(usn,password)VALUES('1PI18CSE89','1PI18CSE89');
INSERT INTO student(usn,name,sem,dept,email,mob) VALUES('1PI18CSE90','aauld',3,'CSE','aauld@gmail.com',939380390);
INSERT INTO student_credential(usn,password)VALUES('1PI18CSE90','1PI18CSE90');
INSERT INTO student(usn,name,sem,dept,email,mob) VALUES('1PI18CSE91','rchjc',3,'CSE','rchjc@gmail.com',939380391);
INSERT INTO student_credential(usn,password)VALUES('1PI18CSE91','1PI18CSE91');
INSERT INTO student(usn,name,sem,dept,email,mob) VALUES('1PI18CSE92','cdyrf',3,'CSE','cdyrf@gmail.com',939380392);
INSERT INTO student_credential(usn,password)VALUES('1PI18CSE92','1PI18CSE92');
INSERT INTO student(usn,name,sem,dept,email,mob) VALUES('1PI18CSE93','vvriv',3,'CSE','vvriv@gmail.com',939380393);
INSERT INTO student_credential(usn,password)VALUES('1PI18CSE93','1PI18CSE93');
INSERT INTO student(usn,name,sem,dept,email,mob) VALUES('1PI18CSE94','uyeeg',3,'CSE','uyeeg@gmail.com',939380394);
INSERT INTO student_credential(usn,password)VALUES('1PI18CSE94','1PI18CSE94');
INSERT INTO student(usn,name,sem,dept,email,mob) VALUES('1PI18CSE95','fivdr',3,'CSE','fivdr@gmail.com',939380395);
INSERT INTO student_credential(usn,password)VALUES('1PI18CSE95','1PI18CSE95');
INSERT INTO student(usn,name,sem,dept,email,mob) VALUES('1PI18CSE96','cygur',3,'CSE','cygur@gmail.com',939380396);
INSERT INTO student_credential(usn,password)VALUES('1PI18CSE96','1PI18CSE96');
INSERT INTO student(usn,name,sem,dept,email,mob) VALUES('1PI18CSE97','qdred',3,'CSE','qdred@gmail.com',939380397);
INSERT INTO student_credential(usn,password)VALUES('1PI18CSE97','1PI18CSE97');
INSERT INTO student(usn,name,sem,dept,email,mob) VALUES('1PI18CSE98','akubn',3,'CSE','akubn@gmail.com',939380398);
INSERT INTO student_credential(usn,password)VALUES('1PI18CSE98','1PI18CSE98');
INSERT INTO student(usn,name,sem,dept,email,mob) VALUES('1PI18CSE99','fgupr',3,'CSE','fgupr@gmail.com',939380399);
INSERT INTO student_credential(usn,password)VALUES('1PI18CSE99','1PI18CSE99');
INSERT INTO student(usn,name,sem,dept,email,mob) VALUES('1PI20CSE0','oqylo',1,'CSE','oqylo@gmail.com',939380100);
INSERT INTO student_credential(usn,password)VALUES('1PI20CSE0','1PI20CSE0');
INSERT INTO student(usn,name,sem,dept,email,mob) VALUES('1PI20CSE1','bcwqx',1,'CSE','bcwqx@gmail.com',939380101);
INSERT INTO student_credential(usn,password)VALUES('1PI20CSE1','1PI20CSE1');
INSERT INTO student(usn,name,sem,dept,email,mob) VALUES('1PI20CSE2','kzmau',1,'CSE','kzmau@gmail.com',939380102);
INSERT INTO student_credential(usn,password)VALUES('1PI20CSE2','1PI20CSE2');
INSERT INTO student(usn,name,sem,dept,email,mob) VALUES('1PI20CSE3','sjgmh',1,'CSE','sjgmh@gmail.com',939380103);
INSERT INTO student_credential(usn,password)VALUES('1PI20CSE3','1PI20CSE3');
INSERT INTO student(usn,name,sem,dept,email,mob) VALUES('1PI20CSE4','cmhgd',1,'CSE','cmhgd@gmail.com',939380104);
INSERT INTO student_credential(usn,password)VALUES('1PI20CSE4','1PI20CSE4');
INSERT INTO student(usn,name,sem,dept,email,mob) VALUES('1PI20CSE5','nmphn',1,'CSE','nmphn@gmail.com',939380105);
INSERT INTO student_credential(usn,password)VALUES('1PI20CSE5','1PI20CSE5');
INSERT INTO student(usn,name,sem,dept,email,mob) VALUES('1PI20CSE6','qkamh',1,'CSE','qkamh@gmail.com',939380106);
INSERT INTO student_credential(usn,password)VALUES('1PI20CSE6','1PI20CSE6');
INSERT INTO student(usn,name,sem,dept,email,mob) VALUES('1PI20CSE7','urktr',1,'CSE','urktr@gmail.com',939380107);
INSERT INTO student_credential(usn,password)VALUES('1PI20CSE7','1PI20CSE7');
INSERT INTO student(usn,name,sem,dept,email,mob) VALUES('1PI20CSE8','ffacl',1,'CSE','ffacl@gmail.com',939380108);
INSERT INTO student_credential(usn,password)VALUES('1PI20CSE8','1PI20CSE8');
INSERT INTO student(usn,name,sem,dept,email,mob) VALUES('1PI20CSE9','vgrzk',1,'CSE','vgrzk@gmail.com',939380109);
INSERT INTO student_credential(usn,password)VALUES('1PI20CSE9','1PI20CSE9');
INSERT INTO student(usn,name,sem,dept,email,mob) VALUES('1PI20CSE10','kldac',1,'CSE','kldac@gmail.com',939380110);
INSERT INTO student_credential(usn,password)VALUES('1PI20CSE10','1PI20CSE10');
INSERT INTO student(usn,name,sem,dept,email,mob) VALUES('1PI20CSE11','llteo',1,'CSE','llteo@gmail.com',939380111);
INSERT INTO student_credential(usn,password)VALUES('1PI20CSE11','1PI20CSE11');
INSERT INTO student(usn,name,sem,dept,email,mob) VALUES('1PI20CSE12','jomon',1,'CSE','jomon@gmail.com',939380112);
INSERT INTO student_credential(usn,password)VALUES('1PI20CSE12','1PI20CSE12');
INSERT INTO student(usn,name,sem,dept,email,mob) VALUES('1PI20CSE13','xrqyj',1,'CSE','xrqyj@gmail.com',939380113);
INSERT INTO student_credential(usn,password)VALUES('1PI20CSE13','1PI20CSE13');
INSERT INTO student(usn,name,sem,dept,email,mob) VALUES('1PI20CSE14','zginr',1,'CSE','zginr@gmail.com',939380114);
INSERT INTO student_credential(usn,password)VALUES('1PI20CSE14','1PI20CSE14');
INSERT INTO student(usn,name,sem,dept,email,mob) VALUES('1PI20CSE15','nnzwa',1,'CSE','nnzwa@gmail.com',939380115);
INSERT INTO student_credential(usn,password)VALUES('1PI20CSE15','1PI20CSE15');
INSERT INTO student(usn,name,sem,dept,email,mob) VALUES('1PI20CSE16','cxxae',1,'CSE','cxxae@gmail.com',939380116);
INSERT INTO student_credential(usn,password)VALUES('1PI20CSE16','1PI20CSE16');
INSERT INTO student(usn,name,sem,dept,email,mob) VALUES('1PI20CSE17','drwud',1,'CSE','drwud@gmail.com',939380117);
INSERT INTO student_credential(usn,password)VALUES('1PI20CSE17','1PI20CSE17');
INSERT INTO student(usn,name,sem,dept,email,mob) VALUES('1PI20CSE18','xzrfu',1,'CSE','xzrfu@gmail.com',939380118);
INSERT INTO student_credential(usn,password)VALUES('1PI20CSE18','1PI20CSE18');
INSERT INTO student(usn,name,sem,dept,email,mob) VALUES('1PI20CSE19','sewjt',1,'CSE','sewjt@gmail.com',939380119);
INSERT INTO student_credential(usn,password)VALUES('1PI20CSE19','1PI20CSE19');
INSERT INTO student(usn,name,sem,dept,email,mob) VALUES('1PI20CSE20','boxvy',1,'CSE','boxvy@gmail.com',939380120);
INSERT INTO student_credential(usn,password)VALUES('1PI20CSE20','1PI20CSE20');
INSERT INTO student(usn,name,sem,dept,email,mob) VALUES('1PI20CSE21','nfhks',1,'CSE','nfhks@gmail.com',939380121);
INSERT INTO student_credential(usn,password)VALUES('1PI20CSE21','1PI20CSE21');
INSERT INTO student(usn,name,sem,dept,email,mob) VALUES('1PI20CSE22','tcena',1,'CSE','tcena@gmail.com',939380122);
INSERT INTO student_credential(usn,password)VALUES('1PI20CSE22','1PI20CSE22');
INSERT INTO student(usn,name,sem,dept,email,mob) VALUES('1PI20CSE23','umndd',1,'CSE','umndd@gmail.com',939380123);
INSERT INTO student_credential(usn,password)VALUES('1PI20CSE23','1PI20CSE23');
INSERT INTO student(usn,name,sem,dept,email,mob) VALUES('1PI20CSE24','xfdmv',1,'CSE','xfdmv@gmail.com',939380124);
INSERT INTO student_credential(usn,password)VALUES('1PI20CSE24','1PI20CSE24');
INSERT INTO student(usn,name,sem,dept,email,mob) VALUES('1PI20CSE25','zcaut',1,'CSE','zcaut@gmail.com',939380125);
INSERT INTO student_credential(usn,password)VALUES('1PI20CSE25','1PI20CSE25');
INSERT INTO student(usn,name,sem,dept,email,mob) VALUES('1PI20CSE26','dcckx',1,'CSE','dcckx@gmail.com',939380126);
INSERT INTO student_credential(usn,password)VALUES('1PI20CSE26','1PI20CSE26');
INSERT INTO student(usn,name,sem,dept,email,mob) VALUES('1PI20CSE27','aaydz',1,'CSE','aaydz@gmail.com',939380127);
INSERT INTO student_credential(usn,password)VALUES('1PI20CSE27','1PI20CSE27');
INSERT INTO student(usn,name,sem,dept,email,mob) VALUES('1PI20CSE28','sxtto',1,'CSE','sxtto@gmail.com',939380128);
INSERT INTO student_credential(usn,password)VALUES('1PI20CSE28','1PI20CSE28');
INSERT INTO student(usn,name,sem,dept,email,mob) VALUES('1PI20CSE29','bbgqn',1,'CSE','bbgqn@gmail.com',939380129);
INSERT INTO student_credential(usn,password)VALUES('1PI20CSE29','1PI20CSE29');
INSERT INTO student(usn,name,sem,dept,email,mob) VALUES('1PI20CSE30','gvvpj',1,'CSE','gvvpj@gmail.com',939380130);
INSERT INTO student_credential(usn,password)VALUES('1PI20CSE30','1PI20CSE30');
INSERT INTO student(usn,name,sem,dept,email,mob) VALUES('1PI20CSE31','gojog',1,'CSE','gojog@gmail.com',939380131);
INSERT INTO student_credential(usn,password)VALUES('1PI20CSE31','1PI20CSE31');
INSERT INTO student(usn,name,sem,dept,email,mob) VALUES('1PI20CSE32','lmkxg',1,'CSE','lmkxg@gmail.com',939380132);
INSERT INTO student_credential(usn,password)VALUES('1PI20CSE32','1PI20CSE32');
INSERT INTO student(usn,name,sem,dept,email,mob) VALUES('1PI20CSE33','bfcpy',1,'CSE','bfcpy@gmail.com',939380133);
INSERT INTO student_credential(usn,password)VALUES('1PI20CSE33','1PI20CSE33');
INSERT INTO student(usn,name,sem,dept,email,mob) VALUES('1PI20CSE34','pckqc',1,'CSE','pckqc@gmail.com',939380134);
INSERT INTO student_credential(usn,password)VALUES('1PI20CSE34','1PI20CSE34');
INSERT INTO student(usn,name,sem,dept,email,mob) VALUES('1PI20CSE35','hbddz',1,'CSE','hbddz@gmail.com',939380135);
INSERT INTO student_credential(usn,password)VALUES('1PI20CSE35','1PI20CSE35');
INSERT INTO student(usn,name,sem,dept,email,mob) VALUES('1PI20CSE36','wrxbz',1,'CSE','wrxbz@gmail.com',939380136);
INSERT INTO student_credential(usn,password)VALUES('1PI20CSE36','1PI20CSE36');
INSERT INTO student(usn,name,sem,dept,email,mob) VALUES('1PI20CSE37','mqrlx',1,'CSE','mqrlx@gmail.com',939380137);
INSERT INTO student_credential(usn,password)VALUES('1PI20CSE37','1PI20CSE37');
INSERT INTO student(usn,name,sem,dept,email,mob) VALUES('1PI20CSE38','vobtw',1,'CSE','vobtw@gmail.com',939380138);
INSERT INTO student_credential(usn,password)VALUES('1PI20CSE38','1PI20CSE38');
INSERT INTO student(usn,name,sem,dept,email,mob) VALUES('1PI20CSE39','hxgin',1,'CSE','hxgin@gmail.com',939380139);
INSERT INTO student_credential(usn,password)VALUES('1PI20CSE39','1PI20CSE39');
INSERT INTO student(usn,name,sem,dept,email,mob) VALUES('1PI20CSE40','fgfrc',1,'CSE','fgfrc@gmail.com',939380140);
INSERT INTO student_credential(usn,password)VALUES('1PI20CSE40','1PI20CSE40');
INSERT INTO student(usn,name,sem,dept,email,mob) VALUES('1PI20CSE41','clmzn',1,'CSE','clmzn@gmail.com',939380141);
INSERT INTO student_credential(usn,password)VALUES('1PI20CSE41','1PI20CSE41');
INSERT INTO student(usn,name,sem,dept,email,mob) VALUES('1PI20CSE42','mjugw',1,'CSE','mjugw@gmail.com',939380142);
INSERT INTO student_credential(usn,password)VALUES('1PI20CSE42','1PI20CSE42');
INSERT INTO student(usn,name,sem,dept,email,mob) VALUES('1PI20CSE43','wbsqf',1,'CSE','wbsqf@gmail.com',939380143);
INSERT INTO student_credential(usn,password)VALUES('1PI20CSE43','1PI20CSE43');
INSERT INTO student(usn,name,sem,dept,email,mob) VALUES('1PI20CSE44','cihub',1,'CSE','cihub@gmail.com',939380144);
INSERT INTO student_credential(usn,password)VALUES('1PI20CSE44','1PI20CSE44');
INSERT INTO student(usn,name,sem,dept,email,mob) VALUES('1PI20CSE45','sjoll',1,'CSE','sjoll@gmail.com',939380145);
INSERT INTO student_credential(usn,password)VALUES('1PI20CSE45','1PI20CSE45');
INSERT INTO student(usn,name,sem,dept,email,mob) VALUES('1PI20CSE46','msqsg',1,'CSE','msqsg@gmail.com',939380146);
INSERT INTO student_credential(usn,password)VALUES('1PI20CSE46','1PI20CSE46');
INSERT INTO student(usn,name,sem,dept,email,mob) VALUES('1PI20CSE47','hmcph',1,'CSE','hmcph@gmail.com',939380147);
INSERT INTO student_credential(usn,password)VALUES('1PI20CSE47','1PI20CSE47');
INSERT INTO student(usn,name,sem,dept,email,mob) VALUES('1PI20CSE48','elsot',1,'CSE','elsot@gmail.com',939380148);
INSERT INTO student_credential(usn,password)VALUES('1PI20CSE48','1PI20CSE48');
INSERT INTO student(usn,name,sem,dept,email,mob) VALUES('1PI20CSE49','flbgs',1,'CSE','flbgs@gmail.com',939380149);
INSERT INTO student_credential(usn,password)VALUES('1PI20CSE49','1PI20CSE49');
INSERT INTO student(usn,name,sem,dept,email,mob) VALUES('1PI20CSE50','fnpcu',1,'CSE','fnpcu@gmail.com',939380150);
INSERT INTO student_credential(usn,password)VALUES('1PI20CSE50','1PI20CSE50');
INSERT INTO student(usn,name,sem,dept,email,mob) VALUES('1PI20CSE51','zsrup',1,'CSE','zsrup@gmail.com',939380151);
INSERT INTO student_credential(usn,password)VALUES('1PI20CSE51','1PI20CSE51');
INSERT INTO student(usn,name,sem,dept,email,mob) VALUES('1PI20CSE52','chynv',1,'CSE','chynv@gmail.com',939380152);
INSERT INTO student_credential(usn,password)VALUES('1PI20CSE52','1PI20CSE52');
INSERT INTO student(usn,name,sem,dept,email,mob) VALUES('1PI20CSE53','zhcpq',1,'CSE','zhcpq@gmail.com',939380153);
INSERT INTO student_credential(usn,password)VALUES('1PI20CSE53','1PI20CSE53');
INSERT INTO student(usn,name,sem,dept,email,mob) VALUES('1PI20CSE54','ugriw',1,'CSE','ugriw@gmail.com',939380154);
INSERT INTO student_credential(usn,password)VALUES('1PI20CSE54','1PI20CSE54');
INSERT INTO student(usn,name,sem,dept,email,mob) VALUES('1PI20CSE55','niqxd',1,'CSE','niqxd@gmail.com',939380155);
INSERT INTO student_credential(usn,password)VALUES('1PI20CSE55','1PI20CSE55');
INSERT INTO student(usn,name,sem,dept,email,mob) VALUES('1PI20CSE56','fjpwp',1,'CSE','fjpwp@gmail.com',939380156);
INSERT INTO student_credential(usn,password)VALUES('1PI20CSE56','1PI20CSE56');
INSERT INTO student(usn,name,sem,dept,email,mob) VALUES('1PI20CSE57','xfblk',1,'CSE','xfblk@gmail.com',939380157);
INSERT INTO student_credential(usn,password)VALUES('1PI20CSE57','1PI20CSE57');
INSERT INTO student(usn,name,sem,dept,email,mob) VALUES('1PI20CSE58','pnpee',1,'CSE','pnpee@gmail.com',939380158);
INSERT INTO student_credential(usn,password)VALUES('1PI20CSE58','1PI20CSE58');
INSERT INTO student(usn,name,sem,dept,email,mob) VALUES('1PI20CSE59','lfjmt',1,'CSE','lfjmt@gmail.com',939380159);
INSERT INTO student_credential(usn,password)VALUES('1PI20CSE59','1PI20CSE59');
INSERT INTO student(usn,name,sem,dept,email,mob) VALUES('1PI20CSE60','kuqpz',1,'CSE','kuqpz@gmail.com',939380160);
INSERT INTO student_credential(usn,password)VALUES('1PI20CSE60','1PI20CSE60');
INSERT INTO student(usn,name,sem,dept,email,mob) VALUES('1PI20CSE61','omwnl',1,'CSE','omwnl@gmail.com',939380161);
INSERT INTO student_credential(usn,password)VALUES('1PI20CSE61','1PI20CSE61');
INSERT INTO student(usn,name,sem,dept,email,mob) VALUES('1PI20CSE62','mbupm',1,'CSE','mbupm@gmail.com',939380162);
INSERT INTO student_credential(usn,password)VALUES('1PI20CSE62','1PI20CSE62');
INSERT INTO student(usn,name,sem,dept,email,mob) VALUES('1PI20CSE63','ktlpt',1,'CSE','ktlpt@gmail.com',939380163);
INSERT INTO student_credential(usn,password)VALUES('1PI20CSE63','1PI20CSE63');
INSERT INTO student(usn,name,sem,dept,email,mob) VALUES('1PI20CSE64','ndmpd',1,'CSE','ndmpd@gmail.com',939380164);
INSERT INTO student_credential(usn,password)VALUES('1PI20CSE64','1PI20CSE64');
INSERT INTO student(usn,name,sem,dept,email,mob) VALUES('1PI20CSE65','sydsg',1,'CSE','sydsg@gmail.com',939380165);
INSERT INTO student_credential(usn,password)VALUES('1PI20CSE65','1PI20CSE65');
INSERT INTO student(usn,name,sem,dept,email,mob) VALUES('1PI20CSE66','vfpen',1,'CSE','vfpen@gmail.com',939380166);
INSERT INTO student_credential(usn,password)VALUES('1PI20CSE66','1PI20CSE66');
INSERT INTO student(usn,name,sem,dept,email,mob) VALUES('1PI20CSE67','emwbo',1,'CSE','emwbo@gmail.com',939380167);
INSERT INTO student_credential(usn,password)VALUES('1PI20CSE67','1PI20CSE67');
INSERT INTO student(usn,name,sem,dept,email,mob) VALUES('1PI20CSE68','rifsu',1,'CSE','rifsu@gmail.com',939380168);
INSERT INTO student_credential(usn,password)VALUES('1PI20CSE68','1PI20CSE68');
INSERT INTO student(usn,name,sem,dept,email,mob) VALUES('1PI20CSE69','qhces',1,'CSE','qhces@gmail.com',939380169);
INSERT INTO student_credential(usn,password)VALUES('1PI20CSE69','1PI20CSE69');
INSERT INTO student(usn,name,sem,dept,email,mob) VALUES('1PI20CSE70','kmkhs',1,'CSE','kmkhs@gmail.com',939380170);
INSERT INTO student_credential(usn,password)VALUES('1PI20CSE70','1PI20CSE70');
INSERT INTO student(usn,name,sem,dept,email,mob) VALUES('1PI20CSE71','smvno',1,'CSE','smvno@gmail.com',939380171);
INSERT INTO student_credential(usn,password)VALUES('1PI20CSE71','1PI20CSE71');
INSERT INTO student(usn,name,sem,dept,email,mob) VALUES('1PI20CSE72','nwafx',1,'CSE','nwafx@gmail.com',939380172);
INSERT INTO student_credential(usn,password)VALUES('1PI20CSE72','1PI20CSE72');
INSERT INTO student(usn,name,sem,dept,email,mob) VALUES('1PI20CSE73','whgbi',1,'CSE','whgbi@gmail.com',939380173);
INSERT INTO student_credential(usn,password)VALUES('1PI20CSE73','1PI20CSE73');
INSERT INTO student(usn,name,sem,dept,email,mob) VALUES('1PI20CSE74','babvq',1,'CSE','babvq@gmail.com',939380174);
INSERT INTO student_credential(usn,password)VALUES('1PI20CSE74','1PI20CSE74');
INSERT INTO student(usn,name,sem,dept,email,mob) VALUES('1PI20CSE75','opqfo',1,'CSE','opqfo@gmail.com',939380175);
INSERT INTO student_credential(usn,password)VALUES('1PI20CSE75','1PI20CSE75');
INSERT INTO student(usn,name,sem,dept,email,mob) VALUES('1PI20CSE76','viuss',1,'CSE','viuss@gmail.com',939380176);
INSERT INTO student_credential(usn,password)VALUES('1PI20CSE76','1PI20CSE76');
INSERT INTO student(usn,name,sem,dept,email,mob) VALUES('1PI20CSE77','qfqwe',1,'CSE','qfqwe@gmail.com',939380177);
INSERT INTO student_credential(usn,password)VALUES('1PI20CSE77','1PI20CSE77');
INSERT INTO student(usn,name,sem,dept,email,mob) VALUES('1PI20CSE78','htxdz',1,'CSE','htxdz@gmail.com',939380178);
INSERT INTO student_credential(usn,password)VALUES('1PI20CSE78','1PI20CSE78');
INSERT INTO student(usn,name,sem,dept,email,mob) VALUES('1PI20CSE79','ujtln',1,'CSE','ujtln@gmail.com',939380179);
INSERT INTO student_credential(usn,password)VALUES('1PI20CSE79','1PI20CSE79');
INSERT INTO student(usn,name,sem,dept,email,mob) VALUES('1PI20CSE80','txmrj',1,'CSE','txmrj@gmail.com',939380180);
INSERT INTO student_credential(usn,password)VALUES('1PI20CSE80','1PI20CSE80');
INSERT INTO student(usn,name,sem,dept,email,mob) VALUES('1PI20CSE81','xxwtl',1,'CSE','xxwtl@gmail.com',939380181);
INSERT INTO student_credential(usn,password)VALUES('1PI20CSE81','1PI20CSE81');
INSERT INTO student(usn,name,sem,dept,email,mob) VALUES('1PI20CSE82','ggkyt',1,'CSE','ggkyt@gmail.com',939380182);
INSERT INTO student_credential(usn,password)VALUES('1PI20CSE82','1PI20CSE82');
INSERT INTO student(usn,name,sem,dept,email,mob) VALUES('1PI20CSE83','bioly',1,'CSE','bioly@gmail.com',939380183);
INSERT INTO student_credential(usn,password)VALUES('1PI20CSE83','1PI20CSE83');
INSERT INTO student(usn,name,sem,dept,email,mob) VALUES('1PI20CSE84','dnilq',1,'CSE','dnilq@gmail.com',939380184);
INSERT INTO student_credential(usn,password)VALUES('1PI20CSE84','1PI20CSE84');
INSERT INTO student(usn,name,sem,dept,email,mob) VALUES('1PI20CSE85','adojs',1,'CSE','adojs@gmail.com',939380185);
INSERT INTO student_credential(usn,password)VALUES('1PI20CSE85','1PI20CSE85');
INSERT INTO student(usn,name,sem,dept,email,mob) VALUES('1PI20CSE86','kkvfx',1,'CSE','kkvfx@gmail.com',939380186);
INSERT INTO student_credential(usn,password)VALUES('1PI20CSE86','1PI20CSE86');
INSERT INTO student(usn,name,sem,dept,email,mob) VALUES('1PI20CSE87','ahhjm',1,'CSE','ahhjm@gmail.com',939380187);
INSERT INTO student_credential(usn,password)VALUES('1PI20CSE87','1PI20CSE87');
INSERT INTO student(usn,name,sem,dept,email,mob) VALUES('1PI20CSE88','boclj',1,'CSE','boclj@gmail.com',939380188);
INSERT INTO student_credential(usn,password)VALUES('1PI20CSE88','1PI20CSE88');
INSERT INTO student(usn,name,sem,dept,email,mob) VALUES('1PI20CSE89','arint',1,'CSE','arint@gmail.com',939380189);
INSERT INTO student_credential(usn,password)VALUES('1PI20CSE89','1PI20CSE89');
INSERT INTO student(usn,name,sem,dept,email,mob) VALUES('1PI20CSE90','dwcld',1,'CSE','dwcld@gmail.com',939380190);
INSERT INTO student_credential(usn,password)VALUES('1PI20CSE90','1PI20CSE90');
INSERT INTO student(usn,name,sem,dept,email,mob) VALUES('1PI20CSE91','vdxro',1,'CSE','vdxro@gmail.com',939380191);
INSERT INTO student_credential(usn,password)VALUES('1PI20CSE91','1PI20CSE91');
INSERT INTO student(usn,name,sem,dept,email,mob) VALUES('1PI20CSE92','pbyjz',1,'CSE','pbyjz@gmail.com',939380192);
INSERT INTO student_credential(usn,password)VALUES('1PI20CSE92','1PI20CSE92');
INSERT INTO student(usn,name,sem,dept,email,mob) VALUES('1PI20CSE93','wyyoj',1,'CSE','wyyoj@gmail.com',939380193);
INSERT INTO student_credential(usn,password)VALUES('1PI20CSE93','1PI20CSE93');
INSERT INTO student(usn,name,sem,dept,email,mob) VALUES('1PI20CSE94','uothw',1,'CSE','uothw@gmail.com',939380194);
INSERT INTO student_credential(usn,password)VALUES('1PI20CSE94','1PI20CSE94');
INSERT INTO student(usn,name,sem,dept,email,mob) VALUES('1PI20CSE95','mlvrg',1,'CSE','mlvrg@gmail.com',939380195);
INSERT INTO student_credential(usn,password)VALUES('1PI20CSE95','1PI20CSE95');
INSERT INTO student(usn,name,sem,dept,email,mob) VALUES('1PI20CSE96','lfzdz',1,'CSE','lfzdz@gmail.com',939380196);
INSERT INTO student_credential(usn,password)VALUES('1PI20CSE96','1PI20CSE96');
INSERT INTO student(usn,name,sem,dept,email,mob) VALUES('1PI20CSE97','dbtub',1,'CSE','dbtub@gmail.com',939380197);
INSERT INTO student_credential(usn,password)VALUES('1PI20CSE97','1PI20CSE97');
INSERT INTO student(usn,name,sem,dept,email,mob) VALUES('1PI20CSE98','xuoff',1,'CSE','xuoff@gmail.com',939380198);
INSERT INTO student_credential(usn,password)VALUES('1PI20CSE98','1PI20CSE98');
INSERT INTO student(usn,name,sem,dept,email,mob) VALUES('1PI20CSE99','vncrs',1,'CSE','vncrs@gmail.com',939380199);
INSERT INTO student_credential(usn,password)VALUES('1PI20CSE99','1PI20CSE99');
INSERT INTO student(usn,name,sem,dept,email,mob) VALUES('1PI14ISE0','wsazn',7,'ISE','wsazn@gmail.com',939381700);
INSERT INTO student_credential(usn,password)VALUES('1PI14ISE0','1PI14ISE0');
INSERT INTO student(usn,name,sem,dept,email,mob) VALUES('1PI14ISE1','moijo',7,'ISE','moijo@gmail.com',939381701);
INSERT INTO student_credential(usn,password)VALUES('1PI14ISE1','1PI14ISE1');
INSERT INTO student(usn,name,sem,dept,email,mob) VALUES('1PI14ISE2','ivvgo',7,'ISE','ivvgo@gmail.com',939381702);
INSERT INTO student_credential(usn,password)VALUES('1PI14ISE2','1PI14ISE2');
INSERT INTO student(usn,name,sem,dept,email,mob) VALUES('1PI14ISE3','bqpnc',7,'ISE','bqpnc@gmail.com',939381703);
INSERT INTO student_credential(usn,password)VALUES('1PI14ISE3','1PI14ISE3');
INSERT INTO student(usn,name,sem,dept,email,mob) VALUES('1PI14ISE4','kwvnh',7,'ISE','kwvnh@gmail.com',939381704);
INSERT INTO student_credential(usn,password)VALUES('1PI14ISE4','1PI14ISE4');
INSERT INTO student(usn,name,sem,dept,email,mob) VALUES('1PI14ISE5','kebmt',7,'ISE','kebmt@gmail.com',939381705);
INSERT INTO student_credential(usn,password)VALUES('1PI14ISE5','1PI14ISE5');
INSERT INTO student(usn,name,sem,dept,email,mob) VALUES('1PI14ISE6','dhvyg',7,'ISE','dhvyg@gmail.com',939381706);
INSERT INTO student_credential(usn,password)VALUES('1PI14ISE6','1PI14ISE6');
INSERT INTO student(usn,name,sem,dept,email,mob) VALUES('1PI14ISE7','kjisu',7,'ISE','kjisu@gmail.com',939381707);
INSERT INTO student_credential(usn,password)VALUES('1PI14ISE7','1PI14ISE7');
INSERT INTO student(usn,name,sem,dept,email,mob) VALUES('1PI14ISE8','xhatm',7,'ISE','xhatm@gmail.com',939381708);
INSERT INTO student_credential(usn,password)VALUES('1PI14ISE8','1PI14ISE8');
INSERT INTO student(usn,name,sem,dept,email,mob) VALUES('1PI14ISE9','uudqb',7,'ISE','uudqb@gmail.com',939381709);
INSERT INTO student_credential(usn,password)VALUES('1PI14ISE9','1PI14ISE9');
INSERT INTO student(usn,name,sem,dept,email,mob) VALUES('1PI14ISE10','hmknh',7,'ISE','hmknh@gmail.com',939381710);
INSERT INTO student_credential(usn,password)VALUES('1PI14ISE10','1PI14ISE10');
INSERT INTO student(usn,name,sem,dept,email,mob) VALUES('1PI14ISE11','fxaxq',7,'ISE','fxaxq@gmail.com',939381711);
INSERT INTO student_credential(usn,password)VALUES('1PI14ISE11','1PI14ISE11');
INSERT INTO student(usn,name,sem,dept,email,mob) VALUES('1PI14ISE12','xkjlz',7,'ISE','xkjlz@gmail.com',939381712);
INSERT INTO student_credential(usn,password)VALUES('1PI14ISE12','1PI14ISE12');
INSERT INTO student(usn,name,sem,dept,email,mob) VALUES('1PI14ISE13','zqtsj',7,'ISE','zqtsj@gmail.com',939381713);
INSERT INTO student_credential(usn,password)VALUES('1PI14ISE13','1PI14ISE13');
INSERT INTO student(usn,name,sem,dept,email,mob) VALUES('1PI14ISE14','faeed',7,'ISE','faeed@gmail.com',939381714);
INSERT INTO student_credential(usn,password)VALUES('1PI14ISE14','1PI14ISE14');
INSERT INTO student(usn,name,sem,dept,email,mob) VALUES('1PI14ISE15','fuujk',7,'ISE','fuujk@gmail.com',939381715);
INSERT INTO student_credential(usn,password)VALUES('1PI14ISE15','1PI14ISE15');
INSERT INTO student(usn,name,sem,dept,email,mob) VALUES('1PI14ISE16','olxjo',7,'ISE','olxjo@gmail.com',939381716);
INSERT INTO student_credential(usn,password)VALUES('1PI14ISE16','1PI14ISE16');
INSERT INTO student(usn,name,sem,dept,email,mob) VALUES('1PI14ISE17','qkdvf',7,'ISE','qkdvf@gmail.com',939381717);
INSERT INTO student_credential(usn,password)VALUES('1PI14ISE17','1PI14ISE17');
INSERT INTO student(usn,name,sem,dept,email,mob) VALUES('1PI14ISE18','epvlh',7,'ISE','epvlh@gmail.com',939381718);
INSERT INTO student_credential(usn,password)VALUES('1PI14ISE18','1PI14ISE18');
INSERT INTO student(usn,name,sem,dept,email,mob) VALUES('1PI14ISE19','vhrwt',7,'ISE','vhrwt@gmail.com',939381719);
INSERT INTO student_credential(usn,password)VALUES('1PI14ISE19','1PI14ISE19');
INSERT INTO student(usn,name,sem,dept,email,mob) VALUES('1PI14ISE20','fdukx',7,'ISE','fdukx@gmail.com',939381720);
INSERT INTO student_credential(usn,password)VALUES('1PI14ISE20','1PI14ISE20');
INSERT INTO student(usn,name,sem,dept,email,mob) VALUES('1PI14ISE21','ffjps',7,'ISE','ffjps@gmail.com',939381721);
INSERT INTO student_credential(usn,password)VALUES('1PI14ISE21','1PI14ISE21');
INSERT INTO student(usn,name,sem,dept,email,mob) VALUES('1PI14ISE22','swyxl',7,'ISE','swyxl@gmail.com',939381722);
INSERT INTO student_credential(usn,password)VALUES('1PI14ISE22','1PI14ISE22');
INSERT INTO student(usn,name,sem,dept,email,mob) VALUES('1PI14ISE23','ijjhe',7,'ISE','ijjhe@gmail.com',939381723);
INSERT INTO student_credential(usn,password)VALUES('1PI14ISE23','1PI14ISE23');
INSERT INTO student(usn,name,sem,dept,email,mob) VALUES('1PI14ISE24','vryxo',7,'ISE','vryxo@gmail.com',939381724);
INSERT INTO student_credential(usn,password)VALUES('1PI14ISE24','1PI14ISE24');
INSERT INTO student(usn,name,sem,dept,email,mob) VALUES('1PI14ISE25','zbafp',7,'ISE','zbafp@gmail.com',939381725);
INSERT INTO student_credential(usn,password)VALUES('1PI14ISE25','1PI14ISE25');
INSERT INTO student(usn,name,sem,dept,email,mob) VALUES('1PI14ISE26','fmowg',7,'ISE','fmowg@gmail.com',939381726);
INSERT INTO student_credential(usn,password)VALUES('1PI14ISE26','1PI14ISE26');
INSERT INTO student(usn,name,sem,dept,email,mob) VALUES('1PI14ISE27','rgonu',7,'ISE','rgonu@gmail.com',939381727);
INSERT INTO student_credential(usn,password)VALUES('1PI14ISE27','1PI14ISE27');
INSERT INTO student(usn,name,sem,dept,email,mob) VALUES('1PI14ISE28','atdql',7,'ISE','atdql@gmail.com',939381728);
INSERT INTO student_credential(usn,password)VALUES('1PI14ISE28','1PI14ISE28');
INSERT INTO student(usn,name,sem,dept,email,mob) VALUES('1PI14ISE29','ahygg',7,'ISE','ahygg@gmail.com',939381729);
INSERT INTO student_credential(usn,password)VALUES('1PI14ISE29','1PI14ISE29');
INSERT INTO student(usn,name,sem,dept,email,mob) VALUES('1PI14ISE30','yljdd',7,'ISE','yljdd@gmail.com',939381730);
INSERT INTO student_credential(usn,password)VALUES('1PI14ISE30','1PI14ISE30');
INSERT INTO student(usn,name,sem,dept,email,mob) VALUES('1PI14ISE31','jhmlt',7,'ISE','jhmlt@gmail.com',939381731);
INSERT INTO student_credential(usn,password)VALUES('1PI14ISE31','1PI14ISE31');
INSERT INTO student(usn,name,sem,dept,email,mob) VALUES('1PI14ISE32','edzlo',7,'ISE','edzlo@gmail.com',939381732);
INSERT INTO student_credential(usn,password)VALUES('1PI14ISE32','1PI14ISE32');
INSERT INTO student(usn,name,sem,dept,email,mob) VALUES('1PI14ISE33','dsrke',7,'ISE','dsrke@gmail.com',939381733);
INSERT INTO student_credential(usn,password)VALUES('1PI14ISE33','1PI14ISE33');
INSERT INTO student(usn,name,sem,dept,email,mob) VALUES('1PI14ISE34','utgtn',7,'ISE','utgtn@gmail.com',939381734);
INSERT INTO student_credential(usn,password)VALUES('1PI14ISE34','1PI14ISE34');
INSERT INTO student(usn,name,sem,dept,email,mob) VALUES('1PI14ISE35','kntar',7,'ISE','kntar@gmail.com',939381735);
INSERT INTO student_credential(usn,password)VALUES('1PI14ISE35','1PI14ISE35');
INSERT INTO student(usn,name,sem,dept,email,mob) VALUES('1PI14ISE36','jkpxi',7,'ISE','jkpxi@gmail.com',939381736);
INSERT INTO student_credential(usn,password)VALUES('1PI14ISE36','1PI14ISE36');
INSERT INTO student(usn,name,sem,dept,email,mob) VALUES('1PI14ISE37','novgz',7,'ISE','novgz@gmail.com',939381737);
INSERT INTO student_credential(usn,password)VALUES('1PI14ISE37','1PI14ISE37');
INSERT INTO student(usn,name,sem,dept,email,mob) VALUES('1PI14ISE38','dthun',7,'ISE','dthun@gmail.com',939381738);
INSERT INTO student_credential(usn,password)VALUES('1PI14ISE38','1PI14ISE38');
INSERT INTO student(usn,name,sem,dept,email,mob) VALUES('1PI14ISE39','wooxv',7,'ISE','wooxv@gmail.com',939381739);
INSERT INTO student_credential(usn,password)VALUES('1PI14ISE39','1PI14ISE39');
INSERT INTO student(usn,name,sem,dept,email,mob) VALUES('1PI14ISE40','jjmps',7,'ISE','jjmps@gmail.com',939381740);
INSERT INTO student_credential(usn,password)VALUES('1PI14ISE40','1PI14ISE40');
INSERT INTO student(usn,name,sem,dept,email,mob) VALUES('1PI14ISE41','vknhk',7,'ISE','vknhk@gmail.com',939381741);
INSERT INTO student_credential(usn,password)VALUES('1PI14ISE41','1PI14ISE41');
INSERT INTO student(usn,name,sem,dept,email,mob) VALUES('1PI14ISE42','wjopm',7,'ISE','wjopm@gmail.com',939381742);
INSERT INTO student_credential(usn,password)VALUES('1PI14ISE42','1PI14ISE42');
INSERT INTO student(usn,name,sem,dept,email,mob) VALUES('1PI14ISE43','mlebk',7,'ISE','mlebk@gmail.com',939381743);
INSERT INTO student_credential(usn,password)VALUES('1PI14ISE43','1PI14ISE43');
INSERT INTO student(usn,name,sem,dept,email,mob) VALUES('1PI14ISE44','sucvz',7,'ISE','sucvz@gmail.com',939381744);
INSERT INTO student_credential(usn,password)VALUES('1PI14ISE44','1PI14ISE44');
INSERT INTO student(usn,name,sem,dept,email,mob) VALUES('1PI14ISE45','qlyqn',7,'ISE','qlyqn@gmail.com',939381745);
INSERT INTO student_credential(usn,password)VALUES('1PI14ISE45','1PI14ISE45');
INSERT INTO student(usn,name,sem,dept,email,mob) VALUES('1PI14ISE46','wcmbv',7,'ISE','wcmbv@gmail.com',939381746);
INSERT INTO student_credential(usn,password)VALUES('1PI14ISE46','1PI14ISE46');
INSERT INTO student(usn,name,sem,dept,email,mob) VALUES('1PI14ISE47','bhrml',7,'ISE','bhrml@gmail.com',939381747);
INSERT INTO student_credential(usn,password)VALUES('1PI14ISE47','1PI14ISE47');
INSERT INTO student(usn,name,sem,dept,email,mob) VALUES('1PI14ISE48','owpjb',7,'ISE','owpjb@gmail.com',939381748);
INSERT INTO student_credential(usn,password)VALUES('1PI14ISE48','1PI14ISE48');
INSERT INTO student(usn,name,sem,dept,email,mob) VALUES('1PI14ISE49','wyvwt',7,'ISE','wyvwt@gmail.com',939381749);
INSERT INTO student_credential(usn,password)VALUES('1PI14ISE49','1PI14ISE49');
INSERT INTO student(usn,name,sem,dept,email,mob) VALUES('1PI14ISE50','gtoqn',7,'ISE','gtoqn@gmail.com',939381750);
INSERT INTO student_credential(usn,password)VALUES('1PI14ISE50','1PI14ISE50');
INSERT INTO student(usn,name,sem,dept,email,mob) VALUES('1PI14ISE51','micxa',7,'ISE','micxa@gmail.com',939381751);
INSERT INTO student_credential(usn,password)VALUES('1PI14ISE51','1PI14ISE51');
INSERT INTO student(usn,name,sem,dept,email,mob) VALUES('1PI14ISE52','pzark',7,'ISE','pzark@gmail.com',939381752);
INSERT INTO student_credential(usn,password)VALUES('1PI14ISE52','1PI14ISE52');
INSERT INTO student(usn,name,sem,dept,email,mob) VALUES('1PI14ISE53','nnxtu',7,'ISE','nnxtu@gmail.com',939381753);
INSERT INTO student_credential(usn,password)VALUES('1PI14ISE53','1PI14ISE53');
INSERT INTO student(usn,name,sem,dept,email,mob) VALUES('1PI14ISE54','ufarz',7,'ISE','ufarz@gmail.com',939381754);
INSERT INTO student_credential(usn,password)VALUES('1PI14ISE54','1PI14ISE54');
INSERT INTO student(usn,name,sem,dept,email,mob) VALUES('1PI14ISE55','rosdq',7,'ISE','rosdq@gmail.com',939381755);
INSERT INTO student_credential(usn,password)VALUES('1PI14ISE55','1PI14ISE55');
INSERT INTO student(usn,name,sem,dept,email,mob) VALUES('1PI14ISE56','wsmtc',7,'ISE','wsmtc@gmail.com',939381756);
INSERT INTO student_credential(usn,password)VALUES('1PI14ISE56','1PI14ISE56');
INSERT INTO student(usn,name,sem,dept,email,mob) VALUES('1PI14ISE57','jghec',7,'ISE','jghec@gmail.com',939381757);
INSERT INTO student_credential(usn,password)VALUES('1PI14ISE57','1PI14ISE57');
INSERT INTO student(usn,name,sem,dept,email,mob) VALUES('1PI14ISE58','qudos',7,'ISE','qudos@gmail.com',939381758);
INSERT INTO student_credential(usn,password)VALUES('1PI14ISE58','1PI14ISE58');
INSERT INTO student(usn,name,sem,dept,email,mob) VALUES('1PI14ISE59','rtjxy',7,'ISE','rtjxy@gmail.com',939381759);
INSERT INTO student_credential(usn,password)VALUES('1PI14ISE59','1PI14ISE59');
INSERT INTO student(usn,name,sem,dept,email,mob) VALUES('1PI14ISE60','aaykq',7,'ISE','aaykq@gmail.com',939381760);
INSERT INTO student_credential(usn,password)VALUES('1PI14ISE60','1PI14ISE60');
INSERT INTO student(usn,name,sem,dept,email,mob) VALUES('1PI14ISE61','rxycr',7,'ISE','rxycr@gmail.com',939381761);
INSERT INTO student_credential(usn,password)VALUES('1PI14ISE61','1PI14ISE61');
INSERT INTO student(usn,name,sem,dept,email,mob) VALUES('1PI14ISE62','xuwjx',7,'ISE','xuwjx@gmail.com',939381762);
INSERT INTO student_credential(usn,password)VALUES('1PI14ISE62','1PI14ISE62');
INSERT INTO student(usn,name,sem,dept,email,mob) VALUES('1PI14ISE63','npqjn',7,'ISE','npqjn@gmail.com',939381763);
INSERT INTO student_credential(usn,password)VALUES('1PI14ISE63','1PI14ISE63');
INSERT INTO student(usn,name,sem,dept,email,mob) VALUES('1PI14ISE64','bkcpd',7,'ISE','bkcpd@gmail.com',939381764);
INSERT INTO student_credential(usn,password)VALUES('1PI14ISE64','1PI14ISE64');
INSERT INTO student(usn,name,sem,dept,email,mob) VALUES('1PI14ISE65','mokal',7,'ISE','mokal@gmail.com',939381765);
INSERT INTO student_credential(usn,password)VALUES('1PI14ISE65','1PI14ISE65');
INSERT INTO student(usn,name,sem,dept,email,mob) VALUES('1PI14ISE66','xapem',7,'ISE','xapem@gmail.com',939381766);
INSERT INTO student_credential(usn,password)VALUES('1PI14ISE66','1PI14ISE66');
INSERT INTO student(usn,name,sem,dept,email,mob) VALUES('1PI14ISE67','vbqlz',7,'ISE','vbqlz@gmail.com',939381767);
INSERT INTO student_credential(usn,password)VALUES('1PI14ISE67','1PI14ISE67');
INSERT INTO student(usn,name,sem,dept,email,mob) VALUES('1PI14ISE68','svxzk',7,'ISE','svxzk@gmail.com',939381768);
INSERT INTO student_credential(usn,password)VALUES('1PI14ISE68','1PI14ISE68');
INSERT INTO student(usn,name,sem,dept,email,mob) VALUES('1PI14ISE69','utapp',7,'ISE','utapp@gmail.com',939381769);
INSERT INTO student_credential(usn,password)VALUES('1PI14ISE69','1PI14ISE69');
INSERT INTO student(usn,name,sem,dept,email,mob) VALUES('1PI14ISE70','wgzpd',7,'ISE','wgzpd@gmail.com',939381770);
INSERT INTO student_credential(usn,password)VALUES('1PI14ISE70','1PI14ISE70');
INSERT INTO student(usn,name,sem,dept,email,mob) VALUES('1PI14ISE71','pyzkz',7,'ISE','pyzkz@gmail.com',939381771);
INSERT INTO student_credential(usn,password)VALUES('1PI14ISE71','1PI14ISE71');
INSERT INTO student(usn,name,sem,dept,email,mob) VALUES('1PI14ISE72','cvbnt',7,'ISE','cvbnt@gmail.com',939381772);
INSERT INTO student_credential(usn,password)VALUES('1PI14ISE72','1PI14ISE72');
INSERT INTO student(usn,name,sem,dept,email,mob) VALUES('1PI14ISE73','cvfxs',7,'ISE','cvfxs@gmail.com',939381773);
INSERT INTO student_credential(usn,password)VALUES('1PI14ISE73','1PI14ISE73');
INSERT INTO student(usn,name,sem,dept,email,mob) VALUES('1PI14ISE74','xpjao',7,'ISE','xpjao@gmail.com',939381774);
INSERT INTO student_credential(usn,password)VALUES('1PI14ISE74','1PI14ISE74');
INSERT INTO student(usn,name,sem,dept,email,mob) VALUES('1PI14ISE75','xtfhv',7,'ISE','xtfhv@gmail.com',939381775);
INSERT INTO student_credential(usn,password)VALUES('1PI14ISE75','1PI14ISE75');
INSERT INTO student(usn,name,sem,dept,email,mob) VALUES('1PI14ISE76','xxytg',7,'ISE','xxytg@gmail.com',939381776);
INSERT INTO student_credential(usn,password)VALUES('1PI14ISE76','1PI14ISE76');
INSERT INTO student(usn,name,sem,dept,email,mob) VALUES('1PI14ISE77','okrcx',7,'ISE','okrcx@gmail.com',939381777);
INSERT INTO student_credential(usn,password)VALUES('1PI14ISE77','1PI14ISE77');
INSERT INTO student(usn,name,sem,dept,email,mob) VALUES('1PI14ISE78','aetau',7,'ISE','aetau@gmail.com',939381778);
INSERT INTO student_credential(usn,password)VALUES('1PI14ISE78','1PI14ISE78');
INSERT INTO student(usn,name,sem,dept,email,mob) VALUES('1PI14ISE79','qgndm',7,'ISE','qgndm@gmail.com',939381779);
INSERT INTO student_credential(usn,password)VALUES('1PI14ISE79','1PI14ISE79');
INSERT INTO student(usn,name,sem,dept,email,mob) VALUES('1PI14ISE80','phwzy',7,'ISE','phwzy@gmail.com',939381780);
INSERT INTO student_credential(usn,password)VALUES('1PI14ISE80','1PI14ISE80');
INSERT INTO student(usn,name,sem,dept,email,mob) VALUES('1PI14ISE81','iayab',7,'ISE','iayab@gmail.com',939381781);
INSERT INTO student_credential(usn,password)VALUES('1PI14ISE81','1PI14ISE81');
INSERT INTO student(usn,name,sem,dept,email,mob) VALUES('1PI14ISE82','jrqge',7,'ISE','jrqge@gmail.com',939381782);
INSERT INTO student_credential(usn,password)VALUES('1PI14ISE82','1PI14ISE82');
INSERT INTO student(usn,name,sem,dept,email,mob) VALUES('1PI14ISE83','ppxyj',7,'ISE','ppxyj@gmail.com',939381783);
INSERT INTO student_credential(usn,password)VALUES('1PI14ISE83','1PI14ISE83');
INSERT INTO student(usn,name,sem,dept,email,mob) VALUES('1PI14ISE84','sttyz',7,'ISE','sttyz@gmail.com',939381784);
INSERT INTO student_credential(usn,password)VALUES('1PI14ISE84','1PI14ISE84');
INSERT INTO student(usn,name,sem,dept,email,mob) VALUES('1PI14ISE85','uvldv',7,'ISE','uvldv@gmail.com',939381785);
INSERT INTO student_credential(usn,password)VALUES('1PI14ISE85','1PI14ISE85');
INSERT INTO student(usn,name,sem,dept,email,mob) VALUES('1PI14ISE86','ybsux',7,'ISE','ybsux@gmail.com',939381786);
INSERT INTO student_credential(usn,password)VALUES('1PI14ISE86','1PI14ISE86');
INSERT INTO student(usn,name,sem,dept,email,mob) VALUES('1PI14ISE87','kbmfz',7,'ISE','kbmfz@gmail.com',939381787);
INSERT INTO student_credential(usn,password)VALUES('1PI14ISE87','1PI14ISE87');
INSERT INTO student(usn,name,sem,dept,email,mob) VALUES('1PI14ISE88','vrtno',7,'ISE','vrtno@gmail.com',939381788);
INSERT INTO student_credential(usn,password)VALUES('1PI14ISE88','1PI14ISE88');
INSERT INTO student(usn,name,sem,dept,email,mob) VALUES('1PI14ISE89','vidzn',7,'ISE','vidzn@gmail.com',939381789);
INSERT INTO student_credential(usn,password)VALUES('1PI14ISE89','1PI14ISE89');
INSERT INTO student(usn,name,sem,dept,email,mob) VALUES('1PI14ISE90','pghoz',7,'ISE','pghoz@gmail.com',939381790);
INSERT INTO student_credential(usn,password)VALUES('1PI14ISE90','1PI14ISE90');
INSERT INTO student(usn,name,sem,dept,email,mob) VALUES('1PI14ISE91','vafms',7,'ISE','vafms@gmail.com',939381791);
INSERT INTO student_credential(usn,password)VALUES('1PI14ISE91','1PI14ISE91');
INSERT INTO student(usn,name,sem,dept,email,mob) VALUES('1PI14ISE92','nsnqi',7,'ISE','nsnqi@gmail.com',939381792);
INSERT INTO student_credential(usn,password)VALUES('1PI14ISE92','1PI14ISE92');
INSERT INTO student(usn,name,sem,dept,email,mob) VALUES('1PI14ISE93','vmvub',7,'ISE','vmvub@gmail.com',939381793);
INSERT INTO student_credential(usn,password)VALUES('1PI14ISE93','1PI14ISE93');
INSERT INTO student(usn,name,sem,dept,email,mob) VALUES('1PI14ISE94','cwtfs',7,'ISE','cwtfs@gmail.com',939381794);
INSERT INTO student_credential(usn,password)VALUES('1PI14ISE94','1PI14ISE94');
INSERT INTO student(usn,name,sem,dept,email,mob) VALUES('1PI14ISE95','rqtmk',7,'ISE','rqtmk@gmail.com',939381795);
INSERT INTO student_credential(usn,password)VALUES('1PI14ISE95','1PI14ISE95');
INSERT INTO student(usn,name,sem,dept,email,mob) VALUES('1PI14ISE96','nepbh',7,'ISE','nepbh@gmail.com',939381796);
INSERT INTO student_credential(usn,password)VALUES('1PI14ISE96','1PI14ISE96');
INSERT INTO student(usn,name,sem,dept,email,mob) VALUES('1PI14ISE97','oweja',7,'ISE','oweja@gmail.com',939381797);
INSERT INTO student_credential(usn,password)VALUES('1PI14ISE97','1PI14ISE97');
INSERT INTO student(usn,name,sem,dept,email,mob) VALUES('1PI14ISE98','zhkwc',7,'ISE','zhkwc@gmail.com',939381798);
INSERT INTO student_credential(usn,password)VALUES('1PI14ISE98','1PI14ISE98');
INSERT INTO student(usn,name,sem,dept,email,mob) VALUES('1PI14ISE99','mmtpi',7,'ISE','mmtpi@gmail.com',939381799);
INSERT INTO student_credential(usn,password)VALUES('1PI14ISE99','1PI14ISE99');
INSERT INTO student(usn,name,sem,dept,email,mob) VALUES('1PI16ISE0','xxxlz',5,'ISE','xxxlz@gmail.com',939381500);
INSERT INTO student_credential(usn,password)VALUES('1PI16ISE0','1PI16ISE0');
INSERT INTO student(usn,name,sem,dept,email,mob) VALUES('1PI16ISE1','qysxt',5,'ISE','qysxt@gmail.com',939381501);
INSERT INTO student_credential(usn,password)VALUES('1PI16ISE1','1PI16ISE1');
INSERT INTO student(usn,name,sem,dept,email,mob) VALUES('1PI16ISE2','wwtai',5,'ISE','wwtai@gmail.com',939381502);
INSERT INTO student_credential(usn,password)VALUES('1PI16ISE2','1PI16ISE2');
INSERT INTO student(usn,name,sem,dept,email,mob) VALUES('1PI16ISE3','dyaxy',5,'ISE','dyaxy@gmail.com',939381503);
INSERT INTO student_credential(usn,password)VALUES('1PI16ISE3','1PI16ISE3');
INSERT INTO student(usn,name,sem,dept,email,mob) VALUES('1PI16ISE4','qlepr',5,'ISE','qlepr@gmail.com',939381504);
INSERT INTO student_credential(usn,password)VALUES('1PI16ISE4','1PI16ISE4');
INSERT INTO student(usn,name,sem,dept,email,mob) VALUES('1PI16ISE5','xibex',5,'ISE','xibex@gmail.com',939381505);
INSERT INTO student_credential(usn,password)VALUES('1PI16ISE5','1PI16ISE5');
INSERT INTO student(usn,name,sem,dept,email,mob) VALUES('1PI16ISE6','xyfvs',5,'ISE','xyfvs@gmail.com',939381506);
INSERT INTO student_credential(usn,password)VALUES('1PI16ISE6','1PI16ISE6');
INSERT INTO student(usn,name,sem,dept,email,mob) VALUES('1PI16ISE7','ddygt',5,'ISE','ddygt@gmail.com',939381507);
INSERT INTO student_credential(usn,password)VALUES('1PI16ISE7','1PI16ISE7');
INSERT INTO student(usn,name,sem,dept,email,mob) VALUES('1PI16ISE8','hcuyy',5,'ISE','hcuyy@gmail.com',939381508);
INSERT INTO student_credential(usn,password)VALUES('1PI16ISE8','1PI16ISE8');
INSERT INTO student(usn,name,sem,dept,email,mob) VALUES('1PI16ISE9','fwpjs',5,'ISE','fwpjs@gmail.com',939381509);
INSERT INTO student_credential(usn,password)VALUES('1PI16ISE9','1PI16ISE9');
INSERT INTO student(usn,name,sem,dept,email,mob) VALUES('1PI16ISE10','fybgl',5,'ISE','fybgl@gmail.com',939381510);
INSERT INTO student_credential(usn,password)VALUES('1PI16ISE10','1PI16ISE10');
INSERT INTO student(usn,name,sem,dept,email,mob) VALUES('1PI16ISE11','gzmbi',5,'ISE','gzmbi@gmail.com',939381511);
INSERT INTO student_credential(usn,password)VALUES('1PI16ISE11','1PI16ISE11');
INSERT INTO student(usn,name,sem,dept,email,mob) VALUES('1PI16ISE12','ntatt',5,'ISE','ntatt@gmail.com',939381512);
INSERT INTO student_credential(usn,password)VALUES('1PI16ISE12','1PI16ISE12');
INSERT INTO student(usn,name,sem,dept,email,mob) VALUES('1PI16ISE13','nhodt',5,'ISE','nhodt@gmail.com',939381513);
INSERT INTO student_credential(usn,password)VALUES('1PI16ISE13','1PI16ISE13');
INSERT INTO student(usn,name,sem,dept,email,mob) VALUES('1PI16ISE14','onpyz',5,'ISE','onpyz@gmail.com',939381514);
INSERT INTO student_credential(usn,password)VALUES('1PI16ISE14','1PI16ISE14');
INSERT INTO student(usn,name,sem,dept,email,mob) VALUES('1PI16ISE15','wotkg',5,'ISE','wotkg@gmail.com',939381515);
INSERT INTO student_credential(usn,password)VALUES('1PI16ISE15','1PI16ISE15');
INSERT INTO student(usn,name,sem,dept,email,mob) VALUES('1PI16ISE16','nguph',5,'ISE','nguph@gmail.com',939381516);
INSERT INTO student_credential(usn,password)VALUES('1PI16ISE16','1PI16ISE16');
INSERT INTO student(usn,name,sem,dept,email,mob) VALUES('1PI16ISE17','pkxea',5,'ISE','pkxea@gmail.com',939381517);
INSERT INTO student_credential(usn,password)VALUES('1PI16ISE17','1PI16ISE17');
INSERT INTO student(usn,name,sem,dept,email,mob) VALUES('1PI16ISE18','towza',5,'ISE','towza@gmail.com',939381518);
INSERT INTO student_credential(usn,password)VALUES('1PI16ISE18','1PI16ISE18');
INSERT INTO student(usn,name,sem,dept,email,mob) VALUES('1PI16ISE19','bsdnv',5,'ISE','bsdnv@gmail.com',939381519);
INSERT INTO student_credential(usn,password)VALUES('1PI16ISE19','1PI16ISE19');
INSERT INTO student(usn,name,sem,dept,email,mob) VALUES('1PI16ISE20','qhkfc',5,'ISE','qhkfc@gmail.com',939381520);
INSERT INTO student_credential(usn,password)VALUES('1PI16ISE20','1PI16ISE20');
INSERT INTO student(usn,name,sem,dept,email,mob) VALUES('1PI16ISE21','mofis',5,'ISE','mofis@gmail.com',939381521);
INSERT INTO student_credential(usn,password)VALUES('1PI16ISE21','1PI16ISE21');
INSERT INTO student(usn,name,sem,dept,email,mob) VALUES('1PI16ISE22','frfqg',5,'ISE','frfqg@gmail.com',939381522);
INSERT INTO student_credential(usn,password)VALUES('1PI16ISE22','1PI16ISE22');
INSERT INTO student(usn,name,sem,dept,email,mob) VALUES('1PI16ISE23','vpmvo',5,'ISE','vpmvo@gmail.com',939381523);
INSERT INTO student_credential(usn,password)VALUES('1PI16ISE23','1PI16ISE23');
INSERT INTO student(usn,name,sem,dept,email,mob) VALUES('1PI16ISE24','rpjfz',5,'ISE','rpjfz@gmail.com',939381524);
INSERT INTO student_credential(usn,password)VALUES('1PI16ISE24','1PI16ISE24');
INSERT INTO student(usn,name,sem,dept,email,mob) VALUES('1PI16ISE25','slzmp',5,'ISE','slzmp@gmail.com',939381525);
INSERT INTO student_credential(usn,password)VALUES('1PI16ISE25','1PI16ISE25');
INSERT INTO student(usn,name,sem,dept,email,mob) VALUES('1PI16ISE26','jjneh',5,'ISE','jjneh@gmail.com',939381526);
INSERT INTO student_credential(usn,password)VALUES('1PI16ISE26','1PI16ISE26');
INSERT INTO student(usn,name,sem,dept,email,mob) VALUES('1PI16ISE27','rykxj',5,'ISE','rykxj@gmail.com',939381527);
INSERT INTO student_credential(usn,password)VALUES('1PI16ISE27','1PI16ISE27');
INSERT INTO student(usn,name,sem,dept,email,mob) VALUES('1PI16ISE28','zubua',5,'ISE','zubua@gmail.com',939381528);
INSERT INTO student_credential(usn,password)VALUES('1PI16ISE28','1PI16ISE28');
INSERT INTO student(usn,name,sem,dept,email,mob) VALUES('1PI16ISE29','cclfk',5,'ISE','cclfk@gmail.com',939381529);
INSERT INTO student_credential(usn,password)VALUES('1PI16ISE29','1PI16ISE29');
INSERT INTO student(usn,name,sem,dept,email,mob) VALUES('1PI16ISE30','cyzob',5,'ISE','cyzob@gmail.com',939381530);
INSERT INTO student_credential(usn,password)VALUES('1PI16ISE30','1PI16ISE30');
INSERT INTO student(usn,name,sem,dept,email,mob) VALUES('1PI16ISE31','ghtuo',5,'ISE','ghtuo@gmail.com',939381531);
INSERT INTO student_credential(usn,password)VALUES('1PI16ISE31','1PI16ISE31');
INSERT INTO student(usn,name,sem,dept,email,mob) VALUES('1PI16ISE32','xrajv',5,'ISE','xrajv@gmail.com',939381532);
INSERT INTO student_credential(usn,password)VALUES('1PI16ISE32','1PI16ISE32');
INSERT INTO student(usn,name,sem,dept,email,mob) VALUES('1PI16ISE33','precw',5,'ISE','precw@gmail.com',939381533);
INSERT INTO student_credential(usn,password)VALUES('1PI16ISE33','1PI16ISE33');
INSERT INTO student(usn,name,sem,dept,email,mob) VALUES('1PI16ISE34','gxxps',5,'ISE','gxxps@gmail.com',939381534);
INSERT INTO student_credential(usn,password)VALUES('1PI16ISE34','1PI16ISE34');
INSERT INTO student(usn,name,sem,dept,email,mob) VALUES('1PI16ISE35','wcgmm',5,'ISE','wcgmm@gmail.com',939381535);
INSERT INTO student_credential(usn,password)VALUES('1PI16ISE35','1PI16ISE35');
INSERT INTO student(usn,name,sem,dept,email,mob) VALUES('1PI16ISE36','vedew',5,'ISE','vedew@gmail.com',939381536);
INSERT INTO student_credential(usn,password)VALUES('1PI16ISE36','1PI16ISE36');
INSERT INTO student(usn,name,sem,dept,email,mob) VALUES('1PI16ISE37','dmfnq',5,'ISE','dmfnq@gmail.com',939381537);
INSERT INTO student_credential(usn,password)VALUES('1PI16ISE37','1PI16ISE37');
INSERT INTO student(usn,name,sem,dept,email,mob) VALUES('1PI16ISE38','wcuqd',5,'ISE','wcuqd@gmail.com',939381538);
INSERT INTO student_credential(usn,password)VALUES('1PI16ISE38','1PI16ISE38');
INSERT INTO student(usn,name,sem,dept,email,mob) VALUES('1PI16ISE39','scili',5,'ISE','scili@gmail.com',939381539);
INSERT INTO student_credential(usn,password)VALUES('1PI16ISE39','1PI16ISE39');
INSERT INTO student(usn,name,sem,dept,email,mob) VALUES('1PI16ISE40','qecih',5,'ISE','qecih@gmail.com',939381540);
INSERT INTO student_credential(usn,password)VALUES('1PI16ISE40','1PI16ISE40');
INSERT INTO student(usn,name,sem,dept,email,mob) VALUES('1PI16ISE41','luilg',5,'ISE','luilg@gmail.com',939381541);
INSERT INTO student_credential(usn,password)VALUES('1PI16ISE41','1PI16ISE41');
INSERT INTO student(usn,name,sem,dept,email,mob) VALUES('1PI16ISE42','mfcsw',5,'ISE','mfcsw@gmail.com',939381542);
INSERT INTO student_credential(usn,password)VALUES('1PI16ISE42','1PI16ISE42');
INSERT INTO student(usn,name,sem,dept,email,mob) VALUES('1PI16ISE43','twkkx',5,'ISE','twkkx@gmail.com',939381543);
INSERT INTO student_credential(usn,password)VALUES('1PI16ISE43','1PI16ISE43');
INSERT INTO student(usn,name,sem,dept,email,mob) VALUES('1PI16ISE44','lcbhq',5,'ISE','lcbhq@gmail.com',939381544);
INSERT INTO student_credential(usn,password)VALUES('1PI16ISE44','1PI16ISE44');
INSERT INTO student(usn,name,sem,dept,email,mob) VALUES('1PI16ISE45','kvcsw',5,'ISE','kvcsw@gmail.com',939381545);
INSERT INTO student_credential(usn,password)VALUES('1PI16ISE45','1PI16ISE45');
INSERT INTO student(usn,name,sem,dept,email,mob) VALUES('1PI16ISE46','jebkr',5,'ISE','jebkr@gmail.com',939381546);
INSERT INTO student_credential(usn,password)VALUES('1PI16ISE46','1PI16ISE46');
INSERT INTO student(usn,name,sem,dept,email,mob) VALUES('1PI16ISE47','jlpgf',5,'ISE','jlpgf@gmail.com',939381547);
INSERT INTO student_credential(usn,password)VALUES('1PI16ISE47','1PI16ISE47');
INSERT INTO student(usn,name,sem,dept,email,mob) VALUES('1PI16ISE48','gratz',5,'ISE','gratz@gmail.com',939381548);
INSERT INTO student_credential(usn,password)VALUES('1PI16ISE48','1PI16ISE48');
INSERT INTO student(usn,name,sem,dept,email,mob) VALUES('1PI16ISE49','bsguv',5,'ISE','bsguv@gmail.com',939381549);
INSERT INTO student_credential(usn,password)VALUES('1PI16ISE49','1PI16ISE49');
INSERT INTO student(usn,name,sem,dept,email,mob) VALUES('1PI16ISE50','zifnh',5,'ISE','zifnh@gmail.com',939381550);
INSERT INTO student_credential(usn,password)VALUES('1PI16ISE50','1PI16ISE50');
INSERT INTO student(usn,name,sem,dept,email,mob) VALUES('1PI16ISE51','yxwjs',5,'ISE','yxwjs@gmail.com',939381551);
INSERT INTO student_credential(usn,password)VALUES('1PI16ISE51','1PI16ISE51');
INSERT INTO student(usn,name,sem,dept,email,mob) VALUES('1PI16ISE52','javwa',5,'ISE','javwa@gmail.com',939381552);
INSERT INTO student_credential(usn,password)VALUES('1PI16ISE52','1PI16ISE52');
INSERT INTO student(usn,name,sem,dept,email,mob) VALUES('1PI16ISE53','uxpan',5,'ISE','uxpan@gmail.com',939381553);
INSERT INTO student_credential(usn,password)VALUES('1PI16ISE53','1PI16ISE53');
INSERT INTO student(usn,name,sem,dept,email,mob) VALUES('1PI16ISE54','namxj',5,'ISE','namxj@gmail.com',939381554);
INSERT INTO student_credential(usn,password)VALUES('1PI16ISE54','1PI16ISE54');
INSERT INTO student(usn,name,sem,dept,email,mob) VALUES('1PI16ISE55','dvzuh',5,'ISE','dvzuh@gmail.com',939381555);
INSERT INTO student_credential(usn,password)VALUES('1PI16ISE55','1PI16ISE55');
INSERT INTO student(usn,name,sem,dept,email,mob) VALUES('1PI16ISE56','naczy',5,'ISE','naczy@gmail.com',939381556);
INSERT INTO student_credential(usn,password)VALUES('1PI16ISE56','1PI16ISE56');
INSERT INTO student(usn,name,sem,dept,email,mob) VALUES('1PI16ISE57','hepwz',5,'ISE','hepwz@gmail.com',939381557);
INSERT INTO student_credential(usn,password)VALUES('1PI16ISE57','1PI16ISE57');
INSERT INTO student(usn,name,sem,dept,email,mob) VALUES('1PI16ISE58','olhus',5,'ISE','olhus@gmail.com',939381558);
INSERT INTO student_credential(usn,password)VALUES('1PI16ISE58','1PI16ISE58');
INSERT INTO student(usn,name,sem,dept,email,mob) VALUES('1PI16ISE59','lrkvw',5,'ISE','lrkvw@gmail.com',939381559);
INSERT INTO student_credential(usn,password)VALUES('1PI16ISE59','1PI16ISE59');
INSERT INTO student(usn,name,sem,dept,email,mob) VALUES('1PI16ISE60','pnvgz',5,'ISE','pnvgz@gmail.com',939381560);
INSERT INTO student_credential(usn,password)VALUES('1PI16ISE60','1PI16ISE60');
INSERT INTO student(usn,name,sem,dept,email,mob) VALUES('1PI16ISE61','miizw',5,'ISE','miizw@gmail.com',939381561);
INSERT INTO student_credential(usn,password)VALUES('1PI16ISE61','1PI16ISE61');
INSERT INTO student(usn,name,sem,dept,email,mob) VALUES('1PI16ISE62','udwdf',5,'ISE','udwdf@gmail.com',939381562);
INSERT INTO student_credential(usn,password)VALUES('1PI16ISE62','1PI16ISE62');
INSERT INTO student(usn,name,sem,dept,email,mob) VALUES('1PI16ISE63','zlktb',5,'ISE','zlktb@gmail.com',939381563);
INSERT INTO student_credential(usn,password)VALUES('1PI16ISE63','1PI16ISE63');
INSERT INTO student(usn,name,sem,dept,email,mob) VALUES('1PI16ISE64','qdxgy',5,'ISE','qdxgy@gmail.com',939381564);
INSERT INTO student_credential(usn,password)VALUES('1PI16ISE64','1PI16ISE64');
INSERT INTO student(usn,name,sem,dept,email,mob) VALUES('1PI16ISE65','yiuds',5,'ISE','yiuds@gmail.com',939381565);
INSERT INTO student_credential(usn,password)VALUES('1PI16ISE65','1PI16ISE65');
INSERT INTO student(usn,name,sem,dept,email,mob) VALUES('1PI16ISE66','jvezk',5,'ISE','jvezk@gmail.com',939381566);
INSERT INTO student_credential(usn,password)VALUES('1PI16ISE66','1PI16ISE66');
INSERT INTO student(usn,name,sem,dept,email,mob) VALUES('1PI16ISE67','mesbj',5,'ISE','mesbj@gmail.com',939381567);
INSERT INTO student_credential(usn,password)VALUES('1PI16ISE67','1PI16ISE67');
INSERT INTO student(usn,name,sem,dept,email,mob) VALUES('1PI16ISE68','lkyer',5,'ISE','lkyer@gmail.com',939381568);
INSERT INTO student_credential(usn,password)VALUES('1PI16ISE68','1PI16ISE68');
INSERT INTO student(usn,name,sem,dept,email,mob) VALUES('1PI16ISE69','tahne',5,'ISE','tahne@gmail.com',939381569);
INSERT INTO student_credential(usn,password)VALUES('1PI16ISE69','1PI16ISE69');
INSERT INTO student(usn,name,sem,dept,email,mob) VALUES('1PI16ISE70','xhuqm',5,'ISE','xhuqm@gmail.com',939381570);
INSERT INTO student_credential(usn,password)VALUES('1PI16ISE70','1PI16ISE70');
INSERT INTO student(usn,name,sem,dept,email,mob) VALUES('1PI16ISE71','jicbm',5,'ISE','jicbm@gmail.com',939381571);
INSERT INTO student_credential(usn,password)VALUES('1PI16ISE71','1PI16ISE71');
INSERT INTO student(usn,name,sem,dept,email,mob) VALUES('1PI16ISE72','usqdk',5,'ISE','usqdk@gmail.com',939381572);
INSERT INTO student_credential(usn,password)VALUES('1PI16ISE72','1PI16ISE72');
INSERT INTO student(usn,name,sem,dept,email,mob) VALUES('1PI16ISE73','lasol',5,'ISE','lasol@gmail.com',939381573);
INSERT INTO student_credential(usn,password)VALUES('1PI16ISE73','1PI16ISE73');
INSERT INTO student(usn,name,sem,dept,email,mob) VALUES('1PI16ISE74','wjxpt',5,'ISE','wjxpt@gmail.com',939381574);
INSERT INTO student_credential(usn,password)VALUES('1PI16ISE74','1PI16ISE74');
INSERT INTO student(usn,name,sem,dept,email,mob) VALUES('1PI16ISE75','xxeum',5,'ISE','xxeum@gmail.com',939381575);
INSERT INTO student_credential(usn,password)VALUES('1PI16ISE75','1PI16ISE75');
INSERT INTO student(usn,name,sem,dept,email,mob) VALUES('1PI16ISE76','zfwyu',5,'ISE','zfwyu@gmail.com',939381576);
INSERT INTO student_credential(usn,password)VALUES('1PI16ISE76','1PI16ISE76');
INSERT INTO student(usn,name,sem,dept,email,mob) VALUES('1PI16ISE77','cpabq',5,'ISE','cpabq@gmail.com',939381577);
INSERT INTO student_credential(usn,password)VALUES('1PI16ISE77','1PI16ISE77');
INSERT INTO student(usn,name,sem,dept,email,mob) VALUES('1PI16ISE78','seffu',5,'ISE','seffu@gmail.com',939381578);
INSERT INTO student_credential(usn,password)VALUES('1PI16ISE78','1PI16ISE78');
INSERT INTO student(usn,name,sem,dept,email,mob) VALUES('1PI16ISE79','nqpkf',5,'ISE','nqpkf@gmail.com',939381579);
INSERT INTO student_credential(usn,password)VALUES('1PI16ISE79','1PI16ISE79');
INSERT INTO student(usn,name,sem,dept,email,mob) VALUES('1PI16ISE80','nnbec',5,'ISE','nnbec@gmail.com',939381580);
INSERT INTO student_credential(usn,password)VALUES('1PI16ISE80','1PI16ISE80');
INSERT INTO student(usn,name,sem,dept,email,mob) VALUES('1PI16ISE81','bbcjp',5,'ISE','bbcjp@gmail.com',939381581);
INSERT INTO student_credential(usn,password)VALUES('1PI16ISE81','1PI16ISE81');
INSERT INTO student(usn,name,sem,dept,email,mob) VALUES('1PI16ISE82','dyjli',5,'ISE','dyjli@gmail.com',939381582);
INSERT INTO student_credential(usn,password)VALUES('1PI16ISE82','1PI16ISE82');
INSERT INTO student(usn,name,sem,dept,email,mob) VALUES('1PI16ISE83','bitll',5,'ISE','bitll@gmail.com',939381583);
INSERT INTO student_credential(usn,password)VALUES('1PI16ISE83','1PI16ISE83');
INSERT INTO student(usn,name,sem,dept,email,mob) VALUES('1PI16ISE84','plxel',5,'ISE','plxel@gmail.com',939381584);
INSERT INTO student_credential(usn,password)VALUES('1PI16ISE84','1PI16ISE84');
INSERT INTO student(usn,name,sem,dept,email,mob) VALUES('1PI16ISE85','rdkex',5,'ISE','rdkex@gmail.com',939381585);
INSERT INTO student_credential(usn,password)VALUES('1PI16ISE85','1PI16ISE85');
INSERT INTO student(usn,name,sem,dept,email,mob) VALUES('1PI16ISE86','dtquv',5,'ISE','dtquv@gmail.com',939381586);
INSERT INTO student_credential(usn,password)VALUES('1PI16ISE86','1PI16ISE86');
INSERT INTO student(usn,name,sem,dept,email,mob) VALUES('1PI16ISE87','pttey',5,'ISE','pttey@gmail.com',939381587);
INSERT INTO student_credential(usn,password)VALUES('1PI16ISE87','1PI16ISE87');
INSERT INTO student(usn,name,sem,dept,email,mob) VALUES('1PI16ISE88','htlql',5,'ISE','htlql@gmail.com',939381588);
INSERT INTO student_credential(usn,password)VALUES('1PI16ISE88','1PI16ISE88');
INSERT INTO student(usn,name,sem,dept,email,mob) VALUES('1PI16ISE89','bbbvo',5,'ISE','bbbvo@gmail.com',939381589);
INSERT INTO student_credential(usn,password)VALUES('1PI16ISE89','1PI16ISE89');
INSERT INTO student(usn,name,sem,dept,email,mob) VALUES('1PI16ISE90','qozky',5,'ISE','qozky@gmail.com',939381590);
INSERT INTO student_credential(usn,password)VALUES('1PI16ISE90','1PI16ISE90');
INSERT INTO student(usn,name,sem,dept,email,mob) VALUES('1PI16ISE91','nayyr',5,'ISE','nayyr@gmail.com',939381591);
INSERT INTO student_credential(usn,password)VALUES('1PI16ISE91','1PI16ISE91');
INSERT INTO student(usn,name,sem,dept,email,mob) VALUES('1PI16ISE92','baqmy',5,'ISE','baqmy@gmail.com',939381592);
INSERT INTO student_credential(usn,password)VALUES('1PI16ISE92','1PI16ISE92');
INSERT INTO student(usn,name,sem,dept,email,mob) VALUES('1PI16ISE93','jhzxn',5,'ISE','jhzxn@gmail.com',939381593);
INSERT INTO student_credential(usn,password)VALUES('1PI16ISE93','1PI16ISE93');
INSERT INTO student(usn,name,sem,dept,email,mob) VALUES('1PI16ISE94','dsiyf',5,'ISE','dsiyf@gmail.com',939381594);
INSERT INTO student_credential(usn,password)VALUES('1PI16ISE94','1PI16ISE94');
INSERT INTO student(usn,name,sem,dept,email,mob) VALUES('1PI16ISE95','sexwb',5,'ISE','sexwb@gmail.com',939381595);
INSERT INTO student_credential(usn,password)VALUES('1PI16ISE95','1PI16ISE95');
INSERT INTO student(usn,name,sem,dept,email,mob) VALUES('1PI16ISE96','ioewq',5,'ISE','ioewq@gmail.com',939381596);
INSERT INTO student_credential(usn,password)VALUES('1PI16ISE96','1PI16ISE96');
INSERT INTO student(usn,name,sem,dept,email,mob) VALUES('1PI16ISE97','vqrtc',5,'ISE','vqrtc@gmail.com',939381597);
INSERT INTO student_credential(usn,password)VALUES('1PI16ISE97','1PI16ISE97');
INSERT INTO student(usn,name,sem,dept,email,mob) VALUES('1PI16ISE98','dlpqm',5,'ISE','dlpqm@gmail.com',939381598);
INSERT INTO student_credential(usn,password)VALUES('1PI16ISE98','1PI16ISE98');
INSERT INTO student(usn,name,sem,dept,email,mob) VALUES('1PI16ISE99','vjifv',5,'ISE','vjifv@gmail.com',939381599);
INSERT INTO student_credential(usn,password)VALUES('1PI16ISE99','1PI16ISE99');
INSERT INTO student(usn,name,sem,dept,email,mob) VALUES('1PI18ISE0','gymkg',3,'ISE','gymkg@gmail.com',939381300);
INSERT INTO student_credential(usn,password)VALUES('1PI18ISE0','1PI18ISE0');
INSERT INTO student(usn,name,sem,dept,email,mob) VALUES('1PI18ISE1','otzjm',3,'ISE','otzjm@gmail.com',939381301);
INSERT INTO student_credential(usn,password)VALUES('1PI18ISE1','1PI18ISE1');
INSERT INTO student(usn,name,sem,dept,email,mob) VALUES('1PI18ISE2','nzqtm',3,'ISE','nzqtm@gmail.com',939381302);
INSERT INTO student_credential(usn,password)VALUES('1PI18ISE2','1PI18ISE2');
INSERT INTO student(usn,name,sem,dept,email,mob) VALUES('1PI18ISE3','rpnde',3,'ISE','rpnde@gmail.com',939381303);
INSERT INTO student_credential(usn,password)VALUES('1PI18ISE3','1PI18ISE3');
INSERT INTO student(usn,name,sem,dept,email,mob) VALUES('1PI18ISE4','vnmth',3,'ISE','vnmth@gmail.com',939381304);
INSERT INTO student_credential(usn,password)VALUES('1PI18ISE4','1PI18ISE4');
INSERT INTO student(usn,name,sem,dept,email,mob) VALUES('1PI18ISE5','jitss',3,'ISE','jitss@gmail.com',939381305);
INSERT INTO student_credential(usn,password)VALUES('1PI18ISE5','1PI18ISE5');
INSERT INTO student(usn,name,sem,dept,email,mob) VALUES('1PI18ISE6','paqnj',3,'ISE','paqnj@gmail.com',939381306);
INSERT INTO student_credential(usn,password)VALUES('1PI18ISE6','1PI18ISE6');
INSERT INTO student(usn,name,sem,dept,email,mob) VALUES('1PI18ISE7','rdoyj',3,'ISE','rdoyj@gmail.com',939381307);
INSERT INTO student_credential(usn,password)VALUES('1PI18ISE7','1PI18ISE7');
INSERT INTO student(usn,name,sem,dept,email,mob) VALUES('1PI18ISE8','wpyat',3,'ISE','wpyat@gmail.com',939381308);
INSERT INTO student_credential(usn,password)VALUES('1PI18ISE8','1PI18ISE8');
INSERT INTO student(usn,name,sem,dept,email,mob) VALUES('1PI18ISE9','mleyq',3,'ISE','mleyq@gmail.com',939381309);
INSERT INTO student_credential(usn,password)VALUES('1PI18ISE9','1PI18ISE9');
INSERT INTO student(usn,name,sem,dept,email,mob) VALUES('1PI18ISE10','svkpa',3,'ISE','svkpa@gmail.com',939381310);
INSERT INTO student_credential(usn,password)VALUES('1PI18ISE10','1PI18ISE10');
INSERT INTO student(usn,name,sem,dept,email,mob) VALUES('1PI18ISE11','msvbm',3,'ISE','msvbm@gmail.com',939381311);
INSERT INTO student_credential(usn,password)VALUES('1PI18ISE11','1PI18ISE11');
INSERT INTO student(usn,name,sem,dept,email,mob) VALUES('1PI18ISE12','vxrll',3,'ISE','vxrll@gmail.com',939381312);
INSERT INTO student_credential(usn,password)VALUES('1PI18ISE12','1PI18ISE12');
INSERT INTO student(usn,name,sem,dept,email,mob) VALUES('1PI18ISE13','ivfed',3,'ISE','ivfed@gmail.com',939381313);
INSERT INTO student_credential(usn,password)VALUES('1PI18ISE13','1PI18ISE13');
INSERT INTO student(usn,name,sem,dept,email,mob) VALUES('1PI18ISE14','kjiga',3,'ISE','kjiga@gmail.com',939381314);
INSERT INTO student_credential(usn,password)VALUES('1PI18ISE14','1PI18ISE14');
INSERT INTO student(usn,name,sem,dept,email,mob) VALUES('1PI18ISE15','vyxjv',3,'ISE','vyxjv@gmail.com',939381315);
INSERT INTO student_credential(usn,password)VALUES('1PI18ISE15','1PI18ISE15');
INSERT INTO student(usn,name,sem,dept,email,mob) VALUES('1PI18ISE16','eqvrb',3,'ISE','eqvrb@gmail.com',939381316);
INSERT INTO student_credential(usn,password)VALUES('1PI18ISE16','1PI18ISE16');
INSERT INTO student(usn,name,sem,dept,email,mob) VALUES('1PI18ISE17','acuig',3,'ISE','acuig@gmail.com',939381317);
INSERT INTO student_credential(usn,password)VALUES('1PI18ISE17','1PI18ISE17');
INSERT INTO student(usn,name,sem,dept,email,mob) VALUES('1PI18ISE18','aipyh',3,'ISE','aipyh@gmail.com',939381318);
INSERT INTO student_credential(usn,password)VALUES('1PI18ISE18','1PI18ISE18');
INSERT INTO student(usn,name,sem,dept,email,mob) VALUES('1PI18ISE19','bbxip',3,'ISE','bbxip@gmail.com',939381319);
INSERT INTO student_credential(usn,password)VALUES('1PI18ISE19','1PI18ISE19');
INSERT INTO student(usn,name,sem,dept,email,mob) VALUES('1PI18ISE20','bzncw',3,'ISE','bzncw@gmail.com',939381320);
INSERT INTO student_credential(usn,password)VALUES('1PI18ISE20','1PI18ISE20');
INSERT INTO student(usn,name,sem,dept,email,mob) VALUES('1PI18ISE21','hrbli',3,'ISE','hrbli@gmail.com',939381321);
INSERT INTO student_credential(usn,password)VALUES('1PI18ISE21','1PI18ISE21');
INSERT INTO student(usn,name,sem,dept,email,mob) VALUES('1PI18ISE22','rizxo',3,'ISE','rizxo@gmail.com',939381322);
INSERT INTO student_credential(usn,password)VALUES('1PI18ISE22','1PI18ISE22');
INSERT INTO student(usn,name,sem,dept,email,mob) VALUES('1PI18ISE23','qptqq',3,'ISE','qptqq@gmail.com',939381323);
INSERT INTO student_credential(usn,password)VALUES('1PI18ISE23','1PI18ISE23');
INSERT INTO student(usn,name,sem,dept,email,mob) VALUES('1PI18ISE24','weaaf',3,'ISE','weaaf@gmail.com',939381324);
INSERT INTO student_credential(usn,password)VALUES('1PI18ISE24','1PI18ISE24');
INSERT INTO student(usn,name,sem,dept,email,mob) VALUES('1PI18ISE25','jeqio',3,'ISE','jeqio@gmail.com',939381325);
INSERT INTO student_credential(usn,password)VALUES('1PI18ISE25','1PI18ISE25');
INSERT INTO student(usn,name,sem,dept,email,mob) VALUES('1PI18ISE26','zpyfa',3,'ISE','zpyfa@gmail.com',939381326);
INSERT INTO student_credential(usn,password)VALUES('1PI18ISE26','1PI18ISE26');
INSERT INTO student(usn,name,sem,dept,email,mob) VALUES('1PI18ISE27','uuqmv',3,'ISE','uuqmv@gmail.com',939381327);
INSERT INTO student_credential(usn,password)VALUES('1PI18ISE27','1PI18ISE27');
INSERT INTO student(usn,name,sem,dept,email,mob) VALUES('1PI18ISE28','hxkmn',3,'ISE','hxkmn@gmail.com',939381328);
INSERT INTO student_credential(usn,password)VALUES('1PI18ISE28','1PI18ISE28');
INSERT INTO student(usn,name,sem,dept,email,mob) VALUES('1PI18ISE29','xmsya',3,'ISE','xmsya@gmail.com',939381329);
INSERT INTO student_credential(usn,password)VALUES('1PI18ISE29','1PI18ISE29');
INSERT INTO student(usn,name,sem,dept,email,mob) VALUES('1PI18ISE30','mptlz',3,'ISE','mptlz@gmail.com',939381330);
INSERT INTO student_credential(usn,password)VALUES('1PI18ISE30','1PI18ISE30');
INSERT INTO student(usn,name,sem,dept,email,mob) VALUES('1PI18ISE31','anotl',3,'ISE','anotl@gmail.com',939381331);
INSERT INTO student_credential(usn,password)VALUES('1PI18ISE31','1PI18ISE31');
INSERT INTO student(usn,name,sem,dept,email,mob) VALUES('1PI18ISE32','slwuh',3,'ISE','slwuh@gmail.com',939381332);
INSERT INTO student_credential(usn,password)VALUES('1PI18ISE32','1PI18ISE32');
INSERT INTO student(usn,name,sem,dept,email,mob) VALUES('1PI18ISE33','tfqjr',3,'ISE','tfqjr@gmail.com',939381333);
INSERT INTO student_credential(usn,password)VALUES('1PI18ISE33','1PI18ISE33');
INSERT INTO student(usn,name,sem,dept,email,mob) VALUES('1PI18ISE34','rwbwh',3,'ISE','rwbwh@gmail.com',939381334);
INSERT INTO student_credential(usn,password)VALUES('1PI18ISE34','1PI18ISE34');
INSERT INTO student(usn,name,sem,dept,email,mob) VALUES('1PI18ISE35','mqhzk',3,'ISE','mqhzk@gmail.com',939381335);
INSERT INTO student_credential(usn,password)VALUES('1PI18ISE35','1PI18ISE35');
INSERT INTO student(usn,name,sem,dept,email,mob) VALUES('1PI18ISE36','hdkcr',3,'ISE','hdkcr@gmail.com',939381336);
INSERT INTO student_credential(usn,password)VALUES('1PI18ISE36','1PI18ISE36');
INSERT INTO student(usn,name,sem,dept,email,mob) VALUES('1PI18ISE37','fvbei',3,'ISE','fvbei@gmail.com',939381337);
INSERT INTO student_credential(usn,password)VALUES('1PI18ISE37','1PI18ISE37');
INSERT INTO student(usn,name,sem,dept,email,mob) VALUES('1PI18ISE38','yipvf',3,'ISE','yipvf@gmail.com',939381338);
INSERT INTO student_credential(usn,password)VALUES('1PI18ISE38','1PI18ISE38');
INSERT INTO student(usn,name,sem,dept,email,mob) VALUES('1PI18ISE39','vpzhy',3,'ISE','vpzhy@gmail.com',939381339);
INSERT INTO student_credential(usn,password)VALUES('1PI18ISE39','1PI18ISE39');
INSERT INTO student(usn,name,sem,dept,email,mob) VALUES('1PI18ISE40','ujabt',3,'ISE','ujabt@gmail.com',939381340);
INSERT INTO student_credential(usn,password)VALUES('1PI18ISE40','1PI18ISE40');
INSERT INTO student(usn,name,sem,dept,email,mob) VALUES('1PI18ISE41','qwwtb',3,'ISE','qwwtb@gmail.com',939381341);
INSERT INTO student_credential(usn,password)VALUES('1PI18ISE41','1PI18ISE41');
INSERT INTO student(usn,name,sem,dept,email,mob) VALUES('1PI18ISE42','kdogk',3,'ISE','kdogk@gmail.com',939381342);
INSERT INTO student_credential(usn,password)VALUES('1PI18ISE42','1PI18ISE42');
INSERT INTO student(usn,name,sem,dept,email,mob) VALUES('1PI18ISE43','emhib',3,'ISE','emhib@gmail.com',939381343);
INSERT INTO student_credential(usn,password)VALUES('1PI18ISE43','1PI18ISE43');
INSERT INTO student(usn,name,sem,dept,email,mob) VALUES('1PI18ISE44','yxrnx',3,'ISE','yxrnx@gmail.com',939381344);
INSERT INTO student_credential(usn,password)VALUES('1PI18ISE44','1PI18ISE44');
INSERT INTO student(usn,name,sem,dept,email,mob) VALUES('1PI18ISE45','sxrzl',3,'ISE','sxrzl@gmail.com',939381345);
INSERT INTO student_credential(usn,password)VALUES('1PI18ISE45','1PI18ISE45');
INSERT INTO student(usn,name,sem,dept,email,mob) VALUES('1PI18ISE46','etbqe',3,'ISE','etbqe@gmail.com',939381346);
INSERT INTO student_credential(usn,password)VALUES('1PI18ISE46','1PI18ISE46');
INSERT INTO student(usn,name,sem,dept,email,mob) VALUES('1PI18ISE47','xkrqo',3,'ISE','xkrqo@gmail.com',939381347);
INSERT INTO student_credential(usn,password)VALUES('1PI18ISE47','1PI18ISE47');
INSERT INTO student(usn,name,sem,dept,email,mob) VALUES('1PI18ISE48','ierna',3,'ISE','ierna@gmail.com',939381348);
INSERT INTO student_credential(usn,password)VALUES('1PI18ISE48','1PI18ISE48');
INSERT INTO student(usn,name,sem,dept,email,mob) VALUES('1PI18ISE49','plqyj',3,'ISE','plqyj@gmail.com',939381349);
INSERT INTO student_credential(usn,password)VALUES('1PI18ISE49','1PI18ISE49');
INSERT INTO student(usn,name,sem,dept,email,mob) VALUES('1PI18ISE50','pqoub',3,'ISE','pqoub@gmail.com',939381350);
INSERT INTO student_credential(usn,password)VALUES('1PI18ISE50','1PI18ISE50');
INSERT INTO student(usn,name,sem,dept,email,mob) VALUES('1PI18ISE51','vjseb',3,'ISE','vjseb@gmail.com',939381351);
INSERT INTO student_credential(usn,password)VALUES('1PI18ISE51','1PI18ISE51');
INSERT INTO student(usn,name,sem,dept,email,mob) VALUES('1PI18ISE52','alwnk',3,'ISE','alwnk@gmail.com',939381352);
INSERT INTO student_credential(usn,password)VALUES('1PI18ISE52','1PI18ISE52');
INSERT INTO student(usn,name,sem,dept,email,mob) VALUES('1PI18ISE53','svloi',3,'ISE','svloi@gmail.com',939381353);
INSERT INTO student_credential(usn,password)VALUES('1PI18ISE53','1PI18ISE53');
INSERT INTO student(usn,name,sem,dept,email,mob) VALUES('1PI18ISE54','dzfpi',3,'ISE','dzfpi@gmail.com',939381354);
INSERT INTO student_credential(usn,password)VALUES('1PI18ISE54','1PI18ISE54');
INSERT INTO student(usn,name,sem,dept,email,mob) VALUES('1PI18ISE55','rwycz',3,'ISE','rwycz@gmail.com',939381355);
INSERT INTO student_credential(usn,password)VALUES('1PI18ISE55','1PI18ISE55');
INSERT INTO student(usn,name,sem,dept,email,mob) VALUES('1PI18ISE56','twzzv',3,'ISE','twzzv@gmail.com',939381356);
INSERT INTO student_credential(usn,password)VALUES('1PI18ISE56','1PI18ISE56');
INSERT INTO student(usn,name,sem,dept,email,mob) VALUES('1PI18ISE57','ewxot',3,'ISE','ewxot@gmail.com',939381357);
INSERT INTO student_credential(usn,password)VALUES('1PI18ISE57','1PI18ISE57');
INSERT INTO student(usn,name,sem,dept,email,mob) VALUES('1PI18ISE58','akudk',3,'ISE','akudk@gmail.com',939381358);
INSERT INTO student_credential(usn,password)VALUES('1PI18ISE58','1PI18ISE58');
INSERT INTO student(usn,name,sem,dept,email,mob) VALUES('1PI18ISE59','pedup',3,'ISE','pedup@gmail.com',939381359);
INSERT INTO student_credential(usn,password)VALUES('1PI18ISE59','1PI18ISE59');
INSERT INTO student(usn,name,sem,dept,email,mob) VALUES('1PI18ISE60','kczlh',3,'ISE','kczlh@gmail.com',939381360);
INSERT INTO student_credential(usn,password)VALUES('1PI18ISE60','1PI18ISE60');
INSERT INTO student(usn,name,sem,dept,email,mob) VALUES('1PI18ISE61','wuskd',3,'ISE','wuskd@gmail.com',939381361);
INSERT INTO student_credential(usn,password)VALUES('1PI18ISE61','1PI18ISE61');
INSERT INTO student(usn,name,sem,dept,email,mob) VALUES('1PI18ISE62','nevdc',3,'ISE','nevdc@gmail.com',939381362);
INSERT INTO student_credential(usn,password)VALUES('1PI18ISE62','1PI18ISE62');
INSERT INTO student(usn,name,sem,dept,email,mob) VALUES('1PI18ISE63','plbkl',3,'ISE','plbkl@gmail.com',939381363);
INSERT INTO student_credential(usn,password)VALUES('1PI18ISE63','1PI18ISE63');
INSERT INTO student(usn,name,sem,dept,email,mob) VALUES('1PI18ISE64','pjmpf',3,'ISE','pjmpf@gmail.com',939381364);
INSERT INTO student_credential(usn,password)VALUES('1PI18ISE64','1PI18ISE64');
INSERT INTO student(usn,name,sem,dept,email,mob) VALUES('1PI18ISE65','dcyqt',3,'ISE','dcyqt@gmail.com',939381365);
INSERT INTO student_credential(usn,password)VALUES('1PI18ISE65','1PI18ISE65');
INSERT INTO student(usn,name,sem,dept,email,mob) VALUES('1PI18ISE66','rcvvv',3,'ISE','rcvvv@gmail.com',939381366);
INSERT INTO student_credential(usn,password)VALUES('1PI18ISE66','1PI18ISE66');
INSERT INTO student(usn,name,sem,dept,email,mob) VALUES('1PI18ISE67','trffv',3,'ISE','trffv@gmail.com',939381367);
INSERT INTO student_credential(usn,password)VALUES('1PI18ISE67','1PI18ISE67');
INSERT INTO student(usn,name,sem,dept,email,mob) VALUES('1PI18ISE68','pekkq',3,'ISE','pekkq@gmail.com',939381368);
INSERT INTO student_credential(usn,password)VALUES('1PI18ISE68','1PI18ISE68');
INSERT INTO student(usn,name,sem,dept,email,mob) VALUES('1PI18ISE69','mcupr',3,'ISE','mcupr@gmail.com',939381369);
INSERT INTO student_credential(usn,password)VALUES('1PI18ISE69','1PI18ISE69');
INSERT INTO student(usn,name,sem,dept,email,mob) VALUES('1PI18ISE70','yjaut',3,'ISE','yjaut@gmail.com',939381370);
INSERT INTO student_credential(usn,password)VALUES('1PI18ISE70','1PI18ISE70');
INSERT INTO student(usn,name,sem,dept,email,mob) VALUES('1PI18ISE71','euvcz',3,'ISE','euvcz@gmail.com',939381371);
INSERT INTO student_credential(usn,password)VALUES('1PI18ISE71','1PI18ISE71');
INSERT INTO student(usn,name,sem,dept,email,mob) VALUES('1PI18ISE72','victh',3,'ISE','victh@gmail.com',939381372);
INSERT INTO student_credential(usn,password)VALUES('1PI18ISE72','1PI18ISE72');
INSERT INTO student(usn,name,sem,dept,email,mob) VALUES('1PI18ISE73','rxsxc',3,'ISE','rxsxc@gmail.com',939381373);
INSERT INTO student_credential(usn,password)VALUES('1PI18ISE73','1PI18ISE73');
INSERT INTO student(usn,name,sem,dept,email,mob) VALUES('1PI18ISE74','lprgd',3,'ISE','lprgd@gmail.com',939381374);
INSERT INTO student_credential(usn,password)VALUES('1PI18ISE74','1PI18ISE74');
INSERT INTO student(usn,name,sem,dept,email,mob) VALUES('1PI18ISE75','lwxfa',3,'ISE','lwxfa@gmail.com',939381375);
INSERT INTO student_credential(usn,password)VALUES('1PI18ISE75','1PI18ISE75');
INSERT INTO student(usn,name,sem,dept,email,mob) VALUES('1PI18ISE76','igayr',3,'ISE','igayr@gmail.com',939381376);
INSERT INTO student_credential(usn,password)VALUES('1PI18ISE76','1PI18ISE76');
INSERT INTO student(usn,name,sem,dept,email,mob) VALUES('1PI18ISE77','ueicu',3,'ISE','ueicu@gmail.com',939381377);
INSERT INTO student_credential(usn,password)VALUES('1PI18ISE77','1PI18ISE77');
INSERT INTO student(usn,name,sem,dept,email,mob) VALUES('1PI18ISE78','fdiam',3,'ISE','fdiam@gmail.com',939381378);
INSERT INTO student_credential(usn,password)VALUES('1PI18ISE78','1PI18ISE78');
INSERT INTO student(usn,name,sem,dept,email,mob) VALUES('1PI18ISE79','htkbx',3,'ISE','htkbx@gmail.com',939381379);
INSERT INTO student_credential(usn,password)VALUES('1PI18ISE79','1PI18ISE79');
INSERT INTO student(usn,name,sem,dept,email,mob) VALUES('1PI18ISE80','otdir',3,'ISE','otdir@gmail.com',939381380);
INSERT INTO student_credential(usn,password)VALUES('1PI18ISE80','1PI18ISE80');
INSERT INTO student(usn,name,sem,dept,email,mob) VALUES('1PI18ISE81','xxgvz',3,'ISE','xxgvz@gmail.com',939381381);
INSERT INTO student_credential(usn,password)VALUES('1PI18ISE81','1PI18ISE81');
INSERT INTO student(usn,name,sem,dept,email,mob) VALUES('1PI18ISE82','qmeyr',3,'ISE','qmeyr@gmail.com',939381382);
INSERT INTO student_credential(usn,password)VALUES('1PI18ISE82','1PI18ISE82');
INSERT INTO student(usn,name,sem,dept,email,mob) VALUES('1PI18ISE83','ovfic',3,'ISE','ovfic@gmail.com',939381383);
INSERT INTO student_credential(usn,password)VALUES('1PI18ISE83','1PI18ISE83');
INSERT INTO student(usn,name,sem,dept,email,mob) VALUES('1PI18ISE84','hqniv',3,'ISE','hqniv@gmail.com',939381384);
INSERT INTO student_credential(usn,password)VALUES('1PI18ISE84','1PI18ISE84');
INSERT INTO student(usn,name,sem,dept,email,mob) VALUES('1PI18ISE85','fjzau',3,'ISE','fjzau@gmail.com',939381385);
INSERT INTO student_credential(usn,password)VALUES('1PI18ISE85','1PI18ISE85');
INSERT INTO student(usn,name,sem,dept,email,mob) VALUES('1PI18ISE86','qfdft',3,'ISE','qfdft@gmail.com',939381386);
INSERT INTO student_credential(usn,password)VALUES('1PI18ISE86','1PI18ISE86');
INSERT INTO student(usn,name,sem,dept,email,mob) VALUES('1PI18ISE87','gmops',3,'ISE','gmops@gmail.com',939381387);
INSERT INTO student_credential(usn,password)VALUES('1PI18ISE87','1PI18ISE87');
INSERT INTO student(usn,name,sem,dept,email,mob) VALUES('1PI18ISE88','rgpug',3,'ISE','rgpug@gmail.com',939381388);
INSERT INTO student_credential(usn,password)VALUES('1PI18ISE88','1PI18ISE88');
INSERT INTO student(usn,name,sem,dept,email,mob) VALUES('1PI18ISE89','xtuhl',3,'ISE','xtuhl@gmail.com',939381389);
INSERT INTO student_credential(usn,password)VALUES('1PI18ISE89','1PI18ISE89');
INSERT INTO student(usn,name,sem,dept,email,mob) VALUES('1PI18ISE90','cvspi',3,'ISE','cvspi@gmail.com',939381390);
INSERT INTO student_credential(usn,password)VALUES('1PI18ISE90','1PI18ISE90');
INSERT INTO student(usn,name,sem,dept,email,mob) VALUES('1PI18ISE91','hazrs',3,'ISE','hazrs@gmail.com',939381391);
INSERT INTO student_credential(usn,password)VALUES('1PI18ISE91','1PI18ISE91');
INSERT INTO student(usn,name,sem,dept,email,mob) VALUES('1PI18ISE92','sfszw',3,'ISE','sfszw@gmail.com',939381392);
INSERT INTO student_credential(usn,password)VALUES('1PI18ISE92','1PI18ISE92');
INSERT INTO student(usn,name,sem,dept,email,mob) VALUES('1PI18ISE93','xbqmu',3,'ISE','xbqmu@gmail.com',939381393);
INSERT INTO student_credential(usn,password)VALUES('1PI18ISE93','1PI18ISE93');
INSERT INTO student(usn,name,sem,dept,email,mob) VALUES('1PI18ISE94','rwmxc',3,'ISE','rwmxc@gmail.com',939381394);
INSERT INTO student_credential(usn,password)VALUES('1PI18ISE94','1PI18ISE94');
INSERT INTO student(usn,name,sem,dept,email,mob) VALUES('1PI18ISE95','dbhum',3,'ISE','dbhum@gmail.com',939381395);
INSERT INTO student_credential(usn,password)VALUES('1PI18ISE95','1PI18ISE95');
INSERT INTO student(usn,name,sem,dept,email,mob) VALUES('1PI18ISE96','rgjqm',3,'ISE','rgjqm@gmail.com',939381396);
INSERT INTO student_credential(usn,password)VALUES('1PI18ISE96','1PI18ISE96');
INSERT INTO student(usn,name,sem,dept,email,mob) VALUES('1PI18ISE97','vnkyr',3,'ISE','vnkyr@gmail.com',939381397);
INSERT INTO student_credential(usn,password)VALUES('1PI18ISE97','1PI18ISE97');
INSERT INTO student(usn,name,sem,dept,email,mob) VALUES('1PI18ISE98','tnsjv',3,'ISE','tnsjv@gmail.com',939381398);
INSERT INTO student_credential(usn,password)VALUES('1PI18ISE98','1PI18ISE98');
INSERT INTO student(usn,name,sem,dept,email,mob) VALUES('1PI18ISE99','wzxss',3,'ISE','wzxss@gmail.com',939381399);
INSERT INTO student_credential(usn,password)VALUES('1PI18ISE99','1PI18ISE99');
INSERT INTO student(usn,name,sem,dept,email,mob) VALUES('1PI20ISE0','qxnjo',1,'ISE','qxnjo@gmail.com',939381100);
INSERT INTO student_credential(usn,password)VALUES('1PI20ISE0','1PI20ISE0');
INSERT INTO student(usn,name,sem,dept,email,mob) VALUES('1PI20ISE1','muyjn',1,'ISE','muyjn@gmail.com',939381101);
INSERT INTO student_credential(usn,password)VALUES('1PI20ISE1','1PI20ISE1');
INSERT INTO student(usn,name,sem,dept,email,mob) VALUES('1PI20ISE2','juwrs',1,'ISE','juwrs@gmail.com',939381102);
INSERT INTO student_credential(usn,password)VALUES('1PI20ISE2','1PI20ISE2');
INSERT INTO student(usn,name,sem,dept,email,mob) VALUES('1PI20ISE3','yxwqy',1,'ISE','yxwqy@gmail.com',939381103);
INSERT INTO student_credential(usn,password)VALUES('1PI20ISE3','1PI20ISE3');
INSERT INTO student(usn,name,sem,dept,email,mob) VALUES('1PI20ISE4','yxcsz',1,'ISE','yxcsz@gmail.com',939381104);
INSERT INTO student_credential(usn,password)VALUES('1PI20ISE4','1PI20ISE4');
INSERT INTO student(usn,name,sem,dept,email,mob) VALUES('1PI20ISE5','poklw',1,'ISE','poklw@gmail.com',939381105);
INSERT INTO student_credential(usn,password)VALUES('1PI20ISE5','1PI20ISE5');
INSERT INTO student(usn,name,sem,dept,email,mob) VALUES('1PI20ISE6','jdrlt',1,'ISE','jdrlt@gmail.com',939381106);
INSERT INTO student_credential(usn,password)VALUES('1PI20ISE6','1PI20ISE6');
INSERT INTO student(usn,name,sem,dept,email,mob) VALUES('1PI20ISE7','bscie',1,'ISE','bscie@gmail.com',939381107);
INSERT INTO student_credential(usn,password)VALUES('1PI20ISE7','1PI20ISE7');
INSERT INTO student(usn,name,sem,dept,email,mob) VALUES('1PI20ISE8','dpiwl',1,'ISE','dpiwl@gmail.com',939381108);
INSERT INTO student_credential(usn,password)VALUES('1PI20ISE8','1PI20ISE8');
INSERT INTO student(usn,name,sem,dept,email,mob) VALUES('1PI20ISE9','aqige',1,'ISE','aqige@gmail.com',939381109);
INSERT INTO student_credential(usn,password)VALUES('1PI20ISE9','1PI20ISE9');
INSERT INTO student(usn,name,sem,dept,email,mob) VALUES('1PI20ISE10','sjsqh',1,'ISE','sjsqh@gmail.com',939381110);
INSERT INTO student_credential(usn,password)VALUES('1PI20ISE10','1PI20ISE10');
INSERT INTO student(usn,name,sem,dept,email,mob) VALUES('1PI20ISE11','sjlrg',1,'ISE','sjlrg@gmail.com',939381111);
INSERT INTO student_credential(usn,password)VALUES('1PI20ISE11','1PI20ISE11');
INSERT INTO student(usn,name,sem,dept,email,mob) VALUES('1PI20ISE12','lmwan',1,'ISE','lmwan@gmail.com',939381112);
INSERT INTO student_credential(usn,password)VALUES('1PI20ISE12','1PI20ISE12');
INSERT INTO student(usn,name,sem,dept,email,mob) VALUES('1PI20ISE13','rxrfn',1,'ISE','rxrfn@gmail.com',939381113);
INSERT INTO student_credential(usn,password)VALUES('1PI20ISE13','1PI20ISE13');
INSERT INTO student(usn,name,sem,dept,email,mob) VALUES('1PI20ISE14','wakzt',1,'ISE','wakzt@gmail.com',939381114);
INSERT INTO student_credential(usn,password)VALUES('1PI20ISE14','1PI20ISE14');
INSERT INTO student(usn,name,sem,dept,email,mob) VALUES('1PI20ISE15','gjhxa',1,'ISE','gjhxa@gmail.com',939381115);
INSERT INTO student_credential(usn,password)VALUES('1PI20ISE15','1PI20ISE15');
INSERT INTO student(usn,name,sem,dept,email,mob) VALUES('1PI20ISE16','unfqj',1,'ISE','unfqj@gmail.com',939381116);
INSERT INTO student_credential(usn,password)VALUES('1PI20ISE16','1PI20ISE16');
INSERT INTO student(usn,name,sem,dept,email,mob) VALUES('1PI20ISE17','vxioh',1,'ISE','vxioh@gmail.com',939381117);
INSERT INTO student_credential(usn,password)VALUES('1PI20ISE17','1PI20ISE17');
INSERT INTO student(usn,name,sem,dept,email,mob) VALUES('1PI20ISE18','njqrj',1,'ISE','njqrj@gmail.com',939381118);
INSERT INTO student_credential(usn,password)VALUES('1PI20ISE18','1PI20ISE18');
INSERT INTO student(usn,name,sem,dept,email,mob) VALUES('1PI20ISE19','shymd',1,'ISE','shymd@gmail.com',939381119);
INSERT INTO student_credential(usn,password)VALUES('1PI20ISE19','1PI20ISE19');
INSERT INTO student(usn,name,sem,dept,email,mob) VALUES('1PI20ISE20','ovwge',1,'ISE','ovwge@gmail.com',939381120);
INSERT INTO student_credential(usn,password)VALUES('1PI20ISE20','1PI20ISE20');
INSERT INTO student(usn,name,sem,dept,email,mob) VALUES('1PI20ISE21','fhjes',1,'ISE','fhjes@gmail.com',939381121);
INSERT INTO student_credential(usn,password)VALUES('1PI20ISE21','1PI20ISE21');
INSERT INTO student(usn,name,sem,dept,email,mob) VALUES('1PI20ISE22','vhtiz',1,'ISE','vhtiz@gmail.com',939381122);
INSERT INTO student_credential(usn,password)VALUES('1PI20ISE22','1PI20ISE22');
INSERT INTO student(usn,name,sem,dept,email,mob) VALUES('1PI20ISE23','iojlj',1,'ISE','iojlj@gmail.com',939381123);
INSERT INTO student_credential(usn,password)VALUES('1PI20ISE23','1PI20ISE23');
INSERT INTO student(usn,name,sem,dept,email,mob) VALUES('1PI20ISE24','dpmox',1,'ISE','dpmox@gmail.com',939381124);
INSERT INTO student_credential(usn,password)VALUES('1PI20ISE24','1PI20ISE24');
INSERT INTO student(usn,name,sem,dept,email,mob) VALUES('1PI20ISE25','byuyo',1,'ISE','byuyo@gmail.com',939381125);
INSERT INTO student_credential(usn,password)VALUES('1PI20ISE25','1PI20ISE25');
INSERT INTO student(usn,name,sem,dept,email,mob) VALUES('1PI20ISE26','pqjkz',1,'ISE','pqjkz@gmail.com',939381126);
INSERT INTO student_credential(usn,password)VALUES('1PI20ISE26','1PI20ISE26');
INSERT INTO student(usn,name,sem,dept,email,mob) VALUES('1PI20ISE27','tvjgk',1,'ISE','tvjgk@gmail.com',939381127);
INSERT INTO student_credential(usn,password)VALUES('1PI20ISE27','1PI20ISE27');
INSERT INTO student(usn,name,sem,dept,email,mob) VALUES('1PI20ISE28','wxkew',1,'ISE','wxkew@gmail.com',939381128);
INSERT INTO student_credential(usn,password)VALUES('1PI20ISE28','1PI20ISE28');
INSERT INTO student(usn,name,sem,dept,email,mob) VALUES('1PI20ISE29','pzhbj',1,'ISE','pzhbj@gmail.com',939381129);
INSERT INTO student_credential(usn,password)VALUES('1PI20ISE29','1PI20ISE29');
INSERT INTO student(usn,name,sem,dept,email,mob) VALUES('1PI20ISE30','suths',1,'ISE','suths@gmail.com',939381130);
INSERT INTO student_credential(usn,password)VALUES('1PI20ISE30','1PI20ISE30');
INSERT INTO student(usn,name,sem,dept,email,mob) VALUES('1PI20ISE31','yoefj',1,'ISE','yoefj@gmail.com',939381131);
INSERT INTO student_credential(usn,password)VALUES('1PI20ISE31','1PI20ISE31');
INSERT INTO student(usn,name,sem,dept,email,mob) VALUES('1PI20ISE32','gwwye',1,'ISE','gwwye@gmail.com',939381132);
INSERT INTO student_credential(usn,password)VALUES('1PI20ISE32','1PI20ISE32');
INSERT INTO student(usn,name,sem,dept,email,mob) VALUES('1PI20ISE33','ozluh',1,'ISE','ozluh@gmail.com',939381133);
INSERT INTO student_credential(usn,password)VALUES('1PI20ISE33','1PI20ISE33');
INSERT INTO student(usn,name,sem,dept,email,mob) VALUES('1PI20ISE34','mgabb',1,'ISE','mgabb@gmail.com',939381134);
INSERT INTO student_credential(usn,password)VALUES('1PI20ISE34','1PI20ISE34');
INSERT INTO student(usn,name,sem,dept,email,mob) VALUES('1PI20ISE35','sqrhc',1,'ISE','sqrhc@gmail.com',939381135);
INSERT INTO student_credential(usn,password)VALUES('1PI20ISE35','1PI20ISE35');
INSERT INTO student(usn,name,sem,dept,email,mob) VALUES('1PI20ISE36','rtxmj',1,'ISE','rtxmj@gmail.com',939381136);
INSERT INTO student_credential(usn,password)VALUES('1PI20ISE36','1PI20ISE36');
INSERT INTO student(usn,name,sem,dept,email,mob) VALUES('1PI20ISE37','vcaxx',1,'ISE','vcaxx@gmail.com',939381137);
INSERT INTO student_credential(usn,password)VALUES('1PI20ISE37','1PI20ISE37');
INSERT INTO student(usn,name,sem,dept,email,mob) VALUES('1PI20ISE38','sufah',1,'ISE','sufah@gmail.com',939381138);
INSERT INTO student_credential(usn,password)VALUES('1PI20ISE38','1PI20ISE38');
INSERT INTO student(usn,name,sem,dept,email,mob) VALUES('1PI20ISE39','yyayz',1,'ISE','yyayz@gmail.com',939381139);
INSERT INTO student_credential(usn,password)VALUES('1PI20ISE39','1PI20ISE39');
INSERT INTO student(usn,name,sem,dept,email,mob) VALUES('1PI20ISE40','khuhj',1,'ISE','khuhj@gmail.com',939381140);
INSERT INTO student_credential(usn,password)VALUES('1PI20ISE40','1PI20ISE40');
INSERT INTO student(usn,name,sem,dept,email,mob) VALUES('1PI20ISE41','rjsvo',1,'ISE','rjsvo@gmail.com',939381141);
INSERT INTO student_credential(usn,password)VALUES('1PI20ISE41','1PI20ISE41');
INSERT INTO student(usn,name,sem,dept,email,mob) VALUES('1PI20ISE42','qhtyd',1,'ISE','qhtyd@gmail.com',939381142);
INSERT INTO student_credential(usn,password)VALUES('1PI20ISE42','1PI20ISE42');
INSERT INTO student(usn,name,sem,dept,email,mob) VALUES('1PI20ISE43','wpbsz',1,'ISE','wpbsz@gmail.com',939381143);
INSERT INTO student_credential(usn,password)VALUES('1PI20ISE43','1PI20ISE43');
INSERT INTO student(usn,name,sem,dept,email,mob) VALUES('1PI20ISE44','xsbzi',1,'ISE','xsbzi@gmail.com',939381144);
INSERT INTO student_credential(usn,password)VALUES('1PI20ISE44','1PI20ISE44');
INSERT INTO student(usn,name,sem,dept,email,mob) VALUES('1PI20ISE45','yrvgq',1,'ISE','yrvgq@gmail.com',939381145);
INSERT INTO student_credential(usn,password)VALUES('1PI20ISE45','1PI20ISE45');
INSERT INTO student(usn,name,sem,dept,email,mob) VALUES('1PI20ISE46','mlunw',1,'ISE','mlunw@gmail.com',939381146);
INSERT INTO student_credential(usn,password)VALUES('1PI20ISE46','1PI20ISE46');
INSERT INTO student(usn,name,sem,dept,email,mob) VALUES('1PI20ISE47','scpir',1,'ISE','scpir@gmail.com',939381147);
INSERT INTO student_credential(usn,password)VALUES('1PI20ISE47','1PI20ISE47');
INSERT INTO student(usn,name,sem,dept,email,mob) VALUES('1PI20ISE48','zfcbt',1,'ISE','zfcbt@gmail.com',939381148);
INSERT INTO student_credential(usn,password)VALUES('1PI20ISE48','1PI20ISE48');
INSERT INTO student(usn,name,sem,dept,email,mob) VALUES('1PI20ISE49','seplk',1,'ISE','seplk@gmail.com',939381149);
INSERT INTO student_credential(usn,password)VALUES('1PI20ISE49','1PI20ISE49');
INSERT INTO student(usn,name,sem,dept,email,mob) VALUES('1PI20ISE50','gwfkh',1,'ISE','gwfkh@gmail.com',939381150);
INSERT INTO student_credential(usn,password)VALUES('1PI20ISE50','1PI20ISE50');
INSERT INTO student(usn,name,sem,dept,email,mob) VALUES('1PI20ISE51','rouoy',1,'ISE','rouoy@gmail.com',939381151);
INSERT INTO student_credential(usn,password)VALUES('1PI20ISE51','1PI20ISE51');
INSERT INTO student(usn,name,sem,dept,email,mob) VALUES('1PI20ISE52','srwmq',1,'ISE','srwmq@gmail.com',939381152);
INSERT INTO student_credential(usn,password)VALUES('1PI20ISE52','1PI20ISE52');
INSERT INTO student(usn,name,sem,dept,email,mob) VALUES('1PI20ISE53','ojahy',1,'ISE','ojahy@gmail.com',939381153);
INSERT INTO student_credential(usn,password)VALUES('1PI20ISE53','1PI20ISE53');
INSERT INTO student(usn,name,sem,dept,email,mob) VALUES('1PI20ISE54','qmfev',1,'ISE','qmfev@gmail.com',939381154);
INSERT INTO student_credential(usn,password)VALUES('1PI20ISE54','1PI20ISE54');
INSERT INTO student(usn,name,sem,dept,email,mob) VALUES('1PI20ISE55','sdcom',1,'ISE','sdcom@gmail.com',939381155);
INSERT INTO student_credential(usn,password)VALUES('1PI20ISE55','1PI20ISE55');
INSERT INTO student(usn,name,sem,dept,email,mob) VALUES('1PI20ISE56','ryhgd',1,'ISE','ryhgd@gmail.com',939381156);
INSERT INTO student_credential(usn,password)VALUES('1PI20ISE56','1PI20ISE56');
INSERT INTO student(usn,name,sem,dept,email,mob) VALUES('1PI20ISE57','mlxuk',1,'ISE','mlxuk@gmail.com',939381157);
INSERT INTO student_credential(usn,password)VALUES('1PI20ISE57','1PI20ISE57');
INSERT INTO student(usn,name,sem,dept,email,mob) VALUES('1PI20ISE58','wyzcp',1,'ISE','wyzcp@gmail.com',939381158);
INSERT INTO student_credential(usn,password)VALUES('1PI20ISE58','1PI20ISE58');
INSERT INTO student(usn,name,sem,dept,email,mob) VALUES('1PI20ISE59','rskwg',1,'ISE','rskwg@gmail.com',939381159);
INSERT INTO student_credential(usn,password)VALUES('1PI20ISE59','1PI20ISE59');
INSERT INTO student(usn,name,sem,dept,email,mob) VALUES('1PI20ISE60','xulsu',1,'ISE','xulsu@gmail.com',939381160);
INSERT INTO student_credential(usn,password)VALUES('1PI20ISE60','1PI20ISE60');
INSERT INTO student(usn,name,sem,dept,email,mob) VALUES('1PI20ISE61','ckbse',1,'ISE','ckbse@gmail.com',939381161);
INSERT INTO student_credential(usn,password)VALUES('1PI20ISE61','1PI20ISE61');
INSERT INTO student(usn,name,sem,dept,email,mob) VALUES('1PI20ISE62','pjeis',1,'ISE','pjeis@gmail.com',939381162);
INSERT INTO student_credential(usn,password)VALUES('1PI20ISE62','1PI20ISE62');
INSERT INTO student(usn,name,sem,dept,email,mob) VALUES('1PI20ISE63','zsgce',1,'ISE','zsgce@gmail.com',939381163);
INSERT INTO student_credential(usn,password)VALUES('1PI20ISE63','1PI20ISE63');
INSERT INTO student(usn,name,sem,dept,email,mob) VALUES('1PI20ISE64','zwapq',1,'ISE','zwapq@gmail.com',939381164);
INSERT INTO student_credential(usn,password)VALUES('1PI20ISE64','1PI20ISE64');
INSERT INTO student(usn,name,sem,dept,email,mob) VALUES('1PI20ISE65','rvlwi',1,'ISE','rvlwi@gmail.com',939381165);
INSERT INTO student_credential(usn,password)VALUES('1PI20ISE65','1PI20ISE65');
INSERT INTO student(usn,name,sem,dept,email,mob) VALUES('1PI20ISE66','grovj',1,'ISE','grovj@gmail.com',939381166);
INSERT INTO student_credential(usn,password)VALUES('1PI20ISE66','1PI20ISE66');
INSERT INTO student(usn,name,sem,dept,email,mob) VALUES('1PI20ISE67','cdzxx',1,'ISE','cdzxx@gmail.com',939381167);
INSERT INTO student_credential(usn,password)VALUES('1PI20ISE67','1PI20ISE67');
INSERT INTO student(usn,name,sem,dept,email,mob) VALUES('1PI20ISE68','phqls',1,'ISE','phqls@gmail.com',939381168);
INSERT INTO student_credential(usn,password)VALUES('1PI20ISE68','1PI20ISE68');
INSERT INTO student(usn,name,sem,dept,email,mob) VALUES('1PI20ISE69','rzihm',1,'ISE','rzihm@gmail.com',939381169);
INSERT INTO student_credential(usn,password)VALUES('1PI20ISE69','1PI20ISE69');
INSERT INTO student(usn,name,sem,dept,email,mob) VALUES('1PI20ISE70','gzrio',1,'ISE','gzrio@gmail.com',939381170);
INSERT INTO student_credential(usn,password)VALUES('1PI20ISE70','1PI20ISE70');
INSERT INTO student(usn,name,sem,dept,email,mob) VALUES('1PI20ISE71','qrqet',1,'ISE','qrqet@gmail.com',939381171);
INSERT INTO student_credential(usn,password)VALUES('1PI20ISE71','1PI20ISE71');
INSERT INTO student(usn,name,sem,dept,email,mob) VALUES('1PI20ISE72','kzfbl',1,'ISE','kzfbl@gmail.com',939381172);
INSERT INTO student_credential(usn,password)VALUES('1PI20ISE72','1PI20ISE72');
INSERT INTO student(usn,name,sem,dept,email,mob) VALUES('1PI20ISE73','djiem',1,'ISE','djiem@gmail.com',939381173);
INSERT INTO student_credential(usn,password)VALUES('1PI20ISE73','1PI20ISE73');
INSERT INTO student(usn,name,sem,dept,email,mob) VALUES('1PI20ISE74','sfzbh',1,'ISE','sfzbh@gmail.com',939381174);
INSERT INTO student_credential(usn,password)VALUES('1PI20ISE74','1PI20ISE74');
INSERT INTO student(usn,name,sem,dept,email,mob) VALUES('1PI20ISE75','zfnwy',1,'ISE','zfnwy@gmail.com',939381175);
INSERT INTO student_credential(usn,password)VALUES('1PI20ISE75','1PI20ISE75');
INSERT INTO student(usn,name,sem,dept,email,mob) VALUES('1PI20ISE76','wmxxg',1,'ISE','wmxxg@gmail.com',939381176);
INSERT INTO student_credential(usn,password)VALUES('1PI20ISE76','1PI20ISE76');
INSERT INTO student(usn,name,sem,dept,email,mob) VALUES('1PI20ISE77','dpylr',1,'ISE','dpylr@gmail.com',939381177);
INSERT INTO student_credential(usn,password)VALUES('1PI20ISE77','1PI20ISE77');
INSERT INTO student(usn,name,sem,dept,email,mob) VALUES('1PI20ISE78','axglm',1,'ISE','axglm@gmail.com',939381178);
INSERT INTO student_credential(usn,password)VALUES('1PI20ISE78','1PI20ISE78');
INSERT INTO student(usn,name,sem,dept,email,mob) VALUES('1PI20ISE79','tbiyl',1,'ISE','tbiyl@gmail.com',939381179);
INSERT INTO student_credential(usn,password)VALUES('1PI20ISE79','1PI20ISE79');
INSERT INTO student(usn,name,sem,dept,email,mob) VALUES('1PI20ISE80','bhcwh',1,'ISE','bhcwh@gmail.com',939381180);
INSERT INTO student_credential(usn,password)VALUES('1PI20ISE80','1PI20ISE80');
INSERT INTO student(usn,name,sem,dept,email,mob) VALUES('1PI20ISE81','lsyoy',1,'ISE','lsyoy@gmail.com',939381181);
INSERT INTO student_credential(usn,password)VALUES('1PI20ISE81','1PI20ISE81');
INSERT INTO student(usn,name,sem,dept,email,mob) VALUES('1PI20ISE82','hgmgo',1,'ISE','hgmgo@gmail.com',939381182);
INSERT INTO student_credential(usn,password)VALUES('1PI20ISE82','1PI20ISE82');
INSERT INTO student(usn,name,sem,dept,email,mob) VALUES('1PI20ISE83','pprza',1,'ISE','pprza@gmail.com',939381183);
INSERT INTO student_credential(usn,password)VALUES('1PI20ISE83','1PI20ISE83');
INSERT INTO student(usn,name,sem,dept,email,mob) VALUES('1PI20ISE84','xqmom',1,'ISE','xqmom@gmail.com',939381184);
INSERT INTO student_credential(usn,password)VALUES('1PI20ISE84','1PI20ISE84');
INSERT INTO student(usn,name,sem,dept,email,mob) VALUES('1PI20ISE85','syhga',1,'ISE','syhga@gmail.com',939381185);
INSERT INTO student_credential(usn,password)VALUES('1PI20ISE85','1PI20ISE85');
INSERT INTO student(usn,name,sem,dept,email,mob) VALUES('1PI20ISE86','giupj',1,'ISE','giupj@gmail.com',939381186);
INSERT INTO student_credential(usn,password)VALUES('1PI20ISE86','1PI20ISE86');
INSERT INTO student(usn,name,sem,dept,email,mob) VALUES('1PI20ISE87','qbzxt',1,'ISE','qbzxt@gmail.com',939381187);
INSERT INTO student_credential(usn,password)VALUES('1PI20ISE87','1PI20ISE87');
INSERT INTO student(usn,name,sem,dept,email,mob) VALUES('1PI20ISE88','htopo',1,'ISE','htopo@gmail.com',939381188);
INSERT INTO student_credential(usn,password)VALUES('1PI20ISE88','1PI20ISE88');
INSERT INTO student(usn,name,sem,dept,email,mob) VALUES('1PI20ISE89','tmitn',1,'ISE','tmitn@gmail.com',939381189);
INSERT INTO student_credential(usn,password)VALUES('1PI20ISE89','1PI20ISE89');
INSERT INTO student(usn,name,sem,dept,email,mob) VALUES('1PI20ISE90','qwtoe',1,'ISE','qwtoe@gmail.com',939381190);
INSERT INTO student_credential(usn,password)VALUES('1PI20ISE90','1PI20ISE90');
INSERT INTO student(usn,name,sem,dept,email,mob) VALUES('1PI20ISE91','tonxw',1,'ISE','tonxw@gmail.com',939381191);
INSERT INTO student_credential(usn,password)VALUES('1PI20ISE91','1PI20ISE91');
INSERT INTO student(usn,name,sem,dept,email,mob) VALUES('1PI20ISE92','zghut',1,'ISE','zghut@gmail.com',939381192);
INSERT INTO student_credential(usn,password)VALUES('1PI20ISE92','1PI20ISE92');
INSERT INTO student(usn,name,sem,dept,email,mob) VALUES('1PI20ISE93','ifklg',1,'ISE','ifklg@gmail.com',939381193);
INSERT INTO student_credential(usn,password)VALUES('1PI20ISE93','1PI20ISE93');
INSERT INTO student(usn,name,sem,dept,email,mob) VALUES('1PI20ISE94','klrnu',1,'ISE','klrnu@gmail.com',939381194);
INSERT INTO student_credential(usn,password)VALUES('1PI20ISE94','1PI20ISE94');
INSERT INTO student(usn,name,sem,dept,email,mob) VALUES('1PI20ISE95','wkmsy',1,'ISE','wkmsy@gmail.com',939381195);
INSERT INTO student_credential(usn,password)VALUES('1PI20ISE95','1PI20ISE95');
INSERT INTO student(usn,name,sem,dept,email,mob) VALUES('1PI20ISE96','qcpui',1,'ISE','qcpui@gmail.com',939381196);
INSERT INTO student_credential(usn,password)VALUES('1PI20ISE96','1PI20ISE96');
INSERT INTO student(usn,name,sem,dept,email,mob) VALUES('1PI20ISE97','vahqa',1,'ISE','vahqa@gmail.com',939381197);
INSERT INTO student_credential(usn,password)VALUES('1PI20ISE97','1PI20ISE97');
INSERT INTO student(usn,name,sem,dept,email,mob) VALUES('1PI20ISE98','tmsck',1,'ISE','tmsck@gmail.com',939381198);
INSERT INTO student_credential(usn,password)VALUES('1PI20ISE98','1PI20ISE98');
INSERT INTO student(usn,name,sem,dept,email,mob) VALUES('1PI20ISE99','maalk',1,'ISE','maalk@gmail.com',939381199);
INSERT INTO student_credential(usn,password)VALUES('1PI20ISE99','1PI20ISE99');
INSERT INTO student(usn,name,sem,dept,email,mob) VALUES('1PI14MEE0','icsnx',7,'MEE','icsnx@gmail.com',939382700);
INSERT INTO student_credential(usn,password)VALUES('1PI14MEE0','1PI14MEE0');
INSERT INTO student(usn,name,sem,dept,email,mob) VALUES('1PI14MEE1','ucovt',7,'MEE','ucovt@gmail.com',939382701);
INSERT INTO student_credential(usn,password)VALUES('1PI14MEE1','1PI14MEE1');
INSERT INTO student(usn,name,sem,dept,email,mob) VALUES('1PI14MEE2','ykrxa',7,'MEE','ykrxa@gmail.com',939382702);
INSERT INTO student_credential(usn,password)VALUES('1PI14MEE2','1PI14MEE2');
INSERT INTO student(usn,name,sem,dept,email,mob) VALUES('1PI14MEE3','wzadj',7,'MEE','wzadj@gmail.com',939382703);
INSERT INTO student_credential(usn,password)VALUES('1PI14MEE3','1PI14MEE3');
INSERT INTO student(usn,name,sem,dept,email,mob) VALUES('1PI14MEE4','xwxqm',7,'MEE','xwxqm@gmail.com',939382704);
INSERT INTO student_credential(usn,password)VALUES('1PI14MEE4','1PI14MEE4');
INSERT INTO student(usn,name,sem,dept,email,mob) VALUES('1PI14MEE5','ndhld',7,'MEE','ndhld@gmail.com',939382705);
INSERT INTO student_credential(usn,password)VALUES('1PI14MEE5','1PI14MEE5');
INSERT INTO student(usn,name,sem,dept,email,mob) VALUES('1PI14MEE6','ttxsk',7,'MEE','ttxsk@gmail.com',939382706);
INSERT INTO student_credential(usn,password)VALUES('1PI14MEE6','1PI14MEE6');
INSERT INTO student(usn,name,sem,dept,email,mob) VALUES('1PI14MEE7','nxtez',7,'MEE','nxtez@gmail.com',939382707);
INSERT INTO student_credential(usn,password)VALUES('1PI14MEE7','1PI14MEE7');
INSERT INTO student(usn,name,sem,dept,email,mob) VALUES('1PI14MEE8','njsqt',7,'MEE','njsqt@gmail.com',939382708);
INSERT INTO student_credential(usn,password)VALUES('1PI14MEE8','1PI14MEE8');
INSERT INTO student(usn,name,sem,dept,email,mob) VALUES('1PI14MEE9','fbccf',7,'MEE','fbccf@gmail.com',939382709);
INSERT INTO student_credential(usn,password)VALUES('1PI14MEE9','1PI14MEE9');
INSERT INTO student(usn,name,sem,dept,email,mob) VALUES('1PI14MEE10','qmwhb',7,'MEE','qmwhb@gmail.com',939382710);
INSERT INTO student_credential(usn,password)VALUES('1PI14MEE10','1PI14MEE10');
INSERT INTO student(usn,name,sem,dept,email,mob) VALUES('1PI14MEE11','vssii',7,'MEE','vssii@gmail.com',939382711);
INSERT INTO student_credential(usn,password)VALUES('1PI14MEE11','1PI14MEE11');
INSERT INTO student(usn,name,sem,dept,email,mob) VALUES('1PI14MEE12','gvijs',7,'MEE','gvijs@gmail.com',939382712);
INSERT INTO student_credential(usn,password)VALUES('1PI14MEE12','1PI14MEE12');
INSERT INTO student(usn,name,sem,dept,email,mob) VALUES('1PI14MEE13','uxiic',7,'MEE','uxiic@gmail.com',939382713);
INSERT INTO student_credential(usn,password)VALUES('1PI14MEE13','1PI14MEE13');
INSERT INTO student(usn,name,sem,dept,email,mob) VALUES('1PI14MEE14','aahmk',7,'MEE','aahmk@gmail.com',939382714);
INSERT INTO student_credential(usn,password)VALUES('1PI14MEE14','1PI14MEE14');
INSERT INTO student(usn,name,sem,dept,email,mob) VALUES('1PI14MEE15','wywtt',7,'MEE','wywtt@gmail.com',939382715);
INSERT INTO student_credential(usn,password)VALUES('1PI14MEE15','1PI14MEE15');
INSERT INTO student(usn,name,sem,dept,email,mob) VALUES('1PI14MEE16','jzppk',7,'MEE','jzppk@gmail.com',939382716);
INSERT INTO student_credential(usn,password)VALUES('1PI14MEE16','1PI14MEE16');
INSERT INTO student(usn,name,sem,dept,email,mob) VALUES('1PI14MEE17','wlbmj',7,'MEE','wlbmj@gmail.com',939382717);
INSERT INTO student_credential(usn,password)VALUES('1PI14MEE17','1PI14MEE17');
INSERT INTO student(usn,name,sem,dept,email,mob) VALUES('1PI14MEE18','ahtpu',7,'MEE','ahtpu@gmail.com',939382718);
INSERT INTO student_credential(usn,password)VALUES('1PI14MEE18','1PI14MEE18');
INSERT INTO student(usn,name,sem,dept,email,mob) VALUES('1PI14MEE19','tiebp',7,'MEE','tiebp@gmail.com',939382719);
INSERT INTO student_credential(usn,password)VALUES('1PI14MEE19','1PI14MEE19');
INSERT INTO student(usn,name,sem,dept,email,mob) VALUES('1PI14MEE20','bbmue',7,'MEE','bbmue@gmail.com',939382720);
INSERT INTO student_credential(usn,password)VALUES('1PI14MEE20','1PI14MEE20');
INSERT INTO student(usn,name,sem,dept,email,mob) VALUES('1PI14MEE21','gyrhl',7,'MEE','gyrhl@gmail.com',939382721);
INSERT INTO student_credential(usn,password)VALUES('1PI14MEE21','1PI14MEE21');
INSERT INTO student(usn,name,sem,dept,email,mob) VALUES('1PI14MEE22','thxwg',7,'MEE','thxwg@gmail.com',939382722);
INSERT INTO student_credential(usn,password)VALUES('1PI14MEE22','1PI14MEE22');
INSERT INTO student(usn,name,sem,dept,email,mob) VALUES('1PI14MEE23','jprwv',7,'MEE','jprwv@gmail.com',939382723);
INSERT INTO student_credential(usn,password)VALUES('1PI14MEE23','1PI14MEE23');
INSERT INTO student(usn,name,sem,dept,email,mob) VALUES('1PI14MEE24','hshzy',7,'MEE','hshzy@gmail.com',939382724);
INSERT INTO student_credential(usn,password)VALUES('1PI14MEE24','1PI14MEE24');
INSERT INTO student(usn,name,sem,dept,email,mob) VALUES('1PI14MEE25','avqye',7,'MEE','avqye@gmail.com',939382725);
INSERT INTO student_credential(usn,password)VALUES('1PI14MEE25','1PI14MEE25');
INSERT INTO student(usn,name,sem,dept,email,mob) VALUES('1PI14MEE26','cztoz',7,'MEE','cztoz@gmail.com',939382726);
INSERT INTO student_credential(usn,password)VALUES('1PI14MEE26','1PI14MEE26');
INSERT INTO student(usn,name,sem,dept,email,mob) VALUES('1PI14MEE27','oabna',7,'MEE','oabna@gmail.com',939382727);
INSERT INTO student_credential(usn,password)VALUES('1PI14MEE27','1PI14MEE27');
INSERT INTO student(usn,name,sem,dept,email,mob) VALUES('1PI14MEE28','nhrrb',7,'MEE','nhrrb@gmail.com',939382728);
INSERT INTO student_credential(usn,password)VALUES('1PI14MEE28','1PI14MEE28');
INSERT INTO student(usn,name,sem,dept,email,mob) VALUES('1PI14MEE29','ddndo',7,'MEE','ddndo@gmail.com',939382729);
INSERT INTO student_credential(usn,password)VALUES('1PI14MEE29','1PI14MEE29');
INSERT INTO student(usn,name,sem,dept,email,mob) VALUES('1PI14MEE30','dxeui',7,'MEE','dxeui@gmail.com',939382730);
INSERT INTO student_credential(usn,password)VALUES('1PI14MEE30','1PI14MEE30');
INSERT INTO student(usn,name,sem,dept,email,mob) VALUES('1PI14MEE31','ozioi',7,'MEE','ozioi@gmail.com',939382731);
INSERT INTO student_credential(usn,password)VALUES('1PI14MEE31','1PI14MEE31');
INSERT INTO student(usn,name,sem,dept,email,mob) VALUES('1PI14MEE32','uozxq',7,'MEE','uozxq@gmail.com',939382732);
INSERT INTO student_credential(usn,password)VALUES('1PI14MEE32','1PI14MEE32');
INSERT INTO student(usn,name,sem,dept,email,mob) VALUES('1PI14MEE33','tihwa',7,'MEE','tihwa@gmail.com',939382733);
INSERT INTO student_credential(usn,password)VALUES('1PI14MEE33','1PI14MEE33');
INSERT INTO student(usn,name,sem,dept,email,mob) VALUES('1PI14MEE34','uroqr',7,'MEE','uroqr@gmail.com',939382734);
INSERT INTO student_credential(usn,password)VALUES('1PI14MEE34','1PI14MEE34');
INSERT INTO student(usn,name,sem,dept,email,mob) VALUES('1PI14MEE35','dqwcv',7,'MEE','dqwcv@gmail.com',939382735);
INSERT INTO student_credential(usn,password)VALUES('1PI14MEE35','1PI14MEE35');
INSERT INTO student(usn,name,sem,dept,email,mob) VALUES('1PI14MEE36','lxzip',7,'MEE','lxzip@gmail.com',939382736);
INSERT INTO student_credential(usn,password)VALUES('1PI14MEE36','1PI14MEE36');
INSERT INTO student(usn,name,sem,dept,email,mob) VALUES('1PI14MEE37','odiis',7,'MEE','odiis@gmail.com',939382737);
INSERT INTO student_credential(usn,password)VALUES('1PI14MEE37','1PI14MEE37');
INSERT INTO student(usn,name,sem,dept,email,mob) VALUES('1PI14MEE38','pqnzo',7,'MEE','pqnzo@gmail.com',939382738);
INSERT INTO student_credential(usn,password)VALUES('1PI14MEE38','1PI14MEE38');
INSERT INTO student(usn,name,sem,dept,email,mob) VALUES('1PI14MEE39','mcwva',7,'MEE','mcwva@gmail.com',939382739);
INSERT INTO student_credential(usn,password)VALUES('1PI14MEE39','1PI14MEE39');
INSERT INTO student(usn,name,sem,dept,email,mob) VALUES('1PI14MEE40','ptgrg',7,'MEE','ptgrg@gmail.com',939382740);
INSERT INTO student_credential(usn,password)VALUES('1PI14MEE40','1PI14MEE40');
INSERT INTO student(usn,name,sem,dept,email,mob) VALUES('1PI14MEE41','dfnyy',7,'MEE','dfnyy@gmail.com',939382741);
INSERT INTO student_credential(usn,password)VALUES('1PI14MEE41','1PI14MEE41');
INSERT INTO student(usn,name,sem,dept,email,mob) VALUES('1PI14MEE42','tkwwq',7,'MEE','tkwwq@gmail.com',939382742);
INSERT INTO student_credential(usn,password)VALUES('1PI14MEE42','1PI14MEE42');
INSERT INTO student(usn,name,sem,dept,email,mob) VALUES('1PI14MEE43','qtmiu',7,'MEE','qtmiu@gmail.com',939382743);
INSERT INTO student_credential(usn,password)VALUES('1PI14MEE43','1PI14MEE43');
INSERT INTO student(usn,name,sem,dept,email,mob) VALUES('1PI14MEE44','uyvga',7,'MEE','uyvga@gmail.com',939382744);
INSERT INTO student_credential(usn,password)VALUES('1PI14MEE44','1PI14MEE44');
INSERT INTO student(usn,name,sem,dept,email,mob) VALUES('1PI14MEE45','ihfsh',7,'MEE','ihfsh@gmail.com',939382745);
INSERT INTO student_credential(usn,password)VALUES('1PI14MEE45','1PI14MEE45');
INSERT INTO student(usn,name,sem,dept,email,mob) VALUES('1PI14MEE46','ccxhu',7,'MEE','ccxhu@gmail.com',939382746);
INSERT INTO student_credential(usn,password)VALUES('1PI14MEE46','1PI14MEE46');
INSERT INTO student(usn,name,sem,dept,email,mob) VALUES('1PI14MEE47','uyyht',7,'MEE','uyyht@gmail.com',939382747);
INSERT INTO student_credential(usn,password)VALUES('1PI14MEE47','1PI14MEE47');
INSERT INTO student(usn,name,sem,dept,email,mob) VALUES('1PI14MEE48','gdglf',7,'MEE','gdglf@gmail.com',939382748);
INSERT INTO student_credential(usn,password)VALUES('1PI14MEE48','1PI14MEE48');
INSERT INTO student(usn,name,sem,dept,email,mob) VALUES('1PI14MEE49','ciebd',7,'MEE','ciebd@gmail.com',939382749);
INSERT INTO student_credential(usn,password)VALUES('1PI14MEE49','1PI14MEE49');
INSERT INTO student(usn,name,sem,dept,email,mob) VALUES('1PI14MEE50','utoeu',7,'MEE','utoeu@gmail.com',939382750);
INSERT INTO student_credential(usn,password)VALUES('1PI14MEE50','1PI14MEE50');
INSERT INTO student(usn,name,sem,dept,email,mob) VALUES('1PI14MEE51','nfhda',7,'MEE','nfhda@gmail.com',939382751);
INSERT INTO student_credential(usn,password)VALUES('1PI14MEE51','1PI14MEE51');
INSERT INTO student(usn,name,sem,dept,email,mob) VALUES('1PI14MEE52','xphbs',7,'MEE','xphbs@gmail.com',939382752);
INSERT INTO student_credential(usn,password)VALUES('1PI14MEE52','1PI14MEE52');
INSERT INTO student(usn,name,sem,dept,email,mob) VALUES('1PI14MEE53','ywztp',7,'MEE','ywztp@gmail.com',939382753);
INSERT INTO student_credential(usn,password)VALUES('1PI14MEE53','1PI14MEE53');
INSERT INTO student(usn,name,sem,dept,email,mob) VALUES('1PI14MEE54','wjngj',7,'MEE','wjngj@gmail.com',939382754);
INSERT INTO student_credential(usn,password)VALUES('1PI14MEE54','1PI14MEE54');
INSERT INTO student(usn,name,sem,dept,email,mob) VALUES('1PI14MEE55','ncpxr',7,'MEE','ncpxr@gmail.com',939382755);
INSERT INTO student_credential(usn,password)VALUES('1PI14MEE55','1PI14MEE55');
INSERT INTO student(usn,name,sem,dept,email,mob) VALUES('1PI14MEE56','jvbvc',7,'MEE','jvbvc@gmail.com',939382756);
INSERT INTO student_credential(usn,password)VALUES('1PI14MEE56','1PI14MEE56');
INSERT INTO student(usn,name,sem,dept,email,mob) VALUES('1PI14MEE57','cefkb',7,'MEE','cefkb@gmail.com',939382757);
INSERT INTO student_credential(usn,password)VALUES('1PI14MEE57','1PI14MEE57');
INSERT INTO student(usn,name,sem,dept,email,mob) VALUES('1PI14MEE58','emgsd',7,'MEE','emgsd@gmail.com',939382758);
INSERT INTO student_credential(usn,password)VALUES('1PI14MEE58','1PI14MEE58');
INSERT INTO student(usn,name,sem,dept,email,mob) VALUES('1PI14MEE59','ymzmm',7,'MEE','ymzmm@gmail.com',939382759);
INSERT INTO student_credential(usn,password)VALUES('1PI14MEE59','1PI14MEE59');
INSERT INTO student(usn,name,sem,dept,email,mob) VALUES('1PI14MEE60','kwdeh',7,'MEE','kwdeh@gmail.com',939382760);
INSERT INTO student_credential(usn,password)VALUES('1PI14MEE60','1PI14MEE60');
INSERT INTO student(usn,name,sem,dept,email,mob) VALUES('1PI14MEE61','fkruq',7,'MEE','fkruq@gmail.com',939382761);
INSERT INTO student_credential(usn,password)VALUES('1PI14MEE61','1PI14MEE61');
INSERT INTO student(usn,name,sem,dept,email,mob) VALUES('1PI14MEE62','byvec',7,'MEE','byvec@gmail.com',939382762);
INSERT INTO student_credential(usn,password)VALUES('1PI14MEE62','1PI14MEE62');
INSERT INTO student(usn,name,sem,dept,email,mob) VALUES('1PI14MEE63','mpesr',7,'MEE','mpesr@gmail.com',939382763);
INSERT INTO student_credential(usn,password)VALUES('1PI14MEE63','1PI14MEE63');
INSERT INTO student(usn,name,sem,dept,email,mob) VALUES('1PI14MEE64','omdxl',7,'MEE','omdxl@gmail.com',939382764);
INSERT INTO student_credential(usn,password)VALUES('1PI14MEE64','1PI14MEE64');
INSERT INTO student(usn,name,sem,dept,email,mob) VALUES('1PI14MEE65','lubry',7,'MEE','lubry@gmail.com',939382765);
INSERT INTO student_credential(usn,password)VALUES('1PI14MEE65','1PI14MEE65');
INSERT INTO student(usn,name,sem,dept,email,mob) VALUES('1PI14MEE66','yeshq',7,'MEE','yeshq@gmail.com',939382766);
INSERT INTO student_credential(usn,password)VALUES('1PI14MEE66','1PI14MEE66');
INSERT INTO student(usn,name,sem,dept,email,mob) VALUES('1PI14MEE67','lzmre',7,'MEE','lzmre@gmail.com',939382767);
INSERT INTO student_credential(usn,password)VALUES('1PI14MEE67','1PI14MEE67');
INSERT INTO student(usn,name,sem,dept,email,mob) VALUES('1PI14MEE68','wqnkq',7,'MEE','wqnkq@gmail.com',939382768);
INSERT INTO student_credential(usn,password)VALUES('1PI14MEE68','1PI14MEE68');
INSERT INTO student(usn,name,sem,dept,email,mob) VALUES('1PI14MEE69','itxgi',7,'MEE','itxgi@gmail.com',939382769);
INSERT INTO student_credential(usn,password)VALUES('1PI14MEE69','1PI14MEE69');
INSERT INTO student(usn,name,sem,dept,email,mob) VALUES('1PI14MEE70','igqus',7,'MEE','igqus@gmail.com',939382770);
INSERT INTO student_credential(usn,password)VALUES('1PI14MEE70','1PI14MEE70');
INSERT INTO student(usn,name,sem,dept,email,mob) VALUES('1PI14MEE71','kwtcz',7,'MEE','kwtcz@gmail.com',939382771);
INSERT INTO student_credential(usn,password)VALUES('1PI14MEE71','1PI14MEE71');
INSERT INTO student(usn,name,sem,dept,email,mob) VALUES('1PI14MEE72','nlter',7,'MEE','nlter@gmail.com',939382772);
INSERT INTO student_credential(usn,password)VALUES('1PI14MEE72','1PI14MEE72');
INSERT INTO student(usn,name,sem,dept,email,mob) VALUES('1PI14MEE73','xbltz',7,'MEE','xbltz@gmail.com',939382773);
INSERT INTO student_credential(usn,password)VALUES('1PI14MEE73','1PI14MEE73');
INSERT INTO student(usn,name,sem,dept,email,mob) VALUES('1PI14MEE74','ydyzv',7,'MEE','ydyzv@gmail.com',939382774);
INSERT INTO student_credential(usn,password)VALUES('1PI14MEE74','1PI14MEE74');
INSERT INTO student(usn,name,sem,dept,email,mob) VALUES('1PI14MEE75','ahnki',7,'MEE','ahnki@gmail.com',939382775);
INSERT INTO student_credential(usn,password)VALUES('1PI14MEE75','1PI14MEE75');
INSERT INTO student(usn,name,sem,dept,email,mob) VALUES('1PI14MEE76','xjwzz',7,'MEE','xjwzz@gmail.com',939382776);
INSERT INTO student_credential(usn,password)VALUES('1PI14MEE76','1PI14MEE76');
INSERT INTO student(usn,name,sem,dept,email,mob) VALUES('1PI14MEE77','tdjpq',7,'MEE','tdjpq@gmail.com',939382777);
INSERT INTO student_credential(usn,password)VALUES('1PI14MEE77','1PI14MEE77');
INSERT INTO student(usn,name,sem,dept,email,mob) VALUES('1PI14MEE78','suowk',7,'MEE','suowk@gmail.com',939382778);
INSERT INTO student_credential(usn,password)VALUES('1PI14MEE78','1PI14MEE78');
INSERT INTO student(usn,name,sem,dept,email,mob) VALUES('1PI14MEE79','vfcco',7,'MEE','vfcco@gmail.com',939382779);
INSERT INTO student_credential(usn,password)VALUES('1PI14MEE79','1PI14MEE79');
INSERT INTO student(usn,name,sem,dept,email,mob) VALUES('1PI14MEE80','ckvrj',7,'MEE','ckvrj@gmail.com',939382780);
INSERT INTO student_credential(usn,password)VALUES('1PI14MEE80','1PI14MEE80');
INSERT INTO student(usn,name,sem,dept,email,mob) VALUES('1PI14MEE81','bfrjp',7,'MEE','bfrjp@gmail.com',939382781);
INSERT INTO student_credential(usn,password)VALUES('1PI14MEE81','1PI14MEE81');
INSERT INTO student(usn,name,sem,dept,email,mob) VALUES('1PI14MEE82','cgdjd',7,'MEE','cgdjd@gmail.com',939382782);
INSERT INTO student_credential(usn,password)VALUES('1PI14MEE82','1PI14MEE82');
INSERT INTO student(usn,name,sem,dept,email,mob) VALUES('1PI14MEE83','rwdnp',7,'MEE','rwdnp@gmail.com',939382783);
INSERT INTO student_credential(usn,password)VALUES('1PI14MEE83','1PI14MEE83');
INSERT INTO student(usn,name,sem,dept,email,mob) VALUES('1PI14MEE84','osrjg',7,'MEE','osrjg@gmail.com',939382784);
INSERT INTO student_credential(usn,password)VALUES('1PI14MEE84','1PI14MEE84');
INSERT INTO student(usn,name,sem,dept,email,mob) VALUES('1PI14MEE85','drqrv',7,'MEE','drqrv@gmail.com',939382785);
INSERT INTO student_credential(usn,password)VALUES('1PI14MEE85','1PI14MEE85');
INSERT INTO student(usn,name,sem,dept,email,mob) VALUES('1PI14MEE86','qtvpp',7,'MEE','qtvpp@gmail.com',939382786);
INSERT INTO student_credential(usn,password)VALUES('1PI14MEE86','1PI14MEE86');
INSERT INTO student(usn,name,sem,dept,email,mob) VALUES('1PI14MEE87','azhlt',7,'MEE','azhlt@gmail.com',939382787);
INSERT INTO student_credential(usn,password)VALUES('1PI14MEE87','1PI14MEE87');
INSERT INTO student(usn,name,sem,dept,email,mob) VALUES('1PI14MEE88','jqvcc',7,'MEE','jqvcc@gmail.com',939382788);
INSERT INTO student_credential(usn,password)VALUES('1PI14MEE88','1PI14MEE88');
INSERT INTO student(usn,name,sem,dept,email,mob) VALUES('1PI14MEE89','lpezt',7,'MEE','lpezt@gmail.com',939382789);
INSERT INTO student_credential(usn,password)VALUES('1PI14MEE89','1PI14MEE89');
INSERT INTO student(usn,name,sem,dept,email,mob) VALUES('1PI14MEE90','sjpyn',7,'MEE','sjpyn@gmail.com',939382790);
INSERT INTO student_credential(usn,password)VALUES('1PI14MEE90','1PI14MEE90');
INSERT INTO student(usn,name,sem,dept,email,mob) VALUES('1PI14MEE91','zfrot',7,'MEE','zfrot@gmail.com',939382791);
INSERT INTO student_credential(usn,password)VALUES('1PI14MEE91','1PI14MEE91');
INSERT INTO student(usn,name,sem,dept,email,mob) VALUES('1PI14MEE92','qpoxm',7,'MEE','qpoxm@gmail.com',939382792);
INSERT INTO student_credential(usn,password)VALUES('1PI14MEE92','1PI14MEE92');
INSERT INTO student(usn,name,sem,dept,email,mob) VALUES('1PI14MEE93','whhwe',7,'MEE','whhwe@gmail.com',939382793);
INSERT INTO student_credential(usn,password)VALUES('1PI14MEE93','1PI14MEE93');
INSERT INTO student(usn,name,sem,dept,email,mob) VALUES('1PI14MEE94','wnvcb',7,'MEE','wnvcb@gmail.com',939382794);
INSERT INTO student_credential(usn,password)VALUES('1PI14MEE94','1PI14MEE94');
INSERT INTO student(usn,name,sem,dept,email,mob) VALUES('1PI14MEE95','vdkuz',7,'MEE','vdkuz@gmail.com',939382795);
INSERT INTO student_credential(usn,password)VALUES('1PI14MEE95','1PI14MEE95');
INSERT INTO student(usn,name,sem,dept,email,mob) VALUES('1PI14MEE96','ififr',7,'MEE','ififr@gmail.com',939382796);
INSERT INTO student_credential(usn,password)VALUES('1PI14MEE96','1PI14MEE96');
INSERT INTO student(usn,name,sem,dept,email,mob) VALUES('1PI14MEE97','twqqe',7,'MEE','twqqe@gmail.com',939382797);
INSERT INTO student_credential(usn,password)VALUES('1PI14MEE97','1PI14MEE97');
INSERT INTO student(usn,name,sem,dept,email,mob) VALUES('1PI14MEE98','ojueq',7,'MEE','ojueq@gmail.com',939382798);
INSERT INTO student_credential(usn,password)VALUES('1PI14MEE98','1PI14MEE98');
INSERT INTO student(usn,name,sem,dept,email,mob) VALUES('1PI14MEE99','bnskw',7,'MEE','bnskw@gmail.com',939382799);
INSERT INTO student_credential(usn,password)VALUES('1PI14MEE99','1PI14MEE99');
INSERT INTO student(usn,name,sem,dept,email,mob) VALUES('1PI16MEE0','zeewz',5,'MEE','zeewz@gmail.com',939382500);
INSERT INTO student_credential(usn,password)VALUES('1PI16MEE0','1PI16MEE0');
INSERT INTO student(usn,name,sem,dept,email,mob) VALUES('1PI16MEE1','kaoju',5,'MEE','kaoju@gmail.com',939382501);
INSERT INTO student_credential(usn,password)VALUES('1PI16MEE1','1PI16MEE1');
INSERT INTO student(usn,name,sem,dept,email,mob) VALUES('1PI16MEE2','rsqgs',5,'MEE','rsqgs@gmail.com',939382502);
INSERT INTO student_credential(usn,password)VALUES('1PI16MEE2','1PI16MEE2');
INSERT INTO student(usn,name,sem,dept,email,mob) VALUES('1PI16MEE3','czvhh',5,'MEE','czvhh@gmail.com',939382503);
INSERT INTO student_credential(usn,password)VALUES('1PI16MEE3','1PI16MEE3');
INSERT INTO student(usn,name,sem,dept,email,mob) VALUES('1PI16MEE4','ujzum',5,'MEE','ujzum@gmail.com',939382504);
INSERT INTO student_credential(usn,password)VALUES('1PI16MEE4','1PI16MEE4');
INSERT INTO student(usn,name,sem,dept,email,mob) VALUES('1PI16MEE5','igofh',5,'MEE','igofh@gmail.com',939382505);
INSERT INTO student_credential(usn,password)VALUES('1PI16MEE5','1PI16MEE5');
INSERT INTO student(usn,name,sem,dept,email,mob) VALUES('1PI16MEE6','wbkkf',5,'MEE','wbkkf@gmail.com',939382506);
INSERT INTO student_credential(usn,password)VALUES('1PI16MEE6','1PI16MEE6');
INSERT INTO student(usn,name,sem,dept,email,mob) VALUES('1PI16MEE7','luwzk',5,'MEE','luwzk@gmail.com',939382507);
INSERT INTO student_credential(usn,password)VALUES('1PI16MEE7','1PI16MEE7');
INSERT INTO student(usn,name,sem,dept,email,mob) VALUES('1PI16MEE8','ctkag',5,'MEE','ctkag@gmail.com',939382508);
INSERT INTO student_credential(usn,password)VALUES('1PI16MEE8','1PI16MEE8');
INSERT INTO student(usn,name,sem,dept,email,mob) VALUES('1PI16MEE9','xksmf',5,'MEE','xksmf@gmail.com',939382509);
INSERT INTO student_credential(usn,password)VALUES('1PI16MEE9','1PI16MEE9');
INSERT INTO student(usn,name,sem,dept,email,mob) VALUES('1PI16MEE10','auwin',5,'MEE','auwin@gmail.com',939382510);
INSERT INTO student_credential(usn,password)VALUES('1PI16MEE10','1PI16MEE10');
INSERT INTO student(usn,name,sem,dept,email,mob) VALUES('1PI16MEE11','sjlso',5,'MEE','sjlso@gmail.com',939382511);
INSERT INTO student_credential(usn,password)VALUES('1PI16MEE11','1PI16MEE11');
INSERT INTO student(usn,name,sem,dept,email,mob) VALUES('1PI16MEE12','jtrxh',5,'MEE','jtrxh@gmail.com',939382512);
INSERT INTO student_credential(usn,password)VALUES('1PI16MEE12','1PI16MEE12');
INSERT INTO student(usn,name,sem,dept,email,mob) VALUES('1PI16MEE13','wmhlv',5,'MEE','wmhlv@gmail.com',939382513);
INSERT INTO student_credential(usn,password)VALUES('1PI16MEE13','1PI16MEE13');
INSERT INTO student(usn,name,sem,dept,email,mob) VALUES('1PI16MEE14','bypec',5,'MEE','bypec@gmail.com',939382514);
INSERT INTO student_credential(usn,password)VALUES('1PI16MEE14','1PI16MEE14');
INSERT INTO student(usn,name,sem,dept,email,mob) VALUES('1PI16MEE15','jeiww',5,'MEE','jeiww@gmail.com',939382515);
INSERT INTO student_credential(usn,password)VALUES('1PI16MEE15','1PI16MEE15');
INSERT INTO student(usn,name,sem,dept,email,mob) VALUES('1PI16MEE16','stneu',5,'MEE','stneu@gmail.com',939382516);
INSERT INTO student_credential(usn,password)VALUES('1PI16MEE16','1PI16MEE16');
INSERT INTO student(usn,name,sem,dept,email,mob) VALUES('1PI16MEE17','iqubp',5,'MEE','iqubp@gmail.com',939382517);
INSERT INTO student_credential(usn,password)VALUES('1PI16MEE17','1PI16MEE17');
INSERT INTO student(usn,name,sem,dept,email,mob) VALUES('1PI16MEE18','gugwg',5,'MEE','gugwg@gmail.com',939382518);
INSERT INTO student_credential(usn,password)VALUES('1PI16MEE18','1PI16MEE18');
INSERT INTO student(usn,name,sem,dept,email,mob) VALUES('1PI16MEE19','nmikd',5,'MEE','nmikd@gmail.com',939382519);
INSERT INTO student_credential(usn,password)VALUES('1PI16MEE19','1PI16MEE19');
INSERT INTO student(usn,name,sem,dept,email,mob) VALUES('1PI16MEE20','wickd',5,'MEE','wickd@gmail.com',939382520);
INSERT INTO student_credential(usn,password)VALUES('1PI16MEE20','1PI16MEE20');
INSERT INTO student(usn,name,sem,dept,email,mob) VALUES('1PI16MEE21','ilsnp',5,'MEE','ilsnp@gmail.com',939382521);
INSERT INTO student_credential(usn,password)VALUES('1PI16MEE21','1PI16MEE21');
INSERT INTO student(usn,name,sem,dept,email,mob) VALUES('1PI16MEE22','dqsvm',5,'MEE','dqsvm@gmail.com',939382522);
INSERT INTO student_credential(usn,password)VALUES('1PI16MEE22','1PI16MEE22');
INSERT INTO student(usn,name,sem,dept,email,mob) VALUES('1PI16MEE23','terdf',5,'MEE','terdf@gmail.com',939382523);
INSERT INTO student_credential(usn,password)VALUES('1PI16MEE23','1PI16MEE23');
INSERT INTO student(usn,name,sem,dept,email,mob) VALUES('1PI16MEE24','blhwb',5,'MEE','blhwb@gmail.com',939382524);
INSERT INTO student_credential(usn,password)VALUES('1PI16MEE24','1PI16MEE24');
INSERT INTO student(usn,name,sem,dept,email,mob) VALUES('1PI16MEE25','afbga',5,'MEE','afbga@gmail.com',939382525);
INSERT INTO student_credential(usn,password)VALUES('1PI16MEE25','1PI16MEE25');
INSERT INTO student(usn,name,sem,dept,email,mob) VALUES('1PI16MEE26','rcsfi',5,'MEE','rcsfi@gmail.com',939382526);
INSERT INTO student_credential(usn,password)VALUES('1PI16MEE26','1PI16MEE26');
INSERT INTO student(usn,name,sem,dept,email,mob) VALUES('1PI16MEE27','jylbi',5,'MEE','jylbi@gmail.com',939382527);
INSERT INTO student_credential(usn,password)VALUES('1PI16MEE27','1PI16MEE27');
INSERT INTO student(usn,name,sem,dept,email,mob) VALUES('1PI16MEE28','imofg',5,'MEE','imofg@gmail.com',939382528);
INSERT INTO student_credential(usn,password)VALUES('1PI16MEE28','1PI16MEE28');
INSERT INTO student(usn,name,sem,dept,email,mob) VALUES('1PI16MEE29','xeirp',5,'MEE','xeirp@gmail.com',939382529);
INSERT INTO student_credential(usn,password)VALUES('1PI16MEE29','1PI16MEE29');
INSERT INTO student(usn,name,sem,dept,email,mob) VALUES('1PI16MEE30','btywq',5,'MEE','btywq@gmail.com',939382530);
INSERT INTO student_credential(usn,password)VALUES('1PI16MEE30','1PI16MEE30');
INSERT INTO student(usn,name,sem,dept,email,mob) VALUES('1PI16MEE31','zapkk',5,'MEE','zapkk@gmail.com',939382531);
INSERT INTO student_credential(usn,password)VALUES('1PI16MEE31','1PI16MEE31');
INSERT INTO student(usn,name,sem,dept,email,mob) VALUES('1PI16MEE32','cafco',5,'MEE','cafco@gmail.com',939382532);
INSERT INTO student_credential(usn,password)VALUES('1PI16MEE32','1PI16MEE32');
INSERT INTO student(usn,name,sem,dept,email,mob) VALUES('1PI16MEE33','mvntm',5,'MEE','mvntm@gmail.com',939382533);
INSERT INTO student_credential(usn,password)VALUES('1PI16MEE33','1PI16MEE33');
INSERT INTO student(usn,name,sem,dept,email,mob) VALUES('1PI16MEE34','dhzxl',5,'MEE','dhzxl@gmail.com',939382534);
INSERT INTO student_credential(usn,password)VALUES('1PI16MEE34','1PI16MEE34');
INSERT INTO student(usn,name,sem,dept,email,mob) VALUES('1PI16MEE35','efppy',5,'MEE','efppy@gmail.com',939382535);
INSERT INTO student_credential(usn,password)VALUES('1PI16MEE35','1PI16MEE35');
INSERT INTO student(usn,name,sem,dept,email,mob) VALUES('1PI16MEE36','ebeoe',5,'MEE','ebeoe@gmail.com',939382536);
INSERT INTO student_credential(usn,password)VALUES('1PI16MEE36','1PI16MEE36');
INSERT INTO student(usn,name,sem,dept,email,mob) VALUES('1PI16MEE37','qznbh',5,'MEE','qznbh@gmail.com',939382537);
INSERT INTO student_credential(usn,password)VALUES('1PI16MEE37','1PI16MEE37');
INSERT INTO student(usn,name,sem,dept,email,mob) VALUES('1PI16MEE38','ycwmf',5,'MEE','ycwmf@gmail.com',939382538);
INSERT INTO student_credential(usn,password)VALUES('1PI16MEE38','1PI16MEE38');
INSERT INTO student(usn,name,sem,dept,email,mob) VALUES('1PI16MEE39','yaqqi',5,'MEE','yaqqi@gmail.com',939382539);
INSERT INTO student_credential(usn,password)VALUES('1PI16MEE39','1PI16MEE39');
INSERT INTO student(usn,name,sem,dept,email,mob) VALUES('1PI16MEE40','annyh',5,'MEE','annyh@gmail.com',939382540);
INSERT INTO student_credential(usn,password)VALUES('1PI16MEE40','1PI16MEE40');
INSERT INTO student(usn,name,sem,dept,email,mob) VALUES('1PI16MEE41','qouiz',5,'MEE','qouiz@gmail.com',939382541);
INSERT INTO student_credential(usn,password)VALUES('1PI16MEE41','1PI16MEE41');
INSERT INTO student(usn,name,sem,dept,email,mob) VALUES('1PI16MEE42','veavg',5,'MEE','veavg@gmail.com',939382542);
INSERT INTO student_credential(usn,password)VALUES('1PI16MEE42','1PI16MEE42');
INSERT INTO student(usn,name,sem,dept,email,mob) VALUES('1PI16MEE43','zjwob',5,'MEE','zjwob@gmail.com',939382543);
INSERT INTO student_credential(usn,password)VALUES('1PI16MEE43','1PI16MEE43');
INSERT INTO student(usn,name,sem,dept,email,mob) VALUES('1PI16MEE44','lsgwn',5,'MEE','lsgwn@gmail.com',939382544);
INSERT INTO student_credential(usn,password)VALUES('1PI16MEE44','1PI16MEE44');
INSERT INTO student(usn,name,sem,dept,email,mob) VALUES('1PI16MEE45','kvjln',5,'MEE','kvjln@gmail.com',939382545);
INSERT INTO student_credential(usn,password)VALUES('1PI16MEE45','1PI16MEE45');
INSERT INTO student(usn,name,sem,dept,email,mob) VALUES('1PI16MEE46','ivqcw',5,'MEE','ivqcw@gmail.com',939382546);
INSERT INTO student_credential(usn,password)VALUES('1PI16MEE46','1PI16MEE46');
INSERT INTO student(usn,name,sem,dept,email,mob) VALUES('1PI16MEE47','vzxtc',5,'MEE','vzxtc@gmail.com',939382547);
INSERT INTO student_credential(usn,password)VALUES('1PI16MEE47','1PI16MEE47');
INSERT INTO student(usn,name,sem,dept,email,mob) VALUES('1PI16MEE48','thynm',5,'MEE','thynm@gmail.com',939382548);
INSERT INTO student_credential(usn,password)VALUES('1PI16MEE48','1PI16MEE48');
INSERT INTO student(usn,name,sem,dept,email,mob) VALUES('1PI16MEE49','uxqkw',5,'MEE','uxqkw@gmail.com',939382549);
INSERT INTO student_credential(usn,password)VALUES('1PI16MEE49','1PI16MEE49');
INSERT INTO student(usn,name,sem,dept,email,mob) VALUES('1PI16MEE50','wmtfi',5,'MEE','wmtfi@gmail.com',939382550);
INSERT INTO student_credential(usn,password)VALUES('1PI16MEE50','1PI16MEE50');
INSERT INTO student(usn,name,sem,dept,email,mob) VALUES('1PI16MEE51','sgglg',5,'MEE','sgglg@gmail.com',939382551);
INSERT INTO student_credential(usn,password)VALUES('1PI16MEE51','1PI16MEE51');
INSERT INTO student(usn,name,sem,dept,email,mob) VALUES('1PI16MEE52','coxpi',5,'MEE','coxpi@gmail.com',939382552);
INSERT INTO student_credential(usn,password)VALUES('1PI16MEE52','1PI16MEE52');
INSERT INTO student(usn,name,sem,dept,email,mob) VALUES('1PI16MEE53','pytdb',5,'MEE','pytdb@gmail.com',939382553);
INSERT INTO student_credential(usn,password)VALUES('1PI16MEE53','1PI16MEE53');
INSERT INTO student(usn,name,sem,dept,email,mob) VALUES('1PI16MEE54','amryk',5,'MEE','amryk@gmail.com',939382554);
INSERT INTO student_credential(usn,password)VALUES('1PI16MEE54','1PI16MEE54');
INSERT INTO student(usn,name,sem,dept,email,mob) VALUES('1PI16MEE55','bokmw',5,'MEE','bokmw@gmail.com',939382555);
INSERT INTO student_credential(usn,password)VALUES('1PI16MEE55','1PI16MEE55');
INSERT INTO student(usn,name,sem,dept,email,mob) VALUES('1PI16MEE56','gsddp',5,'MEE','gsddp@gmail.com',939382556);
INSERT INTO student_credential(usn,password)VALUES('1PI16MEE56','1PI16MEE56');
INSERT INTO student(usn,name,sem,dept,email,mob) VALUES('1PI16MEE57','qkrzy',5,'MEE','qkrzy@gmail.com',939382557);
INSERT INTO student_credential(usn,password)VALUES('1PI16MEE57','1PI16MEE57');
INSERT INTO student(usn,name,sem,dept,email,mob) VALUES('1PI16MEE58','jchzt',5,'MEE','jchzt@gmail.com',939382558);
INSERT INTO student_credential(usn,password)VALUES('1PI16MEE58','1PI16MEE58');
INSERT INTO student(usn,name,sem,dept,email,mob) VALUES('1PI16MEE59','miepa',5,'MEE','miepa@gmail.com',939382559);
INSERT INTO student_credential(usn,password)VALUES('1PI16MEE59','1PI16MEE59');
INSERT INTO student(usn,name,sem,dept,email,mob) VALUES('1PI16MEE60','gwhro',5,'MEE','gwhro@gmail.com',939382560);
INSERT INTO student_credential(usn,password)VALUES('1PI16MEE60','1PI16MEE60');
INSERT INTO student(usn,name,sem,dept,email,mob) VALUES('1PI16MEE61','qkhwu',5,'MEE','qkhwu@gmail.com',939382561);
INSERT INTO student_credential(usn,password)VALUES('1PI16MEE61','1PI16MEE61');
INSERT INTO student(usn,name,sem,dept,email,mob) VALUES('1PI16MEE62','dbcih',5,'MEE','dbcih@gmail.com',939382562);
INSERT INTO student_credential(usn,password)VALUES('1PI16MEE62','1PI16MEE62');
INSERT INTO student(usn,name,sem,dept,email,mob) VALUES('1PI16MEE63','pqwaq',5,'MEE','pqwaq@gmail.com',939382563);
INSERT INTO student_credential(usn,password)VALUES('1PI16MEE63','1PI16MEE63');
INSERT INTO student(usn,name,sem,dept,email,mob) VALUES('1PI16MEE64','zxugk',5,'MEE','zxugk@gmail.com',939382564);
INSERT INTO student_credential(usn,password)VALUES('1PI16MEE64','1PI16MEE64');
INSERT INTO student(usn,name,sem,dept,email,mob) VALUES('1PI16MEE65','vakvl',5,'MEE','vakvl@gmail.com',939382565);
INSERT INTO student_credential(usn,password)VALUES('1PI16MEE65','1PI16MEE65');
INSERT INTO student(usn,name,sem,dept,email,mob) VALUES('1PI16MEE66','avksw',5,'MEE','avksw@gmail.com',939382566);
INSERT INTO student_credential(usn,password)VALUES('1PI16MEE66','1PI16MEE66');
INSERT INTO student(usn,name,sem,dept,email,mob) VALUES('1PI16MEE67','fzsdb',5,'MEE','fzsdb@gmail.com',939382567);
INSERT INTO student_credential(usn,password)VALUES('1PI16MEE67','1PI16MEE67');
INSERT INTO student(usn,name,sem,dept,email,mob) VALUES('1PI16MEE68','vqidh',5,'MEE','vqidh@gmail.com',939382568);
INSERT INTO student_credential(usn,password)VALUES('1PI16MEE68','1PI16MEE68');
INSERT INTO student(usn,name,sem,dept,email,mob) VALUES('1PI16MEE69','tbcde',5,'MEE','tbcde@gmail.com',939382569);
INSERT INTO student_credential(usn,password)VALUES('1PI16MEE69','1PI16MEE69');
INSERT INTO student(usn,name,sem,dept,email,mob) VALUES('1PI16MEE70','ytmpp',5,'MEE','ytmpp@gmail.com',939382570);
INSERT INTO student_credential(usn,password)VALUES('1PI16MEE70','1PI16MEE70');
INSERT INTO student(usn,name,sem,dept,email,mob) VALUES('1PI16MEE71','hkuhs',5,'MEE','hkuhs@gmail.com',939382571);
INSERT INTO student_credential(usn,password)VALUES('1PI16MEE71','1PI16MEE71');
INSERT INTO student(usn,name,sem,dept,email,mob) VALUES('1PI16MEE72','xorpu',5,'MEE','xorpu@gmail.com',939382572);
INSERT INTO student_credential(usn,password)VALUES('1PI16MEE72','1PI16MEE72');
INSERT INTO student(usn,name,sem,dept,email,mob) VALUES('1PI16MEE73','fwhjr',5,'MEE','fwhjr@gmail.com',939382573);
INSERT INTO student_credential(usn,password)VALUES('1PI16MEE73','1PI16MEE73');
INSERT INTO student(usn,name,sem,dept,email,mob) VALUES('1PI16MEE74','utkss',5,'MEE','utkss@gmail.com',939382574);
INSERT INTO student_credential(usn,password)VALUES('1PI16MEE74','1PI16MEE74');
INSERT INTO student(usn,name,sem,dept,email,mob) VALUES('1PI16MEE75','lhlrx',5,'MEE','lhlrx@gmail.com',939382575);
INSERT INTO student_credential(usn,password)VALUES('1PI16MEE75','1PI16MEE75');
INSERT INTO student(usn,name,sem,dept,email,mob) VALUES('1PI16MEE76','lydxv',5,'MEE','lydxv@gmail.com',939382576);
INSERT INTO student_credential(usn,password)VALUES('1PI16MEE76','1PI16MEE76');
INSERT INTO student(usn,name,sem,dept,email,mob) VALUES('1PI16MEE77','kosag',5,'MEE','kosag@gmail.com',939382577);
INSERT INTO student_credential(usn,password)VALUES('1PI16MEE77','1PI16MEE77');
INSERT INTO student(usn,name,sem,dept,email,mob) VALUES('1PI16MEE78','gmpbg',5,'MEE','gmpbg@gmail.com',939382578);
INSERT INTO student_credential(usn,password)VALUES('1PI16MEE78','1PI16MEE78');
INSERT INTO student(usn,name,sem,dept,email,mob) VALUES('1PI16MEE79','zvbaf',5,'MEE','zvbaf@gmail.com',939382579);
INSERT INTO student_credential(usn,password)VALUES('1PI16MEE79','1PI16MEE79');
INSERT INTO student(usn,name,sem,dept,email,mob) VALUES('1PI16MEE80','azjoh',5,'MEE','azjoh@gmail.com',939382580);
INSERT INTO student_credential(usn,password)VALUES('1PI16MEE80','1PI16MEE80');
INSERT INTO student(usn,name,sem,dept,email,mob) VALUES('1PI16MEE81','qsswt',5,'MEE','qsswt@gmail.com',939382581);
INSERT INTO student_credential(usn,password)VALUES('1PI16MEE81','1PI16MEE81');
INSERT INTO student(usn,name,sem,dept,email,mob) VALUES('1PI16MEE82','orckq',5,'MEE','orckq@gmail.com',939382582);
INSERT INTO student_credential(usn,password)VALUES('1PI16MEE82','1PI16MEE82');
INSERT INTO student(usn,name,sem,dept,email,mob) VALUES('1PI16MEE83','axsre',5,'MEE','axsre@gmail.com',939382583);
INSERT INTO student_credential(usn,password)VALUES('1PI16MEE83','1PI16MEE83');
INSERT INTO student(usn,name,sem,dept,email,mob) VALUES('1PI16MEE84','hnrly',5,'MEE','hnrly@gmail.com',939382584);
INSERT INTO student_credential(usn,password)VALUES('1PI16MEE84','1PI16MEE84');
INSERT INTO student(usn,name,sem,dept,email,mob) VALUES('1PI16MEE85','jiwtm',5,'MEE','jiwtm@gmail.com',939382585);
INSERT INTO student_credential(usn,password)VALUES('1PI16MEE85','1PI16MEE85');
INSERT INTO student(usn,name,sem,dept,email,mob) VALUES('1PI16MEE86','hglko',5,'MEE','hglko@gmail.com',939382586);
INSERT INTO student_credential(usn,password)VALUES('1PI16MEE86','1PI16MEE86');
INSERT INTO student(usn,name,sem,dept,email,mob) VALUES('1PI16MEE87','zfkmm',5,'MEE','zfkmm@gmail.com',939382587);
INSERT INTO student_credential(usn,password)VALUES('1PI16MEE87','1PI16MEE87');
INSERT INTO student(usn,name,sem,dept,email,mob) VALUES('1PI16MEE88','xtyvo',5,'MEE','xtyvo@gmail.com',939382588);
INSERT INTO student_credential(usn,password)VALUES('1PI16MEE88','1PI16MEE88');
INSERT INTO student(usn,name,sem,dept,email,mob) VALUES('1PI16MEE89','xhfkx',5,'MEE','xhfkx@gmail.com',939382589);
INSERT INTO student_credential(usn,password)VALUES('1PI16MEE89','1PI16MEE89');
INSERT INTO student(usn,name,sem,dept,email,mob) VALUES('1PI16MEE90','opvyb',5,'MEE','opvyb@gmail.com',939382590);
INSERT INTO student_credential(usn,password)VALUES('1PI16MEE90','1PI16MEE90');
INSERT INTO student(usn,name,sem,dept,email,mob) VALUES('1PI16MEE91','jzoxh',5,'MEE','jzoxh@gmail.com',939382591);
INSERT INTO student_credential(usn,password)VALUES('1PI16MEE91','1PI16MEE91');
INSERT INTO student(usn,name,sem,dept,email,mob) VALUES('1PI16MEE92','zubdn',5,'MEE','zubdn@gmail.com',939382592);
INSERT INTO student_credential(usn,password)VALUES('1PI16MEE92','1PI16MEE92');
INSERT INTO student(usn,name,sem,dept,email,mob) VALUES('1PI16MEE93','toamz',5,'MEE','toamz@gmail.com',939382593);
INSERT INTO student_credential(usn,password)VALUES('1PI16MEE93','1PI16MEE93');
INSERT INTO student(usn,name,sem,dept,email,mob) VALUES('1PI16MEE94','ottcj',5,'MEE','ottcj@gmail.com',939382594);
INSERT INTO student_credential(usn,password)VALUES('1PI16MEE94','1PI16MEE94');
INSERT INTO student(usn,name,sem,dept,email,mob) VALUES('1PI16MEE95','tuegm',5,'MEE','tuegm@gmail.com',939382595);
INSERT INTO student_credential(usn,password)VALUES('1PI16MEE95','1PI16MEE95');
INSERT INTO student(usn,name,sem,dept,email,mob) VALUES('1PI16MEE96','pqkcd',5,'MEE','pqkcd@gmail.com',939382596);
INSERT INTO student_credential(usn,password)VALUES('1PI16MEE96','1PI16MEE96');
INSERT INTO student(usn,name,sem,dept,email,mob) VALUES('1PI16MEE97','bbgck',5,'MEE','bbgck@gmail.com',939382597);
INSERT INTO student_credential(usn,password)VALUES('1PI16MEE97','1PI16MEE97');
INSERT INTO student(usn,name,sem,dept,email,mob) VALUES('1PI16MEE98','jqteb',5,'MEE','jqteb@gmail.com',939382598);
INSERT INTO student_credential(usn,password)VALUES('1PI16MEE98','1PI16MEE98');
INSERT INTO student(usn,name,sem,dept,email,mob) VALUES('1PI16MEE99','ichzn',5,'MEE','ichzn@gmail.com',939382599);
INSERT INTO student_credential(usn,password)VALUES('1PI16MEE99','1PI16MEE99');
INSERT INTO student(usn,name,sem,dept,email,mob) VALUES('1PI18MEE0','pprqi',3,'MEE','pprqi@gmail.com',939382300);
INSERT INTO student_credential(usn,password)VALUES('1PI18MEE0','1PI18MEE0');
INSERT INTO student(usn,name,sem,dept,email,mob) VALUES('1PI18MEE1','swbdh',3,'MEE','swbdh@gmail.com',939382301);
INSERT INTO student_credential(usn,password)VALUES('1PI18MEE1','1PI18MEE1');
INSERT INTO student(usn,name,sem,dept,email,mob) VALUES('1PI18MEE2','oyncs',3,'MEE','oyncs@gmail.com',939382302);
INSERT INTO student_credential(usn,password)VALUES('1PI18MEE2','1PI18MEE2');
INSERT INTO student(usn,name,sem,dept,email,mob) VALUES('1PI18MEE3','aetlg',3,'MEE','aetlg@gmail.com',939382303);
INSERT INTO student_credential(usn,password)VALUES('1PI18MEE3','1PI18MEE3');
INSERT INTO student(usn,name,sem,dept,email,mob) VALUES('1PI18MEE4','bfvio',3,'MEE','bfvio@gmail.com',939382304);
INSERT INTO student_credential(usn,password)VALUES('1PI18MEE4','1PI18MEE4');
INSERT INTO student(usn,name,sem,dept,email,mob) VALUES('1PI18MEE5','cfwxw',3,'MEE','cfwxw@gmail.com',939382305);
INSERT INTO student_credential(usn,password)VALUES('1PI18MEE5','1PI18MEE5');
INSERT INTO student(usn,name,sem,dept,email,mob) VALUES('1PI18MEE6','drnlf',3,'MEE','drnlf@gmail.com',939382306);
INSERT INTO student_credential(usn,password)VALUES('1PI18MEE6','1PI18MEE6');
INSERT INTO student(usn,name,sem,dept,email,mob) VALUES('1PI18MEE7','fbfhv',3,'MEE','fbfhv@gmail.com',939382307);
INSERT INTO student_credential(usn,password)VALUES('1PI18MEE7','1PI18MEE7');
INSERT INTO student(usn,name,sem,dept,email,mob) VALUES('1PI18MEE8','yxzuk',3,'MEE','yxzuk@gmail.com',939382308);
INSERT INTO student_credential(usn,password)VALUES('1PI18MEE8','1PI18MEE8');
INSERT INTO student(usn,name,sem,dept,email,mob) VALUES('1PI18MEE9','jwocy',3,'MEE','jwocy@gmail.com',939382309);
INSERT INTO student_credential(usn,password)VALUES('1PI18MEE9','1PI18MEE9');
INSERT INTO student(usn,name,sem,dept,email,mob) VALUES('1PI18MEE10','hzqjz',3,'MEE','hzqjz@gmail.com',939382310);
INSERT INTO student_credential(usn,password)VALUES('1PI18MEE10','1PI18MEE10');
INSERT INTO student(usn,name,sem,dept,email,mob) VALUES('1PI18MEE11','dhtbr',3,'MEE','dhtbr@gmail.com',939382311);
INSERT INTO student_credential(usn,password)VALUES('1PI18MEE11','1PI18MEE11');
INSERT INTO student(usn,name,sem,dept,email,mob) VALUES('1PI18MEE12','rrllk',3,'MEE','rrllk@gmail.com',939382312);
INSERT INTO student_credential(usn,password)VALUES('1PI18MEE12','1PI18MEE12');
INSERT INTO student(usn,name,sem,dept,email,mob) VALUES('1PI18MEE13','tchfn',3,'MEE','tchfn@gmail.com',939382313);
INSERT INTO student_credential(usn,password)VALUES('1PI18MEE13','1PI18MEE13');
INSERT INTO student(usn,name,sem,dept,email,mob) VALUES('1PI18MEE14','ctpir',3,'MEE','ctpir@gmail.com',939382314);
INSERT INTO student_credential(usn,password)VALUES('1PI18MEE14','1PI18MEE14');
INSERT INTO student(usn,name,sem,dept,email,mob) VALUES('1PI18MEE15','nawon',3,'MEE','nawon@gmail.com',939382315);
INSERT INTO student_credential(usn,password)VALUES('1PI18MEE15','1PI18MEE15');
INSERT INTO student(usn,name,sem,dept,email,mob) VALUES('1PI18MEE16','ydwwv',3,'MEE','ydwwv@gmail.com',939382316);
INSERT INTO student_credential(usn,password)VALUES('1PI18MEE16','1PI18MEE16');
INSERT INTO student(usn,name,sem,dept,email,mob) VALUES('1PI18MEE17','uabuq',3,'MEE','uabuq@gmail.com',939382317);
INSERT INTO student_credential(usn,password)VALUES('1PI18MEE17','1PI18MEE17');
INSERT INTO student(usn,name,sem,dept,email,mob) VALUES('1PI18MEE18','cimcn',3,'MEE','cimcn@gmail.com',939382318);
INSERT INTO student_credential(usn,password)VALUES('1PI18MEE18','1PI18MEE18');
INSERT INTO student(usn,name,sem,dept,email,mob) VALUES('1PI18MEE19','lhqod',3,'MEE','lhqod@gmail.com',939382319);
INSERT INTO student_credential(usn,password)VALUES('1PI18MEE19','1PI18MEE19');
INSERT INTO student(usn,name,sem,dept,email,mob) VALUES('1PI18MEE20','emakm',3,'MEE','emakm@gmail.com',939382320);
INSERT INTO student_credential(usn,password)VALUES('1PI18MEE20','1PI18MEE20');
INSERT INTO student(usn,name,sem,dept,email,mob) VALUES('1PI18MEE21','unmax',3,'MEE','unmax@gmail.com',939382321);
INSERT INTO student_credential(usn,password)VALUES('1PI18MEE21','1PI18MEE21');
INSERT INTO student(usn,name,sem,dept,email,mob) VALUES('1PI18MEE22','iomke',3,'MEE','iomke@gmail.com',939382322);
INSERT INTO student_credential(usn,password)VALUES('1PI18MEE22','1PI18MEE22');
INSERT INTO student(usn,name,sem,dept,email,mob) VALUES('1PI18MEE23','ywcof',3,'MEE','ywcof@gmail.com',939382323);
INSERT INTO student_credential(usn,password)VALUES('1PI18MEE23','1PI18MEE23');
INSERT INTO student(usn,name,sem,dept,email,mob) VALUES('1PI18MEE24','qbkdm',3,'MEE','qbkdm@gmail.com',939382324);
INSERT INTO student_credential(usn,password)VALUES('1PI18MEE24','1PI18MEE24');
INSERT INTO student(usn,name,sem,dept,email,mob) VALUES('1PI18MEE25','zoizg',3,'MEE','zoizg@gmail.com',939382325);
INSERT INTO student_credential(usn,password)VALUES('1PI18MEE25','1PI18MEE25');
INSERT INTO student(usn,name,sem,dept,email,mob) VALUES('1PI18MEE26','qipza',3,'MEE','qipza@gmail.com',939382326);
INSERT INTO student_credential(usn,password)VALUES('1PI18MEE26','1PI18MEE26');
INSERT INTO student(usn,name,sem,dept,email,mob) VALUES('1PI18MEE27','yixry',3,'MEE','yixry@gmail.com',939382327);
INSERT INTO student_credential(usn,password)VALUES('1PI18MEE27','1PI18MEE27');
INSERT INTO student(usn,name,sem,dept,email,mob) VALUES('1PI18MEE28','dwsov',3,'MEE','dwsov@gmail.com',939382328);
INSERT INTO student_credential(usn,password)VALUES('1PI18MEE28','1PI18MEE28');
INSERT INTO student(usn,name,sem,dept,email,mob) VALUES('1PI18MEE29','hztkg',3,'MEE','hztkg@gmail.com',939382329);
INSERT INTO student_credential(usn,password)VALUES('1PI18MEE29','1PI18MEE29');
INSERT INTO student(usn,name,sem,dept,email,mob) VALUES('1PI18MEE30','zskwp',3,'MEE','zskwp@gmail.com',939382330);
INSERT INTO student_credential(usn,password)VALUES('1PI18MEE30','1PI18MEE30');
INSERT INTO student(usn,name,sem,dept,email,mob) VALUES('1PI18MEE31','tkqce',3,'MEE','tkqce@gmail.com',939382331);
INSERT INTO student_credential(usn,password)VALUES('1PI18MEE31','1PI18MEE31');
INSERT INTO student(usn,name,sem,dept,email,mob) VALUES('1PI18MEE32','xrnnx',3,'MEE','xrnnx@gmail.com',939382332);
INSERT INTO student_credential(usn,password)VALUES('1PI18MEE32','1PI18MEE32');
INSERT INTO student(usn,name,sem,dept,email,mob) VALUES('1PI18MEE33','skywn',3,'MEE','skywn@gmail.com',939382333);
INSERT INTO student_credential(usn,password)VALUES('1PI18MEE33','1PI18MEE33');
INSERT INTO student(usn,name,sem,dept,email,mob) VALUES('1PI18MEE34','dqizl',3,'MEE','dqizl@gmail.com',939382334);
INSERT INTO student_credential(usn,password)VALUES('1PI18MEE34','1PI18MEE34');
INSERT INTO student(usn,name,sem,dept,email,mob) VALUES('1PI18MEE35','zklni',3,'MEE','zklni@gmail.com',939382335);
INSERT INTO student_credential(usn,password)VALUES('1PI18MEE35','1PI18MEE35');
INSERT INTO student(usn,name,sem,dept,email,mob) VALUES('1PI18MEE36','ssamq',3,'MEE','ssamq@gmail.com',939382336);
INSERT INTO student_credential(usn,password)VALUES('1PI18MEE36','1PI18MEE36');
INSERT INTO student(usn,name,sem,dept,email,mob) VALUES('1PI18MEE37','azhln',3,'MEE','azhln@gmail.com',939382337);
INSERT INTO student_credential(usn,password)VALUES('1PI18MEE37','1PI18MEE37');
INSERT INTO student(usn,name,sem,dept,email,mob) VALUES('1PI18MEE38','dnvil',3,'MEE','dnvil@gmail.com',939382338);
INSERT INTO student_credential(usn,password)VALUES('1PI18MEE38','1PI18MEE38');
INSERT INTO student(usn,name,sem,dept,email,mob) VALUES('1PI18MEE39','tkoia',3,'MEE','tkoia@gmail.com',939382339);
INSERT INTO student_credential(usn,password)VALUES('1PI18MEE39','1PI18MEE39');
INSERT INTO student(usn,name,sem,dept,email,mob) VALUES('1PI18MEE40','fmeic',3,'MEE','fmeic@gmail.com',939382340);
INSERT INTO student_credential(usn,password)VALUES('1PI18MEE40','1PI18MEE40');
INSERT INTO student(usn,name,sem,dept,email,mob) VALUES('1PI18MEE41','gguzx',3,'MEE','gguzx@gmail.com',939382341);
INSERT INTO student_credential(usn,password)VALUES('1PI18MEE41','1PI18MEE41');
INSERT INTO student(usn,name,sem,dept,email,mob) VALUES('1PI18MEE42','hrdjz',3,'MEE','hrdjz@gmail.com',939382342);
INSERT INTO student_credential(usn,password)VALUES('1PI18MEE42','1PI18MEE42');
INSERT INTO student(usn,name,sem,dept,email,mob) VALUES('1PI18MEE43','zheru',3,'MEE','zheru@gmail.com',939382343);
INSERT INTO student_credential(usn,password)VALUES('1PI18MEE43','1PI18MEE43');
INSERT INTO student(usn,name,sem,dept,email,mob) VALUES('1PI18MEE44','swavn',3,'MEE','swavn@gmail.com',939382344);
INSERT INTO student_credential(usn,password)VALUES('1PI18MEE44','1PI18MEE44');
INSERT INTO student(usn,name,sem,dept,email,mob) VALUES('1PI18MEE45','vslon',3,'MEE','vslon@gmail.com',939382345);
INSERT INTO student_credential(usn,password)VALUES('1PI18MEE45','1PI18MEE45');
INSERT INTO student(usn,name,sem,dept,email,mob) VALUES('1PI18MEE46','oasru',3,'MEE','oasru@gmail.com',939382346);
INSERT INTO student_credential(usn,password)VALUES('1PI18MEE46','1PI18MEE46');
INSERT INTO student(usn,name,sem,dept,email,mob) VALUES('1PI18MEE47','drnld',3,'MEE','drnld@gmail.com',939382347);
INSERT INTO student_credential(usn,password)VALUES('1PI18MEE47','1PI18MEE47');
INSERT INTO student(usn,name,sem,dept,email,mob) VALUES('1PI18MEE48','kldkf',3,'MEE','kldkf@gmail.com',939382348);
INSERT INTO student_credential(usn,password)VALUES('1PI18MEE48','1PI18MEE48');
INSERT INTO student(usn,name,sem,dept,email,mob) VALUES('1PI18MEE49','ztagi',3,'MEE','ztagi@gmail.com',939382349);
INSERT INTO student_credential(usn,password)VALUES('1PI18MEE49','1PI18MEE49');
INSERT INTO student(usn,name,sem,dept,email,mob) VALUES('1PI18MEE50','enatj',3,'MEE','enatj@gmail.com',939382350);
INSERT INTO student_credential(usn,password)VALUES('1PI18MEE50','1PI18MEE50');
INSERT INTO student(usn,name,sem,dept,email,mob) VALUES('1PI18MEE51','zwxcl',3,'MEE','zwxcl@gmail.com',939382351);
INSERT INTO student_credential(usn,password)VALUES('1PI18MEE51','1PI18MEE51');
INSERT INTO student(usn,name,sem,dept,email,mob) VALUES('1PI18MEE52','kkuln',3,'MEE','kkuln@gmail.com',939382352);
INSERT INTO student_credential(usn,password)VALUES('1PI18MEE52','1PI18MEE52');
INSERT INTO student(usn,name,sem,dept,email,mob) VALUES('1PI18MEE53','caqpt',3,'MEE','caqpt@gmail.com',939382353);
INSERT INTO student_credential(usn,password)VALUES('1PI18MEE53','1PI18MEE53');
INSERT INTO student(usn,name,sem,dept,email,mob) VALUES('1PI18MEE54','oneql',3,'MEE','oneql@gmail.com',939382354);
INSERT INTO student_credential(usn,password)VALUES('1PI18MEE54','1PI18MEE54');
INSERT INTO student(usn,name,sem,dept,email,mob) VALUES('1PI18MEE55','nbtod',3,'MEE','nbtod@gmail.com',939382355);
INSERT INTO student_credential(usn,password)VALUES('1PI18MEE55','1PI18MEE55');
INSERT INTO student(usn,name,sem,dept,email,mob) VALUES('1PI18MEE56','dbmiv',3,'MEE','dbmiv@gmail.com',939382356);
INSERT INTO student_credential(usn,password)VALUES('1PI18MEE56','1PI18MEE56');
INSERT INTO student(usn,name,sem,dept,email,mob) VALUES('1PI18MEE57','azxzm',3,'MEE','azxzm@gmail.com',939382357);
INSERT INTO student_credential(usn,password)VALUES('1PI18MEE57','1PI18MEE57');
INSERT INTO student(usn,name,sem,dept,email,mob) VALUES('1PI18MEE58','cojdh',3,'MEE','cojdh@gmail.com',939382358);
INSERT INTO student_credential(usn,password)VALUES('1PI18MEE58','1PI18MEE58');
INSERT INTO student(usn,name,sem,dept,email,mob) VALUES('1PI18MEE59','iswka',3,'MEE','iswka@gmail.com',939382359);
INSERT INTO student_credential(usn,password)VALUES('1PI18MEE59','1PI18MEE59');
INSERT INTO student(usn,name,sem,dept,email,mob) VALUES('1PI18MEE60','xiagt',3,'MEE','xiagt@gmail.com',939382360);
INSERT INTO student_credential(usn,password)VALUES('1PI18MEE60','1PI18MEE60');
INSERT INTO student(usn,name,sem,dept,email,mob) VALUES('1PI18MEE61','utafr',3,'MEE','utafr@gmail.com',939382361);
INSERT INTO student_credential(usn,password)VALUES('1PI18MEE61','1PI18MEE61');
INSERT INTO student(usn,name,sem,dept,email,mob) VALUES('1PI18MEE62','svpph',3,'MEE','svpph@gmail.com',939382362);
INSERT INTO student_credential(usn,password)VALUES('1PI18MEE62','1PI18MEE62');
INSERT INTO student(usn,name,sem,dept,email,mob) VALUES('1PI18MEE63','uraaa',3,'MEE','uraaa@gmail.com',939382363);
INSERT INTO student_credential(usn,password)VALUES('1PI18MEE63','1PI18MEE63');
INSERT INTO student(usn,name,sem,dept,email,mob) VALUES('1PI18MEE64','ixztw',3,'MEE','ixztw@gmail.com',939382364);
INSERT INTO student_credential(usn,password)VALUES('1PI18MEE64','1PI18MEE64');
INSERT INTO student(usn,name,sem,dept,email,mob) VALUES('1PI18MEE65','dyruu',3,'MEE','dyruu@gmail.com',939382365);
INSERT INTO student_credential(usn,password)VALUES('1PI18MEE65','1PI18MEE65');
INSERT INTO student(usn,name,sem,dept,email,mob) VALUES('1PI18MEE66','mqadj',3,'MEE','mqadj@gmail.com',939382366);
INSERT INTO student_credential(usn,password)VALUES('1PI18MEE66','1PI18MEE66');
INSERT INTO student(usn,name,sem,dept,email,mob) VALUES('1PI18MEE67','epvvc',3,'MEE','epvvc@gmail.com',939382367);
INSERT INTO student_credential(usn,password)VALUES('1PI18MEE67','1PI18MEE67');
INSERT INTO student(usn,name,sem,dept,email,mob) VALUES('1PI18MEE68','voidw',3,'MEE','voidw@gmail.com',939382368);
INSERT INTO student_credential(usn,password)VALUES('1PI18MEE68','1PI18MEE68');
INSERT INTO student(usn,name,sem,dept,email,mob) VALUES('1PI18MEE69','mtpbn',3,'MEE','mtpbn@gmail.com',939382369);
INSERT INTO student_credential(usn,password)VALUES('1PI18MEE69','1PI18MEE69');
INSERT INTO student(usn,name,sem,dept,email,mob) VALUES('1PI18MEE70','mquio',3,'MEE','mquio@gmail.com',939382370);
INSERT INTO student_credential(usn,password)VALUES('1PI18MEE70','1PI18MEE70');
INSERT INTO student(usn,name,sem,dept,email,mob) VALUES('1PI18MEE71','piwpu',3,'MEE','piwpu@gmail.com',939382371);
INSERT INTO student_credential(usn,password)VALUES('1PI18MEE71','1PI18MEE71');
INSERT INTO student(usn,name,sem,dept,email,mob) VALUES('1PI18MEE72','wczda',3,'MEE','wczda@gmail.com',939382372);
INSERT INTO student_credential(usn,password)VALUES('1PI18MEE72','1PI18MEE72');
INSERT INTO student(usn,name,sem,dept,email,mob) VALUES('1PI18MEE73','pdzgh',3,'MEE','pdzgh@gmail.com',939382373);
INSERT INTO student_credential(usn,password)VALUES('1PI18MEE73','1PI18MEE73');
INSERT INTO student(usn,name,sem,dept,email,mob) VALUES('1PI18MEE74','avviy',3,'MEE','avviy@gmail.com',939382374);
INSERT INTO student_credential(usn,password)VALUES('1PI18MEE74','1PI18MEE74');
INSERT INTO student(usn,name,sem,dept,email,mob) VALUES('1PI18MEE75','irojn',3,'MEE','irojn@gmail.com',939382375);
INSERT INTO student_credential(usn,password)VALUES('1PI18MEE75','1PI18MEE75');
INSERT INTO student(usn,name,sem,dept,email,mob) VALUES('1PI18MEE76','olsow',3,'MEE','olsow@gmail.com',939382376);
INSERT INTO student_credential(usn,password)VALUES('1PI18MEE76','1PI18MEE76');
INSERT INTO student(usn,name,sem,dept,email,mob) VALUES('1PI18MEE77','rmvvj',3,'MEE','rmvvj@gmail.com',939382377);
INSERT INTO student_credential(usn,password)VALUES('1PI18MEE77','1PI18MEE77');
INSERT INTO student(usn,name,sem,dept,email,mob) VALUES('1PI18MEE78','iqswr',3,'MEE','iqswr@gmail.com',939382378);
INSERT INTO student_credential(usn,password)VALUES('1PI18MEE78','1PI18MEE78');
INSERT INTO student(usn,name,sem,dept,email,mob) VALUES('1PI18MEE79','icmzs',3,'MEE','icmzs@gmail.com',939382379);
INSERT INTO student_credential(usn,password)VALUES('1PI18MEE79','1PI18MEE79');
INSERT INTO student(usn,name,sem,dept,email,mob) VALUES('1PI18MEE80','xavdq',3,'MEE','xavdq@gmail.com',939382380);
INSERT INTO student_credential(usn,password)VALUES('1PI18MEE80','1PI18MEE80');
INSERT INTO student(usn,name,sem,dept,email,mob) VALUES('1PI18MEE81','amnfh',3,'MEE','amnfh@gmail.com',939382381);
INSERT INTO student_credential(usn,password)VALUES('1PI18MEE81','1PI18MEE81');
INSERT INTO student(usn,name,sem,dept,email,mob) VALUES('1PI18MEE82','wfgeo',3,'MEE','wfgeo@gmail.com',939382382);
INSERT INTO student_credential(usn,password)VALUES('1PI18MEE82','1PI18MEE82');
INSERT INTO student(usn,name,sem,dept,email,mob) VALUES('1PI18MEE83','hskke',3,'MEE','hskke@gmail.com',939382383);
INSERT INTO student_credential(usn,password)VALUES('1PI18MEE83','1PI18MEE83');
INSERT INTO student(usn,name,sem,dept,email,mob) VALUES('1PI18MEE84','futxx',3,'MEE','futxx@gmail.com',939382384);
INSERT INTO student_credential(usn,password)VALUES('1PI18MEE84','1PI18MEE84');
INSERT INTO student(usn,name,sem,dept,email,mob) VALUES('1PI18MEE85','ibhpu',3,'MEE','ibhpu@gmail.com',939382385);
INSERT INTO student_credential(usn,password)VALUES('1PI18MEE85','1PI18MEE85');
INSERT INTO student(usn,name,sem,dept,email,mob) VALUES('1PI18MEE86','lnlwx',3,'MEE','lnlwx@gmail.com',939382386);
INSERT INTO student_credential(usn,password)VALUES('1PI18MEE86','1PI18MEE86');
INSERT INTO student(usn,name,sem,dept,email,mob) VALUES('1PI18MEE87','qwwzd',3,'MEE','qwwzd@gmail.com',939382387);
INSERT INTO student_credential(usn,password)VALUES('1PI18MEE87','1PI18MEE87');
INSERT INTO student(usn,name,sem,dept,email,mob) VALUES('1PI18MEE88','gdjge',3,'MEE','gdjge@gmail.com',939382388);
INSERT INTO student_credential(usn,password)VALUES('1PI18MEE88','1PI18MEE88');
INSERT INTO student(usn,name,sem,dept,email,mob) VALUES('1PI18MEE89','qwapb',3,'MEE','qwapb@gmail.com',939382389);
INSERT INTO student_credential(usn,password)VALUES('1PI18MEE89','1PI18MEE89');
INSERT INTO student(usn,name,sem,dept,email,mob) VALUES('1PI18MEE90','hlpud',3,'MEE','hlpud@gmail.com',939382390);
INSERT INTO student_credential(usn,password)VALUES('1PI18MEE90','1PI18MEE90');
INSERT INTO student(usn,name,sem,dept,email,mob) VALUES('1PI18MEE91','oemnn',3,'MEE','oemnn@gmail.com',939382391);
INSERT INTO student_credential(usn,password)VALUES('1PI18MEE91','1PI18MEE91');
INSERT INTO student(usn,name,sem,dept,email,mob) VALUES('1PI18MEE92','tpoua',3,'MEE','tpoua@gmail.com',939382392);
INSERT INTO student_credential(usn,password)VALUES('1PI18MEE92','1PI18MEE92');
INSERT INTO student(usn,name,sem,dept,email,mob) VALUES('1PI18MEE93','hgxjh',3,'MEE','hgxjh@gmail.com',939382393);
INSERT INTO student_credential(usn,password)VALUES('1PI18MEE93','1PI18MEE93');
INSERT INTO student(usn,name,sem,dept,email,mob) VALUES('1PI18MEE94','zjbep',3,'MEE','zjbep@gmail.com',939382394);
INSERT INTO student_credential(usn,password)VALUES('1PI18MEE94','1PI18MEE94');
INSERT INTO student(usn,name,sem,dept,email,mob) VALUES('1PI18MEE95','lttri',3,'MEE','lttri@gmail.com',939382395);
INSERT INTO student_credential(usn,password)VALUES('1PI18MEE95','1PI18MEE95');
INSERT INTO student(usn,name,sem,dept,email,mob) VALUES('1PI18MEE96','abwuc',3,'MEE','abwuc@gmail.com',939382396);
INSERT INTO student_credential(usn,password)VALUES('1PI18MEE96','1PI18MEE96');
INSERT INTO student(usn,name,sem,dept,email,mob) VALUES('1PI18MEE97','rjmbv',3,'MEE','rjmbv@gmail.com',939382397);
INSERT INTO student_credential(usn,password)VALUES('1PI18MEE97','1PI18MEE97');
INSERT INTO student(usn,name,sem,dept,email,mob) VALUES('1PI18MEE98','bozvm',3,'MEE','bozvm@gmail.com',939382398);
INSERT INTO student_credential(usn,password)VALUES('1PI18MEE98','1PI18MEE98');
INSERT INTO student(usn,name,sem,dept,email,mob) VALUES('1PI18MEE99','xobat',3,'MEE','xobat@gmail.com',939382399);
INSERT INTO student_credential(usn,password)VALUES('1PI18MEE99','1PI18MEE99');
INSERT INTO student(usn,name,sem,dept,email,mob) VALUES('1PI20MEE0','khqsq',1,'MEE','khqsq@gmail.com',939382100);
INSERT INTO student_credential(usn,password)VALUES('1PI20MEE0','1PI20MEE0');
INSERT INTO student(usn,name,sem,dept,email,mob) VALUES('1PI20MEE1','chlht',1,'MEE','chlht@gmail.com',939382101);
INSERT INTO student_credential(usn,password)VALUES('1PI20MEE1','1PI20MEE1');
INSERT INTO student(usn,name,sem,dept,email,mob) VALUES('1PI20MEE2','bofui',1,'MEE','bofui@gmail.com',939382102);
INSERT INTO student_credential(usn,password)VALUES('1PI20MEE2','1PI20MEE2');
INSERT INTO student(usn,name,sem,dept,email,mob) VALUES('1PI20MEE3','kwafk',1,'MEE','kwafk@gmail.com',939382103);
INSERT INTO student_credential(usn,password)VALUES('1PI20MEE3','1PI20MEE3');
INSERT INTO student(usn,name,sem,dept,email,mob) VALUES('1PI20MEE4','cowuu',1,'MEE','cowuu@gmail.com',939382104);
INSERT INTO student_credential(usn,password)VALUES('1PI20MEE4','1PI20MEE4');
INSERT INTO student(usn,name,sem,dept,email,mob) VALUES('1PI20MEE5','ntfhp',1,'MEE','ntfhp@gmail.com',939382105);
INSERT INTO student_credential(usn,password)VALUES('1PI20MEE5','1PI20MEE5');
INSERT INTO student(usn,name,sem,dept,email,mob) VALUES('1PI20MEE6','kdeyh',1,'MEE','kdeyh@gmail.com',939382106);
INSERT INTO student_credential(usn,password)VALUES('1PI20MEE6','1PI20MEE6');
INSERT INTO student(usn,name,sem,dept,email,mob) VALUES('1PI20MEE7','okquw',1,'MEE','okquw@gmail.com',939382107);
INSERT INTO student_credential(usn,password)VALUES('1PI20MEE7','1PI20MEE7');
INSERT INTO student(usn,name,sem,dept,email,mob) VALUES('1PI20MEE8','qvwtt',1,'MEE','qvwtt@gmail.com',939382108);
INSERT INTO student_credential(usn,password)VALUES('1PI20MEE8','1PI20MEE8');
INSERT INTO student(usn,name,sem,dept,email,mob) VALUES('1PI20MEE9','hhhug',1,'MEE','hhhug@gmail.com',939382109);
INSERT INTO student_credential(usn,password)VALUES('1PI20MEE9','1PI20MEE9');
INSERT INTO student(usn,name,sem,dept,email,mob) VALUES('1PI20MEE10','jzmfe',1,'MEE','jzmfe@gmail.com',939382110);
INSERT INTO student_credential(usn,password)VALUES('1PI20MEE10','1PI20MEE10');
INSERT INTO student(usn,name,sem,dept,email,mob) VALUES('1PI20MEE11','uinip',1,'MEE','uinip@gmail.com',939382111);
INSERT INTO student_credential(usn,password)VALUES('1PI20MEE11','1PI20MEE11');
INSERT INTO student(usn,name,sem,dept,email,mob) VALUES('1PI20MEE12','bnciz',1,'MEE','bnciz@gmail.com',939382112);
INSERT INTO student_credential(usn,password)VALUES('1PI20MEE12','1PI20MEE12');
INSERT INTO student(usn,name,sem,dept,email,mob) VALUES('1PI20MEE13','ockaa',1,'MEE','ockaa@gmail.com',939382113);
INSERT INTO student_credential(usn,password)VALUES('1PI20MEE13','1PI20MEE13');
INSERT INTO student(usn,name,sem,dept,email,mob) VALUES('1PI20MEE14','dallj',1,'MEE','dallj@gmail.com',939382114);
INSERT INTO student_credential(usn,password)VALUES('1PI20MEE14','1PI20MEE14');
INSERT INTO student(usn,name,sem,dept,email,mob) VALUES('1PI20MEE15','reqtk',1,'MEE','reqtk@gmail.com',939382115);
INSERT INTO student_credential(usn,password)VALUES('1PI20MEE15','1PI20MEE15');
INSERT INTO student(usn,name,sem,dept,email,mob) VALUES('1PI20MEE16','hudbl',1,'MEE','hudbl@gmail.com',939382116);
INSERT INTO student_credential(usn,password)VALUES('1PI20MEE16','1PI20MEE16');
INSERT INTO student(usn,name,sem,dept,email,mob) VALUES('1PI20MEE17','przls',1,'MEE','przls@gmail.com',939382117);
INSERT INTO student_credential(usn,password)VALUES('1PI20MEE17','1PI20MEE17');
INSERT INTO student(usn,name,sem,dept,email,mob) VALUES('1PI20MEE18','rwxoc',1,'MEE','rwxoc@gmail.com',939382118);
INSERT INTO student_credential(usn,password)VALUES('1PI20MEE18','1PI20MEE18');
INSERT INTO student(usn,name,sem,dept,email,mob) VALUES('1PI20MEE19','cslut',1,'MEE','cslut@gmail.com',939382119);
INSERT INTO student_credential(usn,password)VALUES('1PI20MEE19','1PI20MEE19');
INSERT INTO student(usn,name,sem,dept,email,mob) VALUES('1PI20MEE20','wqzsq',1,'MEE','wqzsq@gmail.com',939382120);
INSERT INTO student_credential(usn,password)VALUES('1PI20MEE20','1PI20MEE20');
INSERT INTO student(usn,name,sem,dept,email,mob) VALUES('1PI20MEE21','tijvc',1,'MEE','tijvc@gmail.com',939382121);
INSERT INTO student_credential(usn,password)VALUES('1PI20MEE21','1PI20MEE21');
INSERT INTO student(usn,name,sem,dept,email,mob) VALUES('1PI20MEE22','wnpfl',1,'MEE','wnpfl@gmail.com',939382122);
INSERT INTO student_credential(usn,password)VALUES('1PI20MEE22','1PI20MEE22');
INSERT INTO student(usn,name,sem,dept,email,mob) VALUES('1PI20MEE23','rlukd',1,'MEE','rlukd@gmail.com',939382123);
INSERT INTO student_credential(usn,password)VALUES('1PI20MEE23','1PI20MEE23');
INSERT INTO student(usn,name,sem,dept,email,mob) VALUES('1PI20MEE24','iaohq',1,'MEE','iaohq@gmail.com',939382124);
INSERT INTO student_credential(usn,password)VALUES('1PI20MEE24','1PI20MEE24');
INSERT INTO student(usn,name,sem,dept,email,mob) VALUES('1PI20MEE25','jhrag',1,'MEE','jhrag@gmail.com',939382125);
INSERT INTO student_credential(usn,password)VALUES('1PI20MEE25','1PI20MEE25');
INSERT INTO student(usn,name,sem,dept,email,mob) VALUES('1PI20MEE26','lgriy',1,'MEE','lgriy@gmail.com',939382126);
INSERT INTO student_credential(usn,password)VALUES('1PI20MEE26','1PI20MEE26');
INSERT INTO student(usn,name,sem,dept,email,mob) VALUES('1PI20MEE27','kldkd',1,'MEE','kldkd@gmail.com',939382127);
INSERT INTO student_credential(usn,password)VALUES('1PI20MEE27','1PI20MEE27');
INSERT INTO student(usn,name,sem,dept,email,mob) VALUES('1PI20MEE28','frdrx',1,'MEE','frdrx@gmail.com',939382128);
INSERT INTO student_credential(usn,password)VALUES('1PI20MEE28','1PI20MEE28');
INSERT INTO student(usn,name,sem,dept,email,mob) VALUES('1PI20MEE29','jstcw',1,'MEE','jstcw@gmail.com',939382129);
INSERT INTO student_credential(usn,password)VALUES('1PI20MEE29','1PI20MEE29');
INSERT INTO student(usn,name,sem,dept,email,mob) VALUES('1PI20MEE30','rsxgy',1,'MEE','rsxgy@gmail.com',939382130);
INSERT INTO student_credential(usn,password)VALUES('1PI20MEE30','1PI20MEE30');
INSERT INTO student(usn,name,sem,dept,email,mob) VALUES('1PI20MEE31','wfnhc',1,'MEE','wfnhc@gmail.com',939382131);
INSERT INTO student_credential(usn,password)VALUES('1PI20MEE31','1PI20MEE31');
INSERT INTO student(usn,name,sem,dept,email,mob) VALUES('1PI20MEE32','bkpme',1,'MEE','bkpme@gmail.com',939382132);
INSERT INTO student_credential(usn,password)VALUES('1PI20MEE32','1PI20MEE32');
INSERT INTO student(usn,name,sem,dept,email,mob) VALUES('1PI20MEE33','supmt',1,'MEE','supmt@gmail.com',939382133);
INSERT INTO student_credential(usn,password)VALUES('1PI20MEE33','1PI20MEE33');
INSERT INTO student(usn,name,sem,dept,email,mob) VALUES('1PI20MEE34','rvipf',1,'MEE','rvipf@gmail.com',939382134);
INSERT INTO student_credential(usn,password)VALUES('1PI20MEE34','1PI20MEE34');
INSERT INTO student(usn,name,sem,dept,email,mob) VALUES('1PI20MEE35','bktbw',1,'MEE','bktbw@gmail.com',939382135);
INSERT INTO student_credential(usn,password)VALUES('1PI20MEE35','1PI20MEE35');
INSERT INTO student(usn,name,sem,dept,email,mob) VALUES('1PI20MEE36','zfaho',1,'MEE','zfaho@gmail.com',939382136);
INSERT INTO student_credential(usn,password)VALUES('1PI20MEE36','1PI20MEE36');
INSERT INTO student(usn,name,sem,dept,email,mob) VALUES('1PI20MEE37','evnhx',1,'MEE','evnhx@gmail.com',939382137);
INSERT INTO student_credential(usn,password)VALUES('1PI20MEE37','1PI20MEE37');
INSERT INTO student(usn,name,sem,dept,email,mob) VALUES('1PI20MEE38','brhhf',1,'MEE','brhhf@gmail.com',939382138);
INSERT INTO student_credential(usn,password)VALUES('1PI20MEE38','1PI20MEE38');
INSERT INTO student(usn,name,sem,dept,email,mob) VALUES('1PI20MEE39','obgyw',1,'MEE','obgyw@gmail.com',939382139);
INSERT INTO student_credential(usn,password)VALUES('1PI20MEE39','1PI20MEE39');
INSERT INTO student(usn,name,sem,dept,email,mob) VALUES('1PI20MEE40','cvhkt',1,'MEE','cvhkt@gmail.com',939382140);
INSERT INTO student_credential(usn,password)VALUES('1PI20MEE40','1PI20MEE40');
INSERT INTO student(usn,name,sem,dept,email,mob) VALUES('1PI20MEE41','doxqt',1,'MEE','doxqt@gmail.com',939382141);
INSERT INTO student_credential(usn,password)VALUES('1PI20MEE41','1PI20MEE41');
INSERT INTO student(usn,name,sem,dept,email,mob) VALUES('1PI20MEE42','ekiww',1,'MEE','ekiww@gmail.com',939382142);
INSERT INTO student_credential(usn,password)VALUES('1PI20MEE42','1PI20MEE42');
INSERT INTO student(usn,name,sem,dept,email,mob) VALUES('1PI20MEE43','urzbl',1,'MEE','urzbl@gmail.com',939382143);
INSERT INTO student_credential(usn,password)VALUES('1PI20MEE43','1PI20MEE43');
INSERT INTO student(usn,name,sem,dept,email,mob) VALUES('1PI20MEE44','mldlf',1,'MEE','mldlf@gmail.com',939382144);
INSERT INTO student_credential(usn,password)VALUES('1PI20MEE44','1PI20MEE44');
INSERT INTO student(usn,name,sem,dept,email,mob) VALUES('1PI20MEE45','ibdve',1,'MEE','ibdve@gmail.com',939382145);
INSERT INTO student_credential(usn,password)VALUES('1PI20MEE45','1PI20MEE45');
INSERT INTO student(usn,name,sem,dept,email,mob) VALUES('1PI20MEE46','munnl',1,'MEE','munnl@gmail.com',939382146);
INSERT INTO student_credential(usn,password)VALUES('1PI20MEE46','1PI20MEE46');
INSERT INTO student(usn,name,sem,dept,email,mob) VALUES('1PI20MEE47','xubyk',1,'MEE','xubyk@gmail.com',939382147);
INSERT INTO student_credential(usn,password)VALUES('1PI20MEE47','1PI20MEE47');
INSERT INTO student(usn,name,sem,dept,email,mob) VALUES('1PI20MEE48','vvrgk',1,'MEE','vvrgk@gmail.com',939382148);
INSERT INTO student_credential(usn,password)VALUES('1PI20MEE48','1PI20MEE48');
INSERT INTO student(usn,name,sem,dept,email,mob) VALUES('1PI20MEE49','trerp',1,'MEE','trerp@gmail.com',939382149);
INSERT INTO student_credential(usn,password)VALUES('1PI20MEE49','1PI20MEE49');
INSERT INTO student(usn,name,sem,dept,email,mob) VALUES('1PI20MEE50','tisiz',1,'MEE','tisiz@gmail.com',939382150);
INSERT INTO student_credential(usn,password)VALUES('1PI20MEE50','1PI20MEE50');
INSERT INTO student(usn,name,sem,dept,email,mob) VALUES('1PI20MEE51','xhrev',1,'MEE','xhrev@gmail.com',939382151);
INSERT INTO student_credential(usn,password)VALUES('1PI20MEE51','1PI20MEE51');
INSERT INTO student(usn,name,sem,dept,email,mob) VALUES('1PI20MEE52','nxque',1,'MEE','nxque@gmail.com',939382152);
INSERT INTO student_credential(usn,password)VALUES('1PI20MEE52','1PI20MEE52');
INSERT INTO student(usn,name,sem,dept,email,mob) VALUES('1PI20MEE53','zxkug',1,'MEE','zxkug@gmail.com',939382153);
INSERT INTO student_credential(usn,password)VALUES('1PI20MEE53','1PI20MEE53');
INSERT INTO student(usn,name,sem,dept,email,mob) VALUES('1PI20MEE54','roohr',1,'MEE','roohr@gmail.com',939382154);
INSERT INTO student_credential(usn,password)VALUES('1PI20MEE54','1PI20MEE54');
INSERT INTO student(usn,name,sem,dept,email,mob) VALUES('1PI20MEE55','hudid',1,'MEE','hudid@gmail.com',939382155);
INSERT INTO student_credential(usn,password)VALUES('1PI20MEE55','1PI20MEE55');
INSERT INTO student(usn,name,sem,dept,email,mob) VALUES('1PI20MEE56','gvhtj',1,'MEE','gvhtj@gmail.com',939382156);
INSERT INTO student_credential(usn,password)VALUES('1PI20MEE56','1PI20MEE56');
INSERT INTO student(usn,name,sem,dept,email,mob) VALUES('1PI20MEE57','hyezk',1,'MEE','hyezk@gmail.com',939382157);
INSERT INTO student_credential(usn,password)VALUES('1PI20MEE57','1PI20MEE57');
INSERT INTO student(usn,name,sem,dept,email,mob) VALUES('1PI20MEE58','yhpfx',1,'MEE','yhpfx@gmail.com',939382158);
INSERT INTO student_credential(usn,password)VALUES('1PI20MEE58','1PI20MEE58');
INSERT INTO student(usn,name,sem,dept,email,mob) VALUES('1PI20MEE59','wgprp',1,'MEE','wgprp@gmail.com',939382159);
INSERT INTO student_credential(usn,password)VALUES('1PI20MEE59','1PI20MEE59');
INSERT INTO student(usn,name,sem,dept,email,mob) VALUES('1PI20MEE60','seacc',1,'MEE','seacc@gmail.com',939382160);
INSERT INTO student_credential(usn,password)VALUES('1PI20MEE60','1PI20MEE60');
INSERT INTO student(usn,name,sem,dept,email,mob) VALUES('1PI20MEE61','xkwvi',1,'MEE','xkwvi@gmail.com',939382161);
INSERT INTO student_credential(usn,password)VALUES('1PI20MEE61','1PI20MEE61');
INSERT INTO student(usn,name,sem,dept,email,mob) VALUES('1PI20MEE62','xvfhq',1,'MEE','xvfhq@gmail.com',939382162);
INSERT INTO student_credential(usn,password)VALUES('1PI20MEE62','1PI20MEE62');
INSERT INTO student(usn,name,sem,dept,email,mob) VALUES('1PI20MEE63','fawkf',1,'MEE','fawkf@gmail.com',939382163);
INSERT INTO student_credential(usn,password)VALUES('1PI20MEE63','1PI20MEE63');
INSERT INTO student(usn,name,sem,dept,email,mob) VALUES('1PI20MEE64','djpye',1,'MEE','djpye@gmail.com',939382164);
INSERT INTO student_credential(usn,password)VALUES('1PI20MEE64','1PI20MEE64');
INSERT INTO student(usn,name,sem,dept,email,mob) VALUES('1PI20MEE65','evdgg',1,'MEE','evdgg@gmail.com',939382165);
INSERT INTO student_credential(usn,password)VALUES('1PI20MEE65','1PI20MEE65');
INSERT INTO student(usn,name,sem,dept,email,mob) VALUES('1PI20MEE66','atfie',1,'MEE','atfie@gmail.com',939382166);
INSERT INTO student_credential(usn,password)VALUES('1PI20MEE66','1PI20MEE66');
INSERT INTO student(usn,name,sem,dept,email,mob) VALUES('1PI20MEE67','kixey',1,'MEE','kixey@gmail.com',939382167);
INSERT INTO student_credential(usn,password)VALUES('1PI20MEE67','1PI20MEE67');
INSERT INTO student(usn,name,sem,dept,email,mob) VALUES('1PI20MEE68','rfcpx',1,'MEE','rfcpx@gmail.com',939382168);
INSERT INTO student_credential(usn,password)VALUES('1PI20MEE68','1PI20MEE68');
INSERT INTO student(usn,name,sem,dept,email,mob) VALUES('1PI20MEE69','scjkc',1,'MEE','scjkc@gmail.com',939382169);
INSERT INTO student_credential(usn,password)VALUES('1PI20MEE69','1PI20MEE69');
INSERT INTO student(usn,name,sem,dept,email,mob) VALUES('1PI20MEE70','fgqmy',1,'MEE','fgqmy@gmail.com',939382170);
INSERT INTO student_credential(usn,password)VALUES('1PI20MEE70','1PI20MEE70');
INSERT INTO student(usn,name,sem,dept,email,mob) VALUES('1PI20MEE71','hjmjt',1,'MEE','hjmjt@gmail.com',939382171);
INSERT INTO student_credential(usn,password)VALUES('1PI20MEE71','1PI20MEE71');
INSERT INTO student(usn,name,sem,dept,email,mob) VALUES('1PI20MEE72','imdsp',1,'MEE','imdsp@gmail.com',939382172);
INSERT INTO student_credential(usn,password)VALUES('1PI20MEE72','1PI20MEE72');
INSERT INTO student(usn,name,sem,dept,email,mob) VALUES('1PI20MEE73','izhwz',1,'MEE','izhwz@gmail.com',939382173);
INSERT INTO student_credential(usn,password)VALUES('1PI20MEE73','1PI20MEE73');
INSERT INTO student(usn,name,sem,dept,email,mob) VALUES('1PI20MEE74','izcyu',1,'MEE','izcyu@gmail.com',939382174);
INSERT INTO student_credential(usn,password)VALUES('1PI20MEE74','1PI20MEE74');
INSERT INTO student(usn,name,sem,dept,email,mob) VALUES('1PI20MEE75','ceglm',1,'MEE','ceglm@gmail.com',939382175);
INSERT INTO student_credential(usn,password)VALUES('1PI20MEE75','1PI20MEE75');
INSERT INTO student(usn,name,sem,dept,email,mob) VALUES('1PI20MEE76','mbgyg',1,'MEE','mbgyg@gmail.com',939382176);
INSERT INTO student_credential(usn,password)VALUES('1PI20MEE76','1PI20MEE76');
INSERT INTO student(usn,name,sem,dept,email,mob) VALUES('1PI20MEE77','fvtqv',1,'MEE','fvtqv@gmail.com',939382177);
INSERT INTO student_credential(usn,password)VALUES('1PI20MEE77','1PI20MEE77');
INSERT INTO student(usn,name,sem,dept,email,mob) VALUES('1PI20MEE78','zqatx',1,'MEE','zqatx@gmail.com',939382178);
INSERT INTO student_credential(usn,password)VALUES('1PI20MEE78','1PI20MEE78');
INSERT INTO student(usn,name,sem,dept,email,mob) VALUES('1PI20MEE79','lgiby',1,'MEE','lgiby@gmail.com',939382179);
INSERT INTO student_credential(usn,password)VALUES('1PI20MEE79','1PI20MEE79');
INSERT INTO student(usn,name,sem,dept,email,mob) VALUES('1PI20MEE80','zzkia',1,'MEE','zzkia@gmail.com',939382180);
INSERT INTO student_credential(usn,password)VALUES('1PI20MEE80','1PI20MEE80');
INSERT INTO student(usn,name,sem,dept,email,mob) VALUES('1PI20MEE81','jxmbh',1,'MEE','jxmbh@gmail.com',939382181);
INSERT INTO student_credential(usn,password)VALUES('1PI20MEE81','1PI20MEE81');
INSERT INTO student(usn,name,sem,dept,email,mob) VALUES('1PI20MEE82','mkqlw',1,'MEE','mkqlw@gmail.com',939382182);
INSERT INTO student_credential(usn,password)VALUES('1PI20MEE82','1PI20MEE82');
INSERT INTO student(usn,name,sem,dept,email,mob) VALUES('1PI20MEE83','hqngh',1,'MEE','hqngh@gmail.com',939382183);
INSERT INTO student_credential(usn,password)VALUES('1PI20MEE83','1PI20MEE83');
INSERT INTO student(usn,name,sem,dept,email,mob) VALUES('1PI20MEE84','lvlzg',1,'MEE','lvlzg@gmail.com',939382184);
INSERT INTO student_credential(usn,password)VALUES('1PI20MEE84','1PI20MEE84');
INSERT INTO student(usn,name,sem,dept,email,mob) VALUES('1PI20MEE85','ppxoo',1,'MEE','ppxoo@gmail.com',939382185);
INSERT INTO student_credential(usn,password)VALUES('1PI20MEE85','1PI20MEE85');
INSERT INTO student(usn,name,sem,dept,email,mob) VALUES('1PI20MEE86','eoqxp',1,'MEE','eoqxp@gmail.com',939382186);
INSERT INTO student_credential(usn,password)VALUES('1PI20MEE86','1PI20MEE86');
INSERT INTO student(usn,name,sem,dept,email,mob) VALUES('1PI20MEE87','pbpmb',1,'MEE','pbpmb@gmail.com',939382187);
INSERT INTO student_credential(usn,password)VALUES('1PI20MEE87','1PI20MEE87');
INSERT INTO student(usn,name,sem,dept,email,mob) VALUES('1PI20MEE88','lxnke',1,'MEE','lxnke@gmail.com',939382188);
INSERT INTO student_credential(usn,password)VALUES('1PI20MEE88','1PI20MEE88');
INSERT INTO student(usn,name,sem,dept,email,mob) VALUES('1PI20MEE89','ofmni',1,'MEE','ofmni@gmail.com',939382189);
INSERT INTO student_credential(usn,password)VALUES('1PI20MEE89','1PI20MEE89');
INSERT INTO student(usn,name,sem,dept,email,mob) VALUES('1PI20MEE90','umjca',1,'MEE','umjca@gmail.com',939382190);
INSERT INTO student_credential(usn,password)VALUES('1PI20MEE90','1PI20MEE90');
INSERT INTO student(usn,name,sem,dept,email,mob) VALUES('1PI20MEE91','fcuyv',1,'MEE','fcuyv@gmail.com',939382191);
INSERT INTO student_credential(usn,password)VALUES('1PI20MEE91','1PI20MEE91');
INSERT INTO student(usn,name,sem,dept,email,mob) VALUES('1PI20MEE92','dcuet',1,'MEE','dcuet@gmail.com',939382192);
INSERT INTO student_credential(usn,password)VALUES('1PI20MEE92','1PI20MEE92');
INSERT INTO student(usn,name,sem,dept,email,mob) VALUES('1PI20MEE93','erqpj',1,'MEE','erqpj@gmail.com',939382193);
INSERT INTO student_credential(usn,password)VALUES('1PI20MEE93','1PI20MEE93');
INSERT INTO student(usn,name,sem,dept,email,mob) VALUES('1PI20MEE94','jwakn',1,'MEE','jwakn@gmail.com',939382194);
INSERT INTO student_credential(usn,password)VALUES('1PI20MEE94','1PI20MEE94');
INSERT INTO student(usn,name,sem,dept,email,mob) VALUES('1PI20MEE95','kxtlz',1,'MEE','kxtlz@gmail.com',939382195);
INSERT INTO student_credential(usn,password)VALUES('1PI20MEE95','1PI20MEE95');
INSERT INTO student(usn,name,sem,dept,email,mob) VALUES('1PI20MEE96','qfljn',1,'MEE','qfljn@gmail.com',939382196);
INSERT INTO student_credential(usn,password)VALUES('1PI20MEE96','1PI20MEE96');
INSERT INTO student(usn,name,sem,dept,email,mob) VALUES('1PI20MEE97','wkxgk',1,'MEE','wkxgk@gmail.com',939382197);
INSERT INTO student_credential(usn,password)VALUES('1PI20MEE97','1PI20MEE97');
INSERT INTO student(usn,name,sem,dept,email,mob) VALUES('1PI20MEE98','fylnu',1,'MEE','fylnu@gmail.com',939382198);
INSERT INTO student_credential(usn,password)VALUES('1PI20MEE98','1PI20MEE98');
INSERT INTO student(usn,name,sem,dept,email,mob) VALUES('1PI20MEE99','kbiys',1,'MEE','kbiys@gmail.com',939382199);
INSERT INTO student_credential(usn,password)VALUES('1PI20MEE99','1PI20MEE99');
INSERT INTO student(usn,name,sem,dept,email,mob) VALUES('1PI14EEE0','plkhj',7,'EEE','plkhj@gmail.com',939383700);
INSERT INTO student_credential(usn,password)VALUES('1PI14EEE0','1PI14EEE0');
INSERT INTO student(usn,name,sem,dept,email,mob) VALUES('1PI14EEE1','ucfuw',7,'EEE','ucfuw@gmail.com',939383701);
INSERT INTO student_credential(usn,password)VALUES('1PI14EEE1','1PI14EEE1');
INSERT INTO student(usn,name,sem,dept,email,mob) VALUES('1PI14EEE2','ohzvp',7,'EEE','ohzvp@gmail.com',939383702);
INSERT INTO student_credential(usn,password)VALUES('1PI14EEE2','1PI14EEE2');
INSERT INTO student(usn,name,sem,dept,email,mob) VALUES('1PI14EEE3','hjbjy',7,'EEE','hjbjy@gmail.com',939383703);
INSERT INTO student_credential(usn,password)VALUES('1PI14EEE3','1PI14EEE3');
INSERT INTO student(usn,name,sem,dept,email,mob) VALUES('1PI14EEE4','ovdln',7,'EEE','ovdln@gmail.com',939383704);
INSERT INTO student_credential(usn,password)VALUES('1PI14EEE4','1PI14EEE4');
INSERT INTO student(usn,name,sem,dept,email,mob) VALUES('1PI14EEE5','bfrkv',7,'EEE','bfrkv@gmail.com',939383705);
INSERT INTO student_credential(usn,password)VALUES('1PI14EEE5','1PI14EEE5');
INSERT INTO student(usn,name,sem,dept,email,mob) VALUES('1PI14EEE6','bemwy',7,'EEE','bemwy@gmail.com',939383706);
INSERT INTO student_credential(usn,password)VALUES('1PI14EEE6','1PI14EEE6');
INSERT INTO student(usn,name,sem,dept,email,mob) VALUES('1PI14EEE7','tfjyn',7,'EEE','tfjyn@gmail.com',939383707);
INSERT INTO student_credential(usn,password)VALUES('1PI14EEE7','1PI14EEE7');
INSERT INTO student(usn,name,sem,dept,email,mob) VALUES('1PI14EEE8','qmgza',7,'EEE','qmgza@gmail.com',939383708);
INSERT INTO student_credential(usn,password)VALUES('1PI14EEE8','1PI14EEE8');
INSERT INTO student(usn,name,sem,dept,email,mob) VALUES('1PI14EEE9','gbkwe',7,'EEE','gbkwe@gmail.com',939383709);
INSERT INTO student_credential(usn,password)VALUES('1PI14EEE9','1PI14EEE9');
INSERT INTO student(usn,name,sem,dept,email,mob) VALUES('1PI14EEE10','kkoux',7,'EEE','kkoux@gmail.com',939383710);
INSERT INTO student_credential(usn,password)VALUES('1PI14EEE10','1PI14EEE10');
INSERT INTO student(usn,name,sem,dept,email,mob) VALUES('1PI14EEE11','dcynk',7,'EEE','dcynk@gmail.com',939383711);
INSERT INTO student_credential(usn,password)VALUES('1PI14EEE11','1PI14EEE11');
INSERT INTO student(usn,name,sem,dept,email,mob) VALUES('1PI14EEE12','htosf',7,'EEE','htosf@gmail.com',939383712);
INSERT INTO student_credential(usn,password)VALUES('1PI14EEE12','1PI14EEE12');
INSERT INTO student(usn,name,sem,dept,email,mob) VALUES('1PI14EEE13','ytluc',7,'EEE','ytluc@gmail.com',939383713);
INSERT INTO student_credential(usn,password)VALUES('1PI14EEE13','1PI14EEE13');
INSERT INTO student(usn,name,sem,dept,email,mob) VALUES('1PI14EEE14','entoi',7,'EEE','entoi@gmail.com',939383714);
INSERT INTO student_credential(usn,password)VALUES('1PI14EEE14','1PI14EEE14');
INSERT INTO student(usn,name,sem,dept,email,mob) VALUES('1PI14EEE15','lfuld',7,'EEE','lfuld@gmail.com',939383715);
INSERT INTO student_credential(usn,password)VALUES('1PI14EEE15','1PI14EEE15');
INSERT INTO student(usn,name,sem,dept,email,mob) VALUES('1PI14EEE16','vrxlo',7,'EEE','vrxlo@gmail.com',939383716);
INSERT INTO student_credential(usn,password)VALUES('1PI14EEE16','1PI14EEE16');
INSERT INTO student(usn,name,sem,dept,email,mob) VALUES('1PI14EEE17','nvkxz',7,'EEE','nvkxz@gmail.com',939383717);
INSERT INTO student_credential(usn,password)VALUES('1PI14EEE17','1PI14EEE17');
INSERT INTO student(usn,name,sem,dept,email,mob) VALUES('1PI14EEE18','ecxep',7,'EEE','ecxep@gmail.com',939383718);
INSERT INTO student_credential(usn,password)VALUES('1PI14EEE18','1PI14EEE18');
INSERT INTO student(usn,name,sem,dept,email,mob) VALUES('1PI14EEE19','kmzzg',7,'EEE','kmzzg@gmail.com',939383719);
INSERT INTO student_credential(usn,password)VALUES('1PI14EEE19','1PI14EEE19');
INSERT INTO student(usn,name,sem,dept,email,mob) VALUES('1PI14EEE20','xluah',7,'EEE','xluah@gmail.com',939383720);
INSERT INTO student_credential(usn,password)VALUES('1PI14EEE20','1PI14EEE20');
INSERT INTO student(usn,name,sem,dept,email,mob) VALUES('1PI14EEE21','mjyec',7,'EEE','mjyec@gmail.com',939383721);
INSERT INTO student_credential(usn,password)VALUES('1PI14EEE21','1PI14EEE21');
INSERT INTO student(usn,name,sem,dept,email,mob) VALUES('1PI14EEE22','sldje',7,'EEE','sldje@gmail.com',939383722);
INSERT INTO student_credential(usn,password)VALUES('1PI14EEE22','1PI14EEE22');
INSERT INTO student(usn,name,sem,dept,email,mob) VALUES('1PI14EEE23','sdcpj',7,'EEE','sdcpj@gmail.com',939383723);
INSERT INTO student_credential(usn,password)VALUES('1PI14EEE23','1PI14EEE23');
INSERT INTO student(usn,name,sem,dept,email,mob) VALUES('1PI14EEE24','ikvpa',7,'EEE','ikvpa@gmail.com',939383724);
INSERT INTO student_credential(usn,password)VALUES('1PI14EEE24','1PI14EEE24');
INSERT INTO student(usn,name,sem,dept,email,mob) VALUES('1PI14EEE25','udvkx',7,'EEE','udvkx@gmail.com',939383725);
INSERT INTO student_credential(usn,password)VALUES('1PI14EEE25','1PI14EEE25');
INSERT INTO student(usn,name,sem,dept,email,mob) VALUES('1PI14EEE26','gllis',7,'EEE','gllis@gmail.com',939383726);
INSERT INTO student_credential(usn,password)VALUES('1PI14EEE26','1PI14EEE26');
INSERT INTO student(usn,name,sem,dept,email,mob) VALUES('1PI14EEE27','aambo',7,'EEE','aambo@gmail.com',939383727);
INSERT INTO student_credential(usn,password)VALUES('1PI14EEE27','1PI14EEE27');
INSERT INTO student(usn,name,sem,dept,email,mob) VALUES('1PI14EEE28','vjkdq',7,'EEE','vjkdq@gmail.com',939383728);
INSERT INTO student_credential(usn,password)VALUES('1PI14EEE28','1PI14EEE28');
INSERT INTO student(usn,name,sem,dept,email,mob) VALUES('1PI14EEE29','rkdor',7,'EEE','rkdor@gmail.com',939383729);
INSERT INTO student_credential(usn,password)VALUES('1PI14EEE29','1PI14EEE29');
INSERT INTO student(usn,name,sem,dept,email,mob) VALUES('1PI14EEE30','jfnyg',7,'EEE','jfnyg@gmail.com',939383730);
INSERT INTO student_credential(usn,password)VALUES('1PI14EEE30','1PI14EEE30');
INSERT INTO student(usn,name,sem,dept,email,mob) VALUES('1PI14EEE31','hhhpt',7,'EEE','hhhpt@gmail.com',939383731);
INSERT INTO student_credential(usn,password)VALUES('1PI14EEE31','1PI14EEE31');
INSERT INTO student(usn,name,sem,dept,email,mob) VALUES('1PI14EEE32','zifaw',7,'EEE','zifaw@gmail.com',939383732);
INSERT INTO student_credential(usn,password)VALUES('1PI14EEE32','1PI14EEE32');
INSERT INTO student(usn,name,sem,dept,email,mob) VALUES('1PI14EEE33','ftzqg',7,'EEE','ftzqg@gmail.com',939383733);
INSERT INTO student_credential(usn,password)VALUES('1PI14EEE33','1PI14EEE33');
INSERT INTO student(usn,name,sem,dept,email,mob) VALUES('1PI14EEE34','emnhp',7,'EEE','emnhp@gmail.com',939383734);
INSERT INTO student_credential(usn,password)VALUES('1PI14EEE34','1PI14EEE34');
INSERT INTO student(usn,name,sem,dept,email,mob) VALUES('1PI14EEE35','qyict',7,'EEE','qyict@gmail.com',939383735);
INSERT INTO student_credential(usn,password)VALUES('1PI14EEE35','1PI14EEE35');
INSERT INTO student(usn,name,sem,dept,email,mob) VALUES('1PI14EEE36','moyfp',7,'EEE','moyfp@gmail.com',939383736);
INSERT INTO student_credential(usn,password)VALUES('1PI14EEE36','1PI14EEE36');
INSERT INTO student(usn,name,sem,dept,email,mob) VALUES('1PI14EEE37','cvkca',7,'EEE','cvkca@gmail.com',939383737);
INSERT INTO student_credential(usn,password)VALUES('1PI14EEE37','1PI14EEE37');
INSERT INTO student(usn,name,sem,dept,email,mob) VALUES('1PI14EEE38','odakj',7,'EEE','odakj@gmail.com',939383738);
INSERT INTO student_credential(usn,password)VALUES('1PI14EEE38','1PI14EEE38');
INSERT INTO student(usn,name,sem,dept,email,mob) VALUES('1PI14EEE39','acqau',7,'EEE','acqau@gmail.com',939383739);
INSERT INTO student_credential(usn,password)VALUES('1PI14EEE39','1PI14EEE39');
INSERT INTO student(usn,name,sem,dept,email,mob) VALUES('1PI14EEE40','zyowd',7,'EEE','zyowd@gmail.com',939383740);
INSERT INTO student_credential(usn,password)VALUES('1PI14EEE40','1PI14EEE40');
INSERT INTO student(usn,name,sem,dept,email,mob) VALUES('1PI14EEE41','zsfqh',7,'EEE','zsfqh@gmail.com',939383741);
INSERT INTO student_credential(usn,password)VALUES('1PI14EEE41','1PI14EEE41');
INSERT INTO student(usn,name,sem,dept,email,mob) VALUES('1PI14EEE42','kplfb',7,'EEE','kplfb@gmail.com',939383742);
INSERT INTO student_credential(usn,password)VALUES('1PI14EEE42','1PI14EEE42');
INSERT INTO student(usn,name,sem,dept,email,mob) VALUES('1PI14EEE43','yzmni',7,'EEE','yzmni@gmail.com',939383743);
INSERT INTO student_credential(usn,password)VALUES('1PI14EEE43','1PI14EEE43');
INSERT INTO student(usn,name,sem,dept,email,mob) VALUES('1PI14EEE44','mdlxm',7,'EEE','mdlxm@gmail.com',939383744);
INSERT INTO student_credential(usn,password)VALUES('1PI14EEE44','1PI14EEE44');
INSERT INTO student(usn,name,sem,dept,email,mob) VALUES('1PI14EEE45','jydax',7,'EEE','jydax@gmail.com',939383745);
INSERT INTO student_credential(usn,password)VALUES('1PI14EEE45','1PI14EEE45');
INSERT INTO student(usn,name,sem,dept,email,mob) VALUES('1PI14EEE46','yjnec',7,'EEE','yjnec@gmail.com',939383746);
INSERT INTO student_credential(usn,password)VALUES('1PI14EEE46','1PI14EEE46');
INSERT INTO student(usn,name,sem,dept,email,mob) VALUES('1PI14EEE47','xsjjb',7,'EEE','xsjjb@gmail.com',939383747);
INSERT INTO student_credential(usn,password)VALUES('1PI14EEE47','1PI14EEE47');
INSERT INTO student(usn,name,sem,dept,email,mob) VALUES('1PI14EEE48','hiqnv',7,'EEE','hiqnv@gmail.com',939383748);
INSERT INTO student_credential(usn,password)VALUES('1PI14EEE48','1PI14EEE48');
INSERT INTO student(usn,name,sem,dept,email,mob) VALUES('1PI14EEE49','ocden',7,'EEE','ocden@gmail.com',939383749);
INSERT INTO student_credential(usn,password)VALUES('1PI14EEE49','1PI14EEE49');
INSERT INTO student(usn,name,sem,dept,email,mob) VALUES('1PI14EEE50','qmwil',7,'EEE','qmwil@gmail.com',939383750);
INSERT INTO student_credential(usn,password)VALUES('1PI14EEE50','1PI14EEE50');
INSERT INTO student(usn,name,sem,dept,email,mob) VALUES('1PI14EEE51','xxzoq',7,'EEE','xxzoq@gmail.com',939383751);
INSERT INTO student_credential(usn,password)VALUES('1PI14EEE51','1PI14EEE51');
INSERT INTO student(usn,name,sem,dept,email,mob) VALUES('1PI14EEE52','fotpi',7,'EEE','fotpi@gmail.com',939383752);
INSERT INTO student_credential(usn,password)VALUES('1PI14EEE52','1PI14EEE52');
INSERT INTO student(usn,name,sem,dept,email,mob) VALUES('1PI14EEE53','kpqud',7,'EEE','kpqud@gmail.com',939383753);
INSERT INTO student_credential(usn,password)VALUES('1PI14EEE53','1PI14EEE53');
INSERT INTO student(usn,name,sem,dept,email,mob) VALUES('1PI14EEE54','momik',7,'EEE','momik@gmail.com',939383754);
INSERT INTO student_credential(usn,password)VALUES('1PI14EEE54','1PI14EEE54');
INSERT INTO student(usn,name,sem,dept,email,mob) VALUES('1PI14EEE55','ppzhd',7,'EEE','ppzhd@gmail.com',939383755);
INSERT INTO student_credential(usn,password)VALUES('1PI14EEE55','1PI14EEE55');
INSERT INTO student(usn,name,sem,dept,email,mob) VALUES('1PI14EEE56','hfqsg',7,'EEE','hfqsg@gmail.com',939383756);
INSERT INTO student_credential(usn,password)VALUES('1PI14EEE56','1PI14EEE56');
INSERT INTO student(usn,name,sem,dept,email,mob) VALUES('1PI14EEE57','bxiis',7,'EEE','bxiis@gmail.com',939383757);
INSERT INTO student_credential(usn,password)VALUES('1PI14EEE57','1PI14EEE57');
INSERT INTO student(usn,name,sem,dept,email,mob) VALUES('1PI14EEE58','yzwnh',7,'EEE','yzwnh@gmail.com',939383758);
INSERT INTO student_credential(usn,password)VALUES('1PI14EEE58','1PI14EEE58');
INSERT INTO student(usn,name,sem,dept,email,mob) VALUES('1PI14EEE59','xyfvy',7,'EEE','xyfvy@gmail.com',939383759);
INSERT INTO student_credential(usn,password)VALUES('1PI14EEE59','1PI14EEE59');
INSERT INTO student(usn,name,sem,dept,email,mob) VALUES('1PI14EEE60','dfmpd',7,'EEE','dfmpd@gmail.com',939383760);
INSERT INTO student_credential(usn,password)VALUES('1PI14EEE60','1PI14EEE60');
INSERT INTO student(usn,name,sem,dept,email,mob) VALUES('1PI14EEE61','womci',7,'EEE','womci@gmail.com',939383761);
INSERT INTO student_credential(usn,password)VALUES('1PI14EEE61','1PI14EEE61');
INSERT INTO student(usn,name,sem,dept,email,mob) VALUES('1PI14EEE62','udcny',7,'EEE','udcny@gmail.com',939383762);
INSERT INTO student_credential(usn,password)VALUES('1PI14EEE62','1PI14EEE62');
INSERT INTO student(usn,name,sem,dept,email,mob) VALUES('1PI14EEE63','ndgcn',7,'EEE','ndgcn@gmail.com',939383763);
INSERT INTO student_credential(usn,password)VALUES('1PI14EEE63','1PI14EEE63');
INSERT INTO student(usn,name,sem,dept,email,mob) VALUES('1PI14EEE64','fjitp',7,'EEE','fjitp@gmail.com',939383764);
INSERT INTO student_credential(usn,password)VALUES('1PI14EEE64','1PI14EEE64');
INSERT INTO student(usn,name,sem,dept,email,mob) VALUES('1PI14EEE65','pmymx',7,'EEE','pmymx@gmail.com',939383765);
INSERT INTO student_credential(usn,password)VALUES('1PI14EEE65','1PI14EEE65');
INSERT INTO student(usn,name,sem,dept,email,mob) VALUES('1PI14EEE66','iisne',7,'EEE','iisne@gmail.com',939383766);
INSERT INTO student_credential(usn,password)VALUES('1PI14EEE66','1PI14EEE66');
INSERT INTO student(usn,name,sem,dept,email,mob) VALUES('1PI14EEE67','bpyws',7,'EEE','bpyws@gmail.com',939383767);
INSERT INTO student_credential(usn,password)VALUES('1PI14EEE67','1PI14EEE67');
INSERT INTO student(usn,name,sem,dept,email,mob) VALUES('1PI14EEE68','gqsxd',7,'EEE','gqsxd@gmail.com',939383768);
INSERT INTO student_credential(usn,password)VALUES('1PI14EEE68','1PI14EEE68');
INSERT INTO student(usn,name,sem,dept,email,mob) VALUES('1PI14EEE69','jplwz',7,'EEE','jplwz@gmail.com',939383769);
INSERT INTO student_credential(usn,password)VALUES('1PI14EEE69','1PI14EEE69');
INSERT INTO student(usn,name,sem,dept,email,mob) VALUES('1PI14EEE70','fmjoo',7,'EEE','fmjoo@gmail.com',939383770);
INSERT INTO student_credential(usn,password)VALUES('1PI14EEE70','1PI14EEE70');
INSERT INTO student(usn,name,sem,dept,email,mob) VALUES('1PI14EEE71','pyyif',7,'EEE','pyyif@gmail.com',939383771);
INSERT INTO student_credential(usn,password)VALUES('1PI14EEE71','1PI14EEE71');
INSERT INTO student(usn,name,sem,dept,email,mob) VALUES('1PI14EEE72','vkmww',7,'EEE','vkmww@gmail.com',939383772);
INSERT INTO student_credential(usn,password)VALUES('1PI14EEE72','1PI14EEE72');
INSERT INTO student(usn,name,sem,dept,email,mob) VALUES('1PI14EEE73','pgplj',7,'EEE','pgplj@gmail.com',939383773);
INSERT INTO student_credential(usn,password)VALUES('1PI14EEE73','1PI14EEE73');
INSERT INTO student(usn,name,sem,dept,email,mob) VALUES('1PI14EEE74','eawpv',7,'EEE','eawpv@gmail.com',939383774);
INSERT INTO student_credential(usn,password)VALUES('1PI14EEE74','1PI14EEE74');
INSERT INTO student(usn,name,sem,dept,email,mob) VALUES('1PI14EEE75','apiho',7,'EEE','apiho@gmail.com',939383775);
INSERT INTO student_credential(usn,password)VALUES('1PI14EEE75','1PI14EEE75');
INSERT INTO student(usn,name,sem,dept,email,mob) VALUES('1PI14EEE76','xuuff',7,'EEE','xuuff@gmail.com',939383776);
INSERT INTO student_credential(usn,password)VALUES('1PI14EEE76','1PI14EEE76');
INSERT INTO student(usn,name,sem,dept,email,mob) VALUES('1PI14EEE77','brwhp',7,'EEE','brwhp@gmail.com',939383777);
INSERT INTO student_credential(usn,password)VALUES('1PI14EEE77','1PI14EEE77');
INSERT INTO student(usn,name,sem,dept,email,mob) VALUES('1PI14EEE78','evcoq',7,'EEE','evcoq@gmail.com',939383778);
INSERT INTO student_credential(usn,password)VALUES('1PI14EEE78','1PI14EEE78');
INSERT INTO student(usn,name,sem,dept,email,mob) VALUES('1PI14EEE79','rgrqw',7,'EEE','rgrqw@gmail.com',939383779);
INSERT INTO student_credential(usn,password)VALUES('1PI14EEE79','1PI14EEE79');
INSERT INTO student(usn,name,sem,dept,email,mob) VALUES('1PI14EEE80','zhibn',7,'EEE','zhibn@gmail.com',939383780);
INSERT INTO student_credential(usn,password)VALUES('1PI14EEE80','1PI14EEE80');
INSERT INTO student(usn,name,sem,dept,email,mob) VALUES('1PI14EEE81','orkhz',7,'EEE','orkhz@gmail.com',939383781);
INSERT INTO student_credential(usn,password)VALUES('1PI14EEE81','1PI14EEE81');
INSERT INTO student(usn,name,sem,dept,email,mob) VALUES('1PI14EEE82','mlbzf',7,'EEE','mlbzf@gmail.com',939383782);
INSERT INTO student_credential(usn,password)VALUES('1PI14EEE82','1PI14EEE82');
INSERT INTO student(usn,name,sem,dept,email,mob) VALUES('1PI14EEE83','hxunr',7,'EEE','hxunr@gmail.com',939383783);
INSERT INTO student_credential(usn,password)VALUES('1PI14EEE83','1PI14EEE83');
INSERT INTO student(usn,name,sem,dept,email,mob) VALUES('1PI14EEE84','klibv',7,'EEE','klibv@gmail.com',939383784);
INSERT INTO student_credential(usn,password)VALUES('1PI14EEE84','1PI14EEE84');
INSERT INTO student(usn,name,sem,dept,email,mob) VALUES('1PI14EEE85','pszzn',7,'EEE','pszzn@gmail.com',939383785);
INSERT INTO student_credential(usn,password)VALUES('1PI14EEE85','1PI14EEE85');
INSERT INTO student(usn,name,sem,dept,email,mob) VALUES('1PI14EEE86','opfga',7,'EEE','opfga@gmail.com',939383786);
INSERT INTO student_credential(usn,password)VALUES('1PI14EEE86','1PI14EEE86');
INSERT INTO student(usn,name,sem,dept,email,mob) VALUES('1PI14EEE87','xzgfl',7,'EEE','xzgfl@gmail.com',939383787);
INSERT INTO student_credential(usn,password)VALUES('1PI14EEE87','1PI14EEE87');
INSERT INTO student(usn,name,sem,dept,email,mob) VALUES('1PI14EEE88','tlsxb',7,'EEE','tlsxb@gmail.com',939383788);
INSERT INTO student_credential(usn,password)VALUES('1PI14EEE88','1PI14EEE88');
INSERT INTO student(usn,name,sem,dept,email,mob) VALUES('1PI14EEE89','tumil',7,'EEE','tumil@gmail.com',939383789);
INSERT INTO student_credential(usn,password)VALUES('1PI14EEE89','1PI14EEE89');
INSERT INTO student(usn,name,sem,dept,email,mob) VALUES('1PI14EEE90','ocltg',7,'EEE','ocltg@gmail.com',939383790);
INSERT INTO student_credential(usn,password)VALUES('1PI14EEE90','1PI14EEE90');
INSERT INTO student(usn,name,sem,dept,email,mob) VALUES('1PI14EEE91','cozgt',7,'EEE','cozgt@gmail.com',939383791);
INSERT INTO student_credential(usn,password)VALUES('1PI14EEE91','1PI14EEE91');
INSERT INTO student(usn,name,sem,dept,email,mob) VALUES('1PI14EEE92','ziufu',7,'EEE','ziufu@gmail.com',939383792);
INSERT INTO student_credential(usn,password)VALUES('1PI14EEE92','1PI14EEE92');
INSERT INTO student(usn,name,sem,dept,email,mob) VALUES('1PI14EEE93','zimxe',7,'EEE','zimxe@gmail.com',939383793);
INSERT INTO student_credential(usn,password)VALUES('1PI14EEE93','1PI14EEE93');
INSERT INTO student(usn,name,sem,dept,email,mob) VALUES('1PI14EEE94','ekwny',7,'EEE','ekwny@gmail.com',939383794);
INSERT INTO student_credential(usn,password)VALUES('1PI14EEE94','1PI14EEE94');
INSERT INTO student(usn,name,sem,dept,email,mob) VALUES('1PI14EEE95','sbicr',7,'EEE','sbicr@gmail.com',939383795);
INSERT INTO student_credential(usn,password)VALUES('1PI14EEE95','1PI14EEE95');
INSERT INTO student(usn,name,sem,dept,email,mob) VALUES('1PI14EEE96','fxdio',7,'EEE','fxdio@gmail.com',939383796);
INSERT INTO student_credential(usn,password)VALUES('1PI14EEE96','1PI14EEE96');
INSERT INTO student(usn,name,sem,dept,email,mob) VALUES('1PI14EEE97','gcseo',7,'EEE','gcseo@gmail.com',939383797);
INSERT INTO student_credential(usn,password)VALUES('1PI14EEE97','1PI14EEE97');
INSERT INTO student(usn,name,sem,dept,email,mob) VALUES('1PI14EEE98','zpscr',7,'EEE','zpscr@gmail.com',939383798);
INSERT INTO student_credential(usn,password)VALUES('1PI14EEE98','1PI14EEE98');
INSERT INTO student(usn,name,sem,dept,email,mob) VALUES('1PI14EEE99','hjoty',7,'EEE','hjoty@gmail.com',939383799);
INSERT INTO student_credential(usn,password)VALUES('1PI14EEE99','1PI14EEE99');
INSERT INTO student(usn,name,sem,dept,email,mob) VALUES('1PI16EEE0','czcwm',5,'EEE','czcwm@gmail.com',939383500);
INSERT INTO student_credential(usn,password)VALUES('1PI16EEE0','1PI16EEE0');
INSERT INTO student(usn,name,sem,dept,email,mob) VALUES('1PI16EEE1','baaol',5,'EEE','baaol@gmail.com',939383501);
INSERT INTO student_credential(usn,password)VALUES('1PI16EEE1','1PI16EEE1');
INSERT INTO student(usn,name,sem,dept,email,mob) VALUES('1PI16EEE2','svubp',5,'EEE','svubp@gmail.com',939383502);
INSERT INTO student_credential(usn,password)VALUES('1PI16EEE2','1PI16EEE2');
INSERT INTO student(usn,name,sem,dept,email,mob) VALUES('1PI16EEE3','ylonm',5,'EEE','ylonm@gmail.com',939383503);
INSERT INTO student_credential(usn,password)VALUES('1PI16EEE3','1PI16EEE3');
INSERT INTO student(usn,name,sem,dept,email,mob) VALUES('1PI16EEE4','wajgx',5,'EEE','wajgx@gmail.com',939383504);
INSERT INTO student_credential(usn,password)VALUES('1PI16EEE4','1PI16EEE4');
INSERT INTO student(usn,name,sem,dept,email,mob) VALUES('1PI16EEE5','zgyza',5,'EEE','zgyza@gmail.com',939383505);
INSERT INTO student_credential(usn,password)VALUES('1PI16EEE5','1PI16EEE5');
INSERT INTO student(usn,name,sem,dept,email,mob) VALUES('1PI16EEE6','ovenf',5,'EEE','ovenf@gmail.com',939383506);
INSERT INTO student_credential(usn,password)VALUES('1PI16EEE6','1PI16EEE6');
INSERT INTO student(usn,name,sem,dept,email,mob) VALUES('1PI16EEE7','vocik',5,'EEE','vocik@gmail.com',939383507);
INSERT INTO student_credential(usn,password)VALUES('1PI16EEE7','1PI16EEE7');
INSERT INTO student(usn,name,sem,dept,email,mob) VALUES('1PI16EEE8','qjtxg',5,'EEE','qjtxg@gmail.com',939383508);
INSERT INTO student_credential(usn,password)VALUES('1PI16EEE8','1PI16EEE8');
INSERT INTO student(usn,name,sem,dept,email,mob) VALUES('1PI16EEE9','venks',5,'EEE','venks@gmail.com',939383509);
INSERT INTO student_credential(usn,password)VALUES('1PI16EEE9','1PI16EEE9');
INSERT INTO student(usn,name,sem,dept,email,mob) VALUES('1PI16EEE10','ppwwp',5,'EEE','ppwwp@gmail.com',939383510);
INSERT INTO student_credential(usn,password)VALUES('1PI16EEE10','1PI16EEE10');
INSERT INTO student(usn,name,sem,dept,email,mob) VALUES('1PI16EEE11','lhxtg',5,'EEE','lhxtg@gmail.com',939383511);
INSERT INTO student_credential(usn,password)VALUES('1PI16EEE11','1PI16EEE11');
INSERT INTO student(usn,name,sem,dept,email,mob) VALUES('1PI16EEE12','ybvma',5,'EEE','ybvma@gmail.com',939383512);
INSERT INTO student_credential(usn,password)VALUES('1PI16EEE12','1PI16EEE12');
INSERT INTO student(usn,name,sem,dept,email,mob) VALUES('1PI16EEE13','jeyfa',5,'EEE','jeyfa@gmail.com',939383513);
INSERT INTO student_credential(usn,password)VALUES('1PI16EEE13','1PI16EEE13');
INSERT INTO student(usn,name,sem,dept,email,mob) VALUES('1PI16EEE14','xegse',5,'EEE','xegse@gmail.com',939383514);
INSERT INTO student_credential(usn,password)VALUES('1PI16EEE14','1PI16EEE14');
INSERT INTO student(usn,name,sem,dept,email,mob) VALUES('1PI16EEE15','ijikc',5,'EEE','ijikc@gmail.com',939383515);
INSERT INTO student_credential(usn,password)VALUES('1PI16EEE15','1PI16EEE15');
INSERT INTO student(usn,name,sem,dept,email,mob) VALUES('1PI16EEE16','mducl',5,'EEE','mducl@gmail.com',939383516);
INSERT INTO student_credential(usn,password)VALUES('1PI16EEE16','1PI16EEE16');
INSERT INTO student(usn,name,sem,dept,email,mob) VALUES('1PI16EEE17','aaioi',5,'EEE','aaioi@gmail.com',939383517);
INSERT INTO student_credential(usn,password)VALUES('1PI16EEE17','1PI16EEE17');
INSERT INTO student(usn,name,sem,dept,email,mob) VALUES('1PI16EEE18','ssisi',5,'EEE','ssisi@gmail.com',939383518);
INSERT INTO student_credential(usn,password)VALUES('1PI16EEE18','1PI16EEE18');
INSERT INTO student(usn,name,sem,dept,email,mob) VALUES('1PI16EEE19','yppnz',5,'EEE','yppnz@gmail.com',939383519);
INSERT INTO student_credential(usn,password)VALUES('1PI16EEE19','1PI16EEE19');
INSERT INTO student(usn,name,sem,dept,email,mob) VALUES('1PI16EEE20','dubpt',5,'EEE','dubpt@gmail.com',939383520);
INSERT INTO student_credential(usn,password)VALUES('1PI16EEE20','1PI16EEE20');
INSERT INTO student(usn,name,sem,dept,email,mob) VALUES('1PI16EEE21','saves',5,'EEE','saves@gmail.com',939383521);
INSERT INTO student_credential(usn,password)VALUES('1PI16EEE21','1PI16EEE21');
INSERT INTO student(usn,name,sem,dept,email,mob) VALUES('1PI16EEE22','zsipp',5,'EEE','zsipp@gmail.com',939383522);
INSERT INTO student_credential(usn,password)VALUES('1PI16EEE22','1PI16EEE22');
INSERT INTO student(usn,name,sem,dept,email,mob) VALUES('1PI16EEE23','qmotj',5,'EEE','qmotj@gmail.com',939383523);
INSERT INTO student_credential(usn,password)VALUES('1PI16EEE23','1PI16EEE23');
INSERT INTO student(usn,name,sem,dept,email,mob) VALUES('1PI16EEE24','hkudn',5,'EEE','hkudn@gmail.com',939383524);
INSERT INTO student_credential(usn,password)VALUES('1PI16EEE24','1PI16EEE24');
INSERT INTO student(usn,name,sem,dept,email,mob) VALUES('1PI16EEE25','vqzbk',5,'EEE','vqzbk@gmail.com',939383525);
INSERT INTO student_credential(usn,password)VALUES('1PI16EEE25','1PI16EEE25');
INSERT INTO student(usn,name,sem,dept,email,mob) VALUES('1PI16EEE26','atnef',5,'EEE','atnef@gmail.com',939383526);
INSERT INTO student_credential(usn,password)VALUES('1PI16EEE26','1PI16EEE26');
INSERT INTO student(usn,name,sem,dept,email,mob) VALUES('1PI16EEE27','ulgex',5,'EEE','ulgex@gmail.com',939383527);
INSERT INTO student_credential(usn,password)VALUES('1PI16EEE27','1PI16EEE27');
INSERT INTO student(usn,name,sem,dept,email,mob) VALUES('1PI16EEE28','ktrmh',5,'EEE','ktrmh@gmail.com',939383528);
INSERT INTO student_credential(usn,password)VALUES('1PI16EEE28','1PI16EEE28');
INSERT INTO student(usn,name,sem,dept,email,mob) VALUES('1PI16EEE29','ddaps',5,'EEE','ddaps@gmail.com',939383529);
INSERT INTO student_credential(usn,password)VALUES('1PI16EEE29','1PI16EEE29');
INSERT INTO student(usn,name,sem,dept,email,mob) VALUES('1PI16EEE30','wptfv',5,'EEE','wptfv@gmail.com',939383530);
INSERT INTO student_credential(usn,password)VALUES('1PI16EEE30','1PI16EEE30');
INSERT INTO student(usn,name,sem,dept,email,mob) VALUES('1PI16EEE31','ovuji',5,'EEE','ovuji@gmail.com',939383531);
INSERT INTO student_credential(usn,password)VALUES('1PI16EEE31','1PI16EEE31');
INSERT INTO student(usn,name,sem,dept,email,mob) VALUES('1PI16EEE32','uwbmi',5,'EEE','uwbmi@gmail.com',939383532);
INSERT INTO student_credential(usn,password)VALUES('1PI16EEE32','1PI16EEE32');
INSERT INTO student(usn,name,sem,dept,email,mob) VALUES('1PI16EEE33','bruct',5,'EEE','bruct@gmail.com',939383533);
INSERT INTO student_credential(usn,password)VALUES('1PI16EEE33','1PI16EEE33');
INSERT INTO student(usn,name,sem,dept,email,mob) VALUES('1PI16EEE34','tmrvz',5,'EEE','tmrvz@gmail.com',939383534);
INSERT INTO student_credential(usn,password)VALUES('1PI16EEE34','1PI16EEE34');
INSERT INTO student(usn,name,sem,dept,email,mob) VALUES('1PI16EEE35','njrch',5,'EEE','njrch@gmail.com',939383535);
INSERT INTO student_credential(usn,password)VALUES('1PI16EEE35','1PI16EEE35');
INSERT INTO student(usn,name,sem,dept,email,mob) VALUES('1PI16EEE36','jwzwm',5,'EEE','jwzwm@gmail.com',939383536);
INSERT INTO student_credential(usn,password)VALUES('1PI16EEE36','1PI16EEE36');
INSERT INTO student(usn,name,sem,dept,email,mob) VALUES('1PI16EEE37','ozecr',5,'EEE','ozecr@gmail.com',939383537);
INSERT INTO student_credential(usn,password)VALUES('1PI16EEE37','1PI16EEE37');
INSERT INTO student(usn,name,sem,dept,email,mob) VALUES('1PI16EEE38','znjkf',5,'EEE','znjkf@gmail.com',939383538);
INSERT INTO student_credential(usn,password)VALUES('1PI16EEE38','1PI16EEE38');
INSERT INTO student(usn,name,sem,dept,email,mob) VALUES('1PI16EEE39','rvkrm',5,'EEE','rvkrm@gmail.com',939383539);
INSERT INTO student_credential(usn,password)VALUES('1PI16EEE39','1PI16EEE39');
INSERT INTO student(usn,name,sem,dept,email,mob) VALUES('1PI16EEE40','rdwro',5,'EEE','rdwro@gmail.com',939383540);
INSERT INTO student_credential(usn,password)VALUES('1PI16EEE40','1PI16EEE40');
INSERT INTO student(usn,name,sem,dept,email,mob) VALUES('1PI16EEE41','aocqp',5,'EEE','aocqp@gmail.com',939383541);
INSERT INTO student_credential(usn,password)VALUES('1PI16EEE41','1PI16EEE41');
INSERT INTO student(usn,name,sem,dept,email,mob) VALUES('1PI16EEE42','ktlmw',5,'EEE','ktlmw@gmail.com',939383542);
INSERT INTO student_credential(usn,password)VALUES('1PI16EEE42','1PI16EEE42');
INSERT INTO student(usn,name,sem,dept,email,mob) VALUES('1PI16EEE43','xwtnu',5,'EEE','xwtnu@gmail.com',939383543);
INSERT INTO student_credential(usn,password)VALUES('1PI16EEE43','1PI16EEE43');
INSERT INTO student(usn,name,sem,dept,email,mob) VALUES('1PI16EEE44','amqel',5,'EEE','amqel@gmail.com',939383544);
INSERT INTO student_credential(usn,password)VALUES('1PI16EEE44','1PI16EEE44');
INSERT INTO student(usn,name,sem,dept,email,mob) VALUES('1PI16EEE45','rwbgb',5,'EEE','rwbgb@gmail.com',939383545);
INSERT INTO student_credential(usn,password)VALUES('1PI16EEE45','1PI16EEE45');
INSERT INTO student(usn,name,sem,dept,email,mob) VALUES('1PI16EEE46','ijiln',5,'EEE','ijiln@gmail.com',939383546);
INSERT INTO student_credential(usn,password)VALUES('1PI16EEE46','1PI16EEE46');
INSERT INTO student(usn,name,sem,dept,email,mob) VALUES('1PI16EEE47','hiiul',5,'EEE','hiiul@gmail.com',939383547);
INSERT INTO student_credential(usn,password)VALUES('1PI16EEE47','1PI16EEE47');
INSERT INTO student(usn,name,sem,dept,email,mob) VALUES('1PI16EEE48','ltovb',5,'EEE','ltovb@gmail.com',939383548);
INSERT INTO student_credential(usn,password)VALUES('1PI16EEE48','1PI16EEE48');
INSERT INTO student(usn,name,sem,dept,email,mob) VALUES('1PI16EEE49','eflwl',5,'EEE','eflwl@gmail.com',939383549);
INSERT INTO student_credential(usn,password)VALUES('1PI16EEE49','1PI16EEE49');
INSERT INTO student(usn,name,sem,dept,email,mob) VALUES('1PI16EEE50','pbhyf',5,'EEE','pbhyf@gmail.com',939383550);
INSERT INTO student_credential(usn,password)VALUES('1PI16EEE50','1PI16EEE50');
INSERT INTO student(usn,name,sem,dept,email,mob) VALUES('1PI16EEE51','fhbav',5,'EEE','fhbav@gmail.com',939383551);
INSERT INTO student_credential(usn,password)VALUES('1PI16EEE51','1PI16EEE51');
INSERT INTO student(usn,name,sem,dept,email,mob) VALUES('1PI16EEE52','hfuah',5,'EEE','hfuah@gmail.com',939383552);
INSERT INTO student_credential(usn,password)VALUES('1PI16EEE52','1PI16EEE52');
INSERT INTO student(usn,name,sem,dept,email,mob) VALUES('1PI16EEE53','lindj',5,'EEE','lindj@gmail.com',939383553);
INSERT INTO student_credential(usn,password)VALUES('1PI16EEE53','1PI16EEE53');
INSERT INTO student(usn,name,sem,dept,email,mob) VALUES('1PI16EEE54','dfpek',5,'EEE','dfpek@gmail.com',939383554);
INSERT INTO student_credential(usn,password)VALUES('1PI16EEE54','1PI16EEE54');
INSERT INTO student(usn,name,sem,dept,email,mob) VALUES('1PI16EEE55','xglix',5,'EEE','xglix@gmail.com',939383555);
INSERT INTO student_credential(usn,password)VALUES('1PI16EEE55','1PI16EEE55');
INSERT INTO student(usn,name,sem,dept,email,mob) VALUES('1PI16EEE56','laxxt',5,'EEE','laxxt@gmail.com',939383556);
INSERT INTO student_credential(usn,password)VALUES('1PI16EEE56','1PI16EEE56');
INSERT INTO student(usn,name,sem,dept,email,mob) VALUES('1PI16EEE57','olhgl',5,'EEE','olhgl@gmail.com',939383557);
INSERT INTO student_credential(usn,password)VALUES('1PI16EEE57','1PI16EEE57');
INSERT INTO student(usn,name,sem,dept,email,mob) VALUES('1PI16EEE58','vwxky',5,'EEE','vwxky@gmail.com',939383558);
INSERT INTO student_credential(usn,password)VALUES('1PI16EEE58','1PI16EEE58');
INSERT INTO student(usn,name,sem,dept,email,mob) VALUES('1PI16EEE59','vulcy',5,'EEE','vulcy@gmail.com',939383559);
INSERT INTO student_credential(usn,password)VALUES('1PI16EEE59','1PI16EEE59');
INSERT INTO student(usn,name,sem,dept,email,mob) VALUES('1PI16EEE60','jefll',5,'EEE','jefll@gmail.com',939383560);
INSERT INTO student_credential(usn,password)VALUES('1PI16EEE60','1PI16EEE60');
INSERT INTO student(usn,name,sem,dept,email,mob) VALUES('1PI16EEE61','oqzhl',5,'EEE','oqzhl@gmail.com',939383561);
INSERT INTO student_credential(usn,password)VALUES('1PI16EEE61','1PI16EEE61');
INSERT INTO student(usn,name,sem,dept,email,mob) VALUES('1PI16EEE62','tmgtu',5,'EEE','tmgtu@gmail.com',939383562);
INSERT INTO student_credential(usn,password)VALUES('1PI16EEE62','1PI16EEE62');
INSERT INTO student(usn,name,sem,dept,email,mob) VALUES('1PI16EEE63','jdcuu',5,'EEE','jdcuu@gmail.com',939383563);
INSERT INTO student_credential(usn,password)VALUES('1PI16EEE63','1PI16EEE63');
INSERT INTO student(usn,name,sem,dept,email,mob) VALUES('1PI16EEE64','gnrot',5,'EEE','gnrot@gmail.com',939383564);
INSERT INTO student_credential(usn,password)VALUES('1PI16EEE64','1PI16EEE64');
INSERT INTO student(usn,name,sem,dept,email,mob) VALUES('1PI16EEE65','lotcp',5,'EEE','lotcp@gmail.com',939383565);
INSERT INTO student_credential(usn,password)VALUES('1PI16EEE65','1PI16EEE65');
INSERT INTO student(usn,name,sem,dept,email,mob) VALUES('1PI16EEE66','bnyfh',5,'EEE','bnyfh@gmail.com',939383566);
INSERT INTO student_credential(usn,password)VALUES('1PI16EEE66','1PI16EEE66');
INSERT INTO student(usn,name,sem,dept,email,mob) VALUES('1PI16EEE67','ejegc',5,'EEE','ejegc@gmail.com',939383567);
INSERT INTO student_credential(usn,password)VALUES('1PI16EEE67','1PI16EEE67');
INSERT INTO student(usn,name,sem,dept,email,mob) VALUES('1PI16EEE68','mfptq',5,'EEE','mfptq@gmail.com',939383568);
INSERT INTO student_credential(usn,password)VALUES('1PI16EEE68','1PI16EEE68');
INSERT INTO student(usn,name,sem,dept,email,mob) VALUES('1PI16EEE69','mvegh',5,'EEE','mvegh@gmail.com',939383569);
INSERT INTO student_credential(usn,password)VALUES('1PI16EEE69','1PI16EEE69');
INSERT INTO student(usn,name,sem,dept,email,mob) VALUES('1PI16EEE70','mfbmv',5,'EEE','mfbmv@gmail.com',939383570);
INSERT INTO student_credential(usn,password)VALUES('1PI16EEE70','1PI16EEE70');
INSERT INTO student(usn,name,sem,dept,email,mob) VALUES('1PI16EEE71','klsqf',5,'EEE','klsqf@gmail.com',939383571);
INSERT INTO student_credential(usn,password)VALUES('1PI16EEE71','1PI16EEE71');
INSERT INTO student(usn,name,sem,dept,email,mob) VALUES('1PI16EEE72','ubvxc',5,'EEE','ubvxc@gmail.com',939383572);
INSERT INTO student_credential(usn,password)VALUES('1PI16EEE72','1PI16EEE72');
INSERT INTO student(usn,name,sem,dept,email,mob) VALUES('1PI16EEE73','tepvm',5,'EEE','tepvm@gmail.com',939383573);
INSERT INTO student_credential(usn,password)VALUES('1PI16EEE73','1PI16EEE73');
INSERT INTO student(usn,name,sem,dept,email,mob) VALUES('1PI16EEE74','ljohz',5,'EEE','ljohz@gmail.com',939383574);
INSERT INTO student_credential(usn,password)VALUES('1PI16EEE74','1PI16EEE74');
INSERT INTO student(usn,name,sem,dept,email,mob) VALUES('1PI16EEE75','xxool',5,'EEE','xxool@gmail.com',939383575);
INSERT INTO student_credential(usn,password)VALUES('1PI16EEE75','1PI16EEE75');
INSERT INTO student(usn,name,sem,dept,email,mob) VALUES('1PI16EEE76','nvlay',5,'EEE','nvlay@gmail.com',939383576);
INSERT INTO student_credential(usn,password)VALUES('1PI16EEE76','1PI16EEE76');
INSERT INTO student(usn,name,sem,dept,email,mob) VALUES('1PI16EEE77','guokq',5,'EEE','guokq@gmail.com',939383577);
INSERT INTO student_credential(usn,password)VALUES('1PI16EEE77','1PI16EEE77');
INSERT INTO student(usn,name,sem,dept,email,mob) VALUES('1PI16EEE78','daupt',5,'EEE','daupt@gmail.com',939383578);
INSERT INTO student_credential(usn,password)VALUES('1PI16EEE78','1PI16EEE78');
INSERT INTO student(usn,name,sem,dept,email,mob) VALUES('1PI16EEE79','yvjaf',5,'EEE','yvjaf@gmail.com',939383579);
INSERT INTO student_credential(usn,password)VALUES('1PI16EEE79','1PI16EEE79');
INSERT INTO student(usn,name,sem,dept,email,mob) VALUES('1PI16EEE80','zzkqt',5,'EEE','zzkqt@gmail.com',939383580);
INSERT INTO student_credential(usn,password)VALUES('1PI16EEE80','1PI16EEE80');
INSERT INTO student(usn,name,sem,dept,email,mob) VALUES('1PI16EEE81','axjlr',5,'EEE','axjlr@gmail.com',939383581);
INSERT INTO student_credential(usn,password)VALUES('1PI16EEE81','1PI16EEE81');
INSERT INTO student(usn,name,sem,dept,email,mob) VALUES('1PI16EEE82','brukk',5,'EEE','brukk@gmail.com',939383582);
INSERT INTO student_credential(usn,password)VALUES('1PI16EEE82','1PI16EEE82');
INSERT INTO student(usn,name,sem,dept,email,mob) VALUES('1PI16EEE83','kigjm',5,'EEE','kigjm@gmail.com',939383583);
INSERT INTO student_credential(usn,password)VALUES('1PI16EEE83','1PI16EEE83');
INSERT INTO student(usn,name,sem,dept,email,mob) VALUES('1PI16EEE84','xqrba',5,'EEE','xqrba@gmail.com',939383584);
INSERT INTO student_credential(usn,password)VALUES('1PI16EEE84','1PI16EEE84');
INSERT INTO student(usn,name,sem,dept,email,mob) VALUES('1PI16EEE85','zlpde',5,'EEE','zlpde@gmail.com',939383585);
INSERT INTO student_credential(usn,password)VALUES('1PI16EEE85','1PI16EEE85');
INSERT INTO student(usn,name,sem,dept,email,mob) VALUES('1PI16EEE86','vpezp',5,'EEE','vpezp@gmail.com',939383586);
INSERT INTO student_credential(usn,password)VALUES('1PI16EEE86','1PI16EEE86');
INSERT INTO student(usn,name,sem,dept,email,mob) VALUES('1PI16EEE87','bwshv',5,'EEE','bwshv@gmail.com',939383587);
INSERT INTO student_credential(usn,password)VALUES('1PI16EEE87','1PI16EEE87');
INSERT INTO student(usn,name,sem,dept,email,mob) VALUES('1PI16EEE88','pckld',5,'EEE','pckld@gmail.com',939383588);
INSERT INTO student_credential(usn,password)VALUES('1PI16EEE88','1PI16EEE88');
INSERT INTO student(usn,name,sem,dept,email,mob) VALUES('1PI16EEE89','qgivl',5,'EEE','qgivl@gmail.com',939383589);
INSERT INTO student_credential(usn,password)VALUES('1PI16EEE89','1PI16EEE89');
INSERT INTO student(usn,name,sem,dept,email,mob) VALUES('1PI16EEE90','qpirq',5,'EEE','qpirq@gmail.com',939383590);
INSERT INTO student_credential(usn,password)VALUES('1PI16EEE90','1PI16EEE90');
INSERT INTO student(usn,name,sem,dept,email,mob) VALUES('1PI16EEE91','vwqqu',5,'EEE','vwqqu@gmail.com',939383591);
INSERT INTO student_credential(usn,password)VALUES('1PI16EEE91','1PI16EEE91');
INSERT INTO student(usn,name,sem,dept,email,mob) VALUES('1PI16EEE92','yxpix',5,'EEE','yxpix@gmail.com',939383592);
INSERT INTO student_credential(usn,password)VALUES('1PI16EEE92','1PI16EEE92');
INSERT INTO student(usn,name,sem,dept,email,mob) VALUES('1PI16EEE93','qireu',5,'EEE','qireu@gmail.com',939383593);
INSERT INTO student_credential(usn,password)VALUES('1PI16EEE93','1PI16EEE93');
INSERT INTO student(usn,name,sem,dept,email,mob) VALUES('1PI16EEE94','qamff',5,'EEE','qamff@gmail.com',939383594);
INSERT INTO student_credential(usn,password)VALUES('1PI16EEE94','1PI16EEE94');
INSERT INTO student(usn,name,sem,dept,email,mob) VALUES('1PI16EEE95','svvnt',5,'EEE','svvnt@gmail.com',939383595);
INSERT INTO student_credential(usn,password)VALUES('1PI16EEE95','1PI16EEE95');
INSERT INTO student(usn,name,sem,dept,email,mob) VALUES('1PI16EEE96','guxes',5,'EEE','guxes@gmail.com',939383596);
INSERT INTO student_credential(usn,password)VALUES('1PI16EEE96','1PI16EEE96');
INSERT INTO student(usn,name,sem,dept,email,mob) VALUES('1PI16EEE97','idrnw',5,'EEE','idrnw@gmail.com',939383597);
INSERT INTO student_credential(usn,password)VALUES('1PI16EEE97','1PI16EEE97');
INSERT INTO student(usn,name,sem,dept,email,mob) VALUES('1PI16EEE98','wtqkd',5,'EEE','wtqkd@gmail.com',939383598);
INSERT INTO student_credential(usn,password)VALUES('1PI16EEE98','1PI16EEE98');
INSERT INTO student(usn,name,sem,dept,email,mob) VALUES('1PI16EEE99','ozfpk',5,'EEE','ozfpk@gmail.com',939383599);
INSERT INTO student_credential(usn,password)VALUES('1PI16EEE99','1PI16EEE99');
INSERT INTO student(usn,name,sem,dept,email,mob) VALUES('1PI18EEE0','duuli',3,'EEE','duuli@gmail.com',939383300);
INSERT INTO student_credential(usn,password)VALUES('1PI18EEE0','1PI18EEE0');
INSERT INTO student(usn,name,sem,dept,email,mob) VALUES('1PI18EEE1','fzdpo',3,'EEE','fzdpo@gmail.com',939383301);
INSERT INTO student_credential(usn,password)VALUES('1PI18EEE1','1PI18EEE1');
INSERT INTO student(usn,name,sem,dept,email,mob) VALUES('1PI18EEE2','hcgub',3,'EEE','hcgub@gmail.com',939383302);
INSERT INTO student_credential(usn,password)VALUES('1PI18EEE2','1PI18EEE2');
INSERT INTO student(usn,name,sem,dept,email,mob) VALUES('1PI18EEE3','kureh',3,'EEE','kureh@gmail.com',939383303);
INSERT INTO student_credential(usn,password)VALUES('1PI18EEE3','1PI18EEE3');
INSERT INTO student(usn,name,sem,dept,email,mob) VALUES('1PI18EEE4','rqbbx',3,'EEE','rqbbx@gmail.com',939383304);
INSERT INTO student_credential(usn,password)VALUES('1PI18EEE4','1PI18EEE4');
INSERT INTO student(usn,name,sem,dept,email,mob) VALUES('1PI18EEE5','ajefb',3,'EEE','ajefb@gmail.com',939383305);
INSERT INTO student_credential(usn,password)VALUES('1PI18EEE5','1PI18EEE5');
INSERT INTO student(usn,name,sem,dept,email,mob) VALUES('1PI18EEE6','fhkzb',3,'EEE','fhkzb@gmail.com',939383306);
INSERT INTO student_credential(usn,password)VALUES('1PI18EEE6','1PI18EEE6');
INSERT INTO student(usn,name,sem,dept,email,mob) VALUES('1PI18EEE7','pkapb',3,'EEE','pkapb@gmail.com',939383307);
INSERT INTO student_credential(usn,password)VALUES('1PI18EEE7','1PI18EEE7');
INSERT INTO student(usn,name,sem,dept,email,mob) VALUES('1PI18EEE8','szysp',3,'EEE','szysp@gmail.com',939383308);
INSERT INTO student_credential(usn,password)VALUES('1PI18EEE8','1PI18EEE8');
INSERT INTO student(usn,name,sem,dept,email,mob) VALUES('1PI18EEE9','daaox',3,'EEE','daaox@gmail.com',939383309);
INSERT INTO student_credential(usn,password)VALUES('1PI18EEE9','1PI18EEE9');
INSERT INTO student(usn,name,sem,dept,email,mob) VALUES('1PI18EEE10','raojo',3,'EEE','raojo@gmail.com',939383310);
INSERT INTO student_credential(usn,password)VALUES('1PI18EEE10','1PI18EEE10');
INSERT INTO student(usn,name,sem,dept,email,mob) VALUES('1PI18EEE11','tjufs',3,'EEE','tjufs@gmail.com',939383311);
INSERT INTO student_credential(usn,password)VALUES('1PI18EEE11','1PI18EEE11');
INSERT INTO student(usn,name,sem,dept,email,mob) VALUES('1PI18EEE12','turtj',3,'EEE','turtj@gmail.com',939383312);
INSERT INTO student_credential(usn,password)VALUES('1PI18EEE12','1PI18EEE12');
INSERT INTO student(usn,name,sem,dept,email,mob) VALUES('1PI18EEE13','hudpe',3,'EEE','hudpe@gmail.com',939383313);
INSERT INTO student_credential(usn,password)VALUES('1PI18EEE13','1PI18EEE13');
INSERT INTO student(usn,name,sem,dept,email,mob) VALUES('1PI18EEE14','tsgrz',3,'EEE','tsgrz@gmail.com',939383314);
INSERT INTO student_credential(usn,password)VALUES('1PI18EEE14','1PI18EEE14');
INSERT INTO student(usn,name,sem,dept,email,mob) VALUES('1PI18EEE15','uigus',3,'EEE','uigus@gmail.com',939383315);
INSERT INTO student_credential(usn,password)VALUES('1PI18EEE15','1PI18EEE15');
INSERT INTO student(usn,name,sem,dept,email,mob) VALUES('1PI18EEE16','nwlyr',3,'EEE','nwlyr@gmail.com',939383316);
INSERT INTO student_credential(usn,password)VALUES('1PI18EEE16','1PI18EEE16');
INSERT INTO student(usn,name,sem,dept,email,mob) VALUES('1PI18EEE17','vfnkk',3,'EEE','vfnkk@gmail.com',939383317);
INSERT INTO student_credential(usn,password)VALUES('1PI18EEE17','1PI18EEE17');
INSERT INTO student(usn,name,sem,dept,email,mob) VALUES('1PI18EEE18','msdbu',3,'EEE','msdbu@gmail.com',939383318);
INSERT INTO student_credential(usn,password)VALUES('1PI18EEE18','1PI18EEE18');
INSERT INTO student(usn,name,sem,dept,email,mob) VALUES('1PI18EEE19','hvhfq',3,'EEE','hvhfq@gmail.com',939383319);
INSERT INTO student_credential(usn,password)VALUES('1PI18EEE19','1PI18EEE19');
INSERT INTO student(usn,name,sem,dept,email,mob) VALUES('1PI18EEE20','tdvtn',3,'EEE','tdvtn@gmail.com',939383320);
INSERT INTO student_credential(usn,password)VALUES('1PI18EEE20','1PI18EEE20');
INSERT INTO student(usn,name,sem,dept,email,mob) VALUES('1PI18EEE21','lewfq',3,'EEE','lewfq@gmail.com',939383321);
INSERT INTO student_credential(usn,password)VALUES('1PI18EEE21','1PI18EEE21');
INSERT INTO student(usn,name,sem,dept,email,mob) VALUES('1PI18EEE22','uuhta',3,'EEE','uuhta@gmail.com',939383322);
INSERT INTO student_credential(usn,password)VALUES('1PI18EEE22','1PI18EEE22');
INSERT INTO student(usn,name,sem,dept,email,mob) VALUES('1PI18EEE23','inkeb',3,'EEE','inkeb@gmail.com',939383323);
INSERT INTO student_credential(usn,password)VALUES('1PI18EEE23','1PI18EEE23');
INSERT INTO student(usn,name,sem,dept,email,mob) VALUES('1PI18EEE24','bvzht',3,'EEE','bvzht@gmail.com',939383324);
INSERT INTO student_credential(usn,password)VALUES('1PI18EEE24','1PI18EEE24');
INSERT INTO student(usn,name,sem,dept,email,mob) VALUES('1PI18EEE25','qbkdb',3,'EEE','qbkdb@gmail.com',939383325);
INSERT INTO student_credential(usn,password)VALUES('1PI18EEE25','1PI18EEE25');
INSERT INTO student(usn,name,sem,dept,email,mob) VALUES('1PI18EEE26','mvhbs',3,'EEE','mvhbs@gmail.com',939383326);
INSERT INTO student_credential(usn,password)VALUES('1PI18EEE26','1PI18EEE26');
INSERT INTO student(usn,name,sem,dept,email,mob) VALUES('1PI18EEE27','njbtv',3,'EEE','njbtv@gmail.com',939383327);
INSERT INTO student_credential(usn,password)VALUES('1PI18EEE27','1PI18EEE27');
INSERT INTO student(usn,name,sem,dept,email,mob) VALUES('1PI18EEE28','jtqnb',3,'EEE','jtqnb@gmail.com',939383328);
INSERT INTO student_credential(usn,password)VALUES('1PI18EEE28','1PI18EEE28');
INSERT INTO student(usn,name,sem,dept,email,mob) VALUES('1PI18EEE29','chiwf',3,'EEE','chiwf@gmail.com',939383329);
INSERT INTO student_credential(usn,password)VALUES('1PI18EEE29','1PI18EEE29');
INSERT INTO student(usn,name,sem,dept,email,mob) VALUES('1PI18EEE30','uqlzs',3,'EEE','uqlzs@gmail.com',939383330);
INSERT INTO student_credential(usn,password)VALUES('1PI18EEE30','1PI18EEE30');
INSERT INTO student(usn,name,sem,dept,email,mob) VALUES('1PI18EEE31','mxvfj',3,'EEE','mxvfj@gmail.com',939383331);
INSERT INTO student_credential(usn,password)VALUES('1PI18EEE31','1PI18EEE31');
INSERT INTO student(usn,name,sem,dept,email,mob) VALUES('1PI18EEE32','tvqui',3,'EEE','tvqui@gmail.com',939383332);
INSERT INTO student_credential(usn,password)VALUES('1PI18EEE32','1PI18EEE32');
INSERT INTO student(usn,name,sem,dept,email,mob) VALUES('1PI18EEE33','tivyh',3,'EEE','tivyh@gmail.com',939383333);
INSERT INTO student_credential(usn,password)VALUES('1PI18EEE33','1PI18EEE33');
INSERT INTO student(usn,name,sem,dept,email,mob) VALUES('1PI18EEE34','zpxcd',3,'EEE','zpxcd@gmail.com',939383334);
INSERT INTO student_credential(usn,password)VALUES('1PI18EEE34','1PI18EEE34');
INSERT INTO student(usn,name,sem,dept,email,mob) VALUES('1PI18EEE35','jwikf',3,'EEE','jwikf@gmail.com',939383335);
INSERT INTO student_credential(usn,password)VALUES('1PI18EEE35','1PI18EEE35');
INSERT INTO student(usn,name,sem,dept,email,mob) VALUES('1PI18EEE36','atcan',3,'EEE','atcan@gmail.com',939383336);
INSERT INTO student_credential(usn,password)VALUES('1PI18EEE36','1PI18EEE36');
INSERT INTO student(usn,name,sem,dept,email,mob) VALUES('1PI18EEE37','chxss',3,'EEE','chxss@gmail.com',939383337);
INSERT INTO student_credential(usn,password)VALUES('1PI18EEE37','1PI18EEE37');
INSERT INTO student(usn,name,sem,dept,email,mob) VALUES('1PI18EEE38','jluhl',3,'EEE','jluhl@gmail.com',939383338);
INSERT INTO student_credential(usn,password)VALUES('1PI18EEE38','1PI18EEE38');
INSERT INTO student(usn,name,sem,dept,email,mob) VALUES('1PI18EEE39','yoebc',3,'EEE','yoebc@gmail.com',939383339);
INSERT INTO student_credential(usn,password)VALUES('1PI18EEE39','1PI18EEE39');
INSERT INTO student(usn,name,sem,dept,email,mob) VALUES('1PI18EEE40','gnsqf',3,'EEE','gnsqf@gmail.com',939383340);
INSERT INTO student_credential(usn,password)VALUES('1PI18EEE40','1PI18EEE40');
INSERT INTO student(usn,name,sem,dept,email,mob) VALUES('1PI18EEE41','zxxwg',3,'EEE','zxxwg@gmail.com',939383341);
INSERT INTO student_credential(usn,password)VALUES('1PI18EEE41','1PI18EEE41');
INSERT INTO student(usn,name,sem,dept,email,mob) VALUES('1PI18EEE42','liuej',3,'EEE','liuej@gmail.com',939383342);
INSERT INTO student_credential(usn,password)VALUES('1PI18EEE42','1PI18EEE42');
INSERT INTO student(usn,name,sem,dept,email,mob) VALUES('1PI18EEE43','obcfp',3,'EEE','obcfp@gmail.com',939383343);
INSERT INTO student_credential(usn,password)VALUES('1PI18EEE43','1PI18EEE43');
INSERT INTO student(usn,name,sem,dept,email,mob) VALUES('1PI18EEE44','vnyrr',3,'EEE','vnyrr@gmail.com',939383344);
INSERT INTO student_credential(usn,password)VALUES('1PI18EEE44','1PI18EEE44');
INSERT INTO student(usn,name,sem,dept,email,mob) VALUES('1PI18EEE45','pkege',3,'EEE','pkege@gmail.com',939383345);
INSERT INTO student_credential(usn,password)VALUES('1PI18EEE45','1PI18EEE45');
INSERT INTO student(usn,name,sem,dept,email,mob) VALUES('1PI18EEE46','qpvlh',3,'EEE','qpvlh@gmail.com',939383346);
INSERT INTO student_credential(usn,password)VALUES('1PI18EEE46','1PI18EEE46');
INSERT INTO student(usn,name,sem,dept,email,mob) VALUES('1PI18EEE47','xeeoc',3,'EEE','xeeoc@gmail.com',939383347);
INSERT INTO student_credential(usn,password)VALUES('1PI18EEE47','1PI18EEE47');
INSERT INTO student(usn,name,sem,dept,email,mob) VALUES('1PI18EEE48','merjm',3,'EEE','merjm@gmail.com',939383348);
INSERT INTO student_credential(usn,password)VALUES('1PI18EEE48','1PI18EEE48');
INSERT INTO student(usn,name,sem,dept,email,mob) VALUES('1PI18EEE49','ziudt',3,'EEE','ziudt@gmail.com',939383349);
INSERT INTO student_credential(usn,password)VALUES('1PI18EEE49','1PI18EEE49');
INSERT INTO student(usn,name,sem,dept,email,mob) VALUES('1PI18EEE50','sqqoz',3,'EEE','sqqoz@gmail.com',939383350);
INSERT INTO student_credential(usn,password)VALUES('1PI18EEE50','1PI18EEE50');
INSERT INTO student(usn,name,sem,dept,email,mob) VALUES('1PI18EEE51','vejnr',3,'EEE','vejnr@gmail.com',939383351);
INSERT INTO student_credential(usn,password)VALUES('1PI18EEE51','1PI18EEE51');
INSERT INTO student(usn,name,sem,dept,email,mob) VALUES('1PI18EEE52','tibvn',3,'EEE','tibvn@gmail.com',939383352);
INSERT INTO student_credential(usn,password)VALUES('1PI18EEE52','1PI18EEE52');
INSERT INTO student(usn,name,sem,dept,email,mob) VALUES('1PI18EEE53','jepfq',3,'EEE','jepfq@gmail.com',939383353);
INSERT INTO student_credential(usn,password)VALUES('1PI18EEE53','1PI18EEE53');
INSERT INTO student(usn,name,sem,dept,email,mob) VALUES('1PI18EEE54','dsmvs',3,'EEE','dsmvs@gmail.com',939383354);
INSERT INTO student_credential(usn,password)VALUES('1PI18EEE54','1PI18EEE54');
INSERT INTO student(usn,name,sem,dept,email,mob) VALUES('1PI18EEE55','tmmww',3,'EEE','tmmww@gmail.com',939383355);
INSERT INTO student_credential(usn,password)VALUES('1PI18EEE55','1PI18EEE55');
INSERT INTO student(usn,name,sem,dept,email,mob) VALUES('1PI18EEE56','wqknn',3,'EEE','wqknn@gmail.com',939383356);
INSERT INTO student_credential(usn,password)VALUES('1PI18EEE56','1PI18EEE56');
INSERT INTO student(usn,name,sem,dept,email,mob) VALUES('1PI18EEE57','rmqmj',3,'EEE','rmqmj@gmail.com',939383357);
INSERT INTO student_credential(usn,password)VALUES('1PI18EEE57','1PI18EEE57');
INSERT INTO student(usn,name,sem,dept,email,mob) VALUES('1PI18EEE58','ccpao',3,'EEE','ccpao@gmail.com',939383358);
INSERT INTO student_credential(usn,password)VALUES('1PI18EEE58','1PI18EEE58');
INSERT INTO student(usn,name,sem,dept,email,mob) VALUES('1PI18EEE59','wazfe',3,'EEE','wazfe@gmail.com',939383359);
INSERT INTO student_credential(usn,password)VALUES('1PI18EEE59','1PI18EEE59');
INSERT INTO student(usn,name,sem,dept,email,mob) VALUES('1PI18EEE60','urgpb',3,'EEE','urgpb@gmail.com',939383360);
INSERT INTO student_credential(usn,password)VALUES('1PI18EEE60','1PI18EEE60');
INSERT INTO student(usn,name,sem,dept,email,mob) VALUES('1PI18EEE61','fryed',3,'EEE','fryed@gmail.com',939383361);
INSERT INTO student_credential(usn,password)VALUES('1PI18EEE61','1PI18EEE61');
INSERT INTO student(usn,name,sem,dept,email,mob) VALUES('1PI18EEE62','qjrlt',3,'EEE','qjrlt@gmail.com',939383362);
INSERT INTO student_credential(usn,password)VALUES('1PI18EEE62','1PI18EEE62');
INSERT INTO student(usn,name,sem,dept,email,mob) VALUES('1PI18EEE63','mymhy',3,'EEE','mymhy@gmail.com',939383363);
INSERT INTO student_credential(usn,password)VALUES('1PI18EEE63','1PI18EEE63');
INSERT INTO student(usn,name,sem,dept,email,mob) VALUES('1PI18EEE64','soicw',3,'EEE','soicw@gmail.com',939383364);
INSERT INTO student_credential(usn,password)VALUES('1PI18EEE64','1PI18EEE64');
INSERT INTO student(usn,name,sem,dept,email,mob) VALUES('1PI18EEE65','uohfe',3,'EEE','uohfe@gmail.com',939383365);
INSERT INTO student_credential(usn,password)VALUES('1PI18EEE65','1PI18EEE65');
INSERT INTO student(usn,name,sem,dept,email,mob) VALUES('1PI18EEE66','rebea',3,'EEE','rebea@gmail.com',939383366);
INSERT INTO student_credential(usn,password)VALUES('1PI18EEE66','1PI18EEE66');
INSERT INTO student(usn,name,sem,dept,email,mob) VALUES('1PI18EEE67','cazuv',3,'EEE','cazuv@gmail.com',939383367);
INSERT INTO student_credential(usn,password)VALUES('1PI18EEE67','1PI18EEE67');
INSERT INTO student(usn,name,sem,dept,email,mob) VALUES('1PI18EEE68','joxyi',3,'EEE','joxyi@gmail.com',939383368);
INSERT INTO student_credential(usn,password)VALUES('1PI18EEE68','1PI18EEE68');
INSERT INTO student(usn,name,sem,dept,email,mob) VALUES('1PI18EEE69','pmsgu',3,'EEE','pmsgu@gmail.com',939383369);
INSERT INTO student_credential(usn,password)VALUES('1PI18EEE69','1PI18EEE69');
INSERT INTO student(usn,name,sem,dept,email,mob) VALUES('1PI18EEE70','fjiwl',3,'EEE','fjiwl@gmail.com',939383370);
INSERT INTO student_credential(usn,password)VALUES('1PI18EEE70','1PI18EEE70');
INSERT INTO student(usn,name,sem,dept,email,mob) VALUES('1PI18EEE71','cfywx',3,'EEE','cfywx@gmail.com',939383371);
INSERT INTO student_credential(usn,password)VALUES('1PI18EEE71','1PI18EEE71');
INSERT INTO student(usn,name,sem,dept,email,mob) VALUES('1PI18EEE72','teyyq',3,'EEE','teyyq@gmail.com',939383372);
INSERT INTO student_credential(usn,password)VALUES('1PI18EEE72','1PI18EEE72');
INSERT INTO student(usn,name,sem,dept,email,mob) VALUES('1PI18EEE73','dhxwj',3,'EEE','dhxwj@gmail.com',939383373);
INSERT INTO student_credential(usn,password)VALUES('1PI18EEE73','1PI18EEE73');
INSERT INTO student(usn,name,sem,dept,email,mob) VALUES('1PI18EEE74','hiudg',3,'EEE','hiudg@gmail.com',939383374);
INSERT INTO student_credential(usn,password)VALUES('1PI18EEE74','1PI18EEE74');
INSERT INTO student(usn,name,sem,dept,email,mob) VALUES('1PI18EEE75','hyxyo',3,'EEE','hyxyo@gmail.com',939383375);
INSERT INTO student_credential(usn,password)VALUES('1PI18EEE75','1PI18EEE75');
INSERT INTO student(usn,name,sem,dept,email,mob) VALUES('1PI18EEE76','xbsce',3,'EEE','xbsce@gmail.com',939383376);
INSERT INTO student_credential(usn,password)VALUES('1PI18EEE76','1PI18EEE76');
INSERT INTO student(usn,name,sem,dept,email,mob) VALUES('1PI18EEE77','ftdrq',3,'EEE','ftdrq@gmail.com',939383377);
INSERT INTO student_credential(usn,password)VALUES('1PI18EEE77','1PI18EEE77');
INSERT INTO student(usn,name,sem,dept,email,mob) VALUES('1PI18EEE78','elxfv',3,'EEE','elxfv@gmail.com',939383378);
INSERT INTO student_credential(usn,password)VALUES('1PI18EEE78','1PI18EEE78');
INSERT INTO student(usn,name,sem,dept,email,mob) VALUES('1PI18EEE79','cfbbj',3,'EEE','cfbbj@gmail.com',939383379);
INSERT INTO student_credential(usn,password)VALUES('1PI18EEE79','1PI18EEE79');
INSERT INTO student(usn,name,sem,dept,email,mob) VALUES('1PI18EEE80','jyfsv',3,'EEE','jyfsv@gmail.com',939383380);
INSERT INTO student_credential(usn,password)VALUES('1PI18EEE80','1PI18EEE80');
INSERT INTO student(usn,name,sem,dept,email,mob) VALUES('1PI18EEE81','kvsap',3,'EEE','kvsap@gmail.com',939383381);
INSERT INTO student_credential(usn,password)VALUES('1PI18EEE81','1PI18EEE81');
INSERT INTO student(usn,name,sem,dept,email,mob) VALUES('1PI18EEE82','dshak',3,'EEE','dshak@gmail.com',939383382);
INSERT INTO student_credential(usn,password)VALUES('1PI18EEE82','1PI18EEE82');
INSERT INTO student(usn,name,sem,dept,email,mob) VALUES('1PI18EEE83','gdvhc',3,'EEE','gdvhc@gmail.com',939383383);
INSERT INTO student_credential(usn,password)VALUES('1PI18EEE83','1PI18EEE83');
INSERT INTO student(usn,name,sem,dept,email,mob) VALUES('1PI18EEE84','fmcez',3,'EEE','fmcez@gmail.com',939383384);
INSERT INTO student_credential(usn,password)VALUES('1PI18EEE84','1PI18EEE84');
INSERT INTO student(usn,name,sem,dept,email,mob) VALUES('1PI18EEE85','tgjcm',3,'EEE','tgjcm@gmail.com',939383385);
INSERT INTO student_credential(usn,password)VALUES('1PI18EEE85','1PI18EEE85');
INSERT INTO student(usn,name,sem,dept,email,mob) VALUES('1PI18EEE86','hxlha',3,'EEE','hxlha@gmail.com',939383386);
INSERT INTO student_credential(usn,password)VALUES('1PI18EEE86','1PI18EEE86');
INSERT INTO student(usn,name,sem,dept,email,mob) VALUES('1PI18EEE87','sqkau',3,'EEE','sqkau@gmail.com',939383387);
INSERT INTO student_credential(usn,password)VALUES('1PI18EEE87','1PI18EEE87');
INSERT INTO student(usn,name,sem,dept,email,mob) VALUES('1PI18EEE88','qlnfh',3,'EEE','qlnfh@gmail.com',939383388);
INSERT INTO student_credential(usn,password)VALUES('1PI18EEE88','1PI18EEE88');
INSERT INTO student(usn,name,sem,dept,email,mob) VALUES('1PI18EEE89','ggtag',3,'EEE','ggtag@gmail.com',939383389);
INSERT INTO student_credential(usn,password)VALUES('1PI18EEE89','1PI18EEE89');
INSERT INTO student(usn,name,sem,dept,email,mob) VALUES('1PI18EEE90','rnffm',3,'EEE','rnffm@gmail.com',939383390);
INSERT INTO student_credential(usn,password)VALUES('1PI18EEE90','1PI18EEE90');
INSERT INTO student(usn,name,sem,dept,email,mob) VALUES('1PI18EEE91','npinw',3,'EEE','npinw@gmail.com',939383391);
INSERT INTO student_credential(usn,password)VALUES('1PI18EEE91','1PI18EEE91');
INSERT INTO student(usn,name,sem,dept,email,mob) VALUES('1PI18EEE92','lexrq',3,'EEE','lexrq@gmail.com',939383392);
INSERT INTO student_credential(usn,password)VALUES('1PI18EEE92','1PI18EEE92');
INSERT INTO student(usn,name,sem,dept,email,mob) VALUES('1PI18EEE93','xisbf',3,'EEE','xisbf@gmail.com',939383393);
INSERT INTO student_credential(usn,password)VALUES('1PI18EEE93','1PI18EEE93');
INSERT INTO student(usn,name,sem,dept,email,mob) VALUES('1PI18EEE94','nhjzq',3,'EEE','nhjzq@gmail.com',939383394);
INSERT INTO student_credential(usn,password)VALUES('1PI18EEE94','1PI18EEE94');
INSERT INTO student(usn,name,sem,dept,email,mob) VALUES('1PI18EEE95','voxku',3,'EEE','voxku@gmail.com',939383395);
INSERT INTO student_credential(usn,password)VALUES('1PI18EEE95','1PI18EEE95');
INSERT INTO student(usn,name,sem,dept,email,mob) VALUES('1PI18EEE96','kylzc',3,'EEE','kylzc@gmail.com',939383396);
INSERT INTO student_credential(usn,password)VALUES('1PI18EEE96','1PI18EEE96');
INSERT INTO student(usn,name,sem,dept,email,mob) VALUES('1PI18EEE97','rupmi',3,'EEE','rupmi@gmail.com',939383397);
INSERT INTO student_credential(usn,password)VALUES('1PI18EEE97','1PI18EEE97');
INSERT INTO student(usn,name,sem,dept,email,mob) VALUES('1PI18EEE98','bacpj',3,'EEE','bacpj@gmail.com',939383398);
INSERT INTO student_credential(usn,password)VALUES('1PI18EEE98','1PI18EEE98');
INSERT INTO student(usn,name,sem,dept,email,mob) VALUES('1PI18EEE99','zsnac',3,'EEE','zsnac@gmail.com',939383399);
INSERT INTO student_credential(usn,password)VALUES('1PI18EEE99','1PI18EEE99');
INSERT INTO student(usn,name,sem,dept,email,mob) VALUES('1PI20EEE0','lmnuq',1,'EEE','lmnuq@gmail.com',939383100);
INSERT INTO student_credential(usn,password)VALUES('1PI20EEE0','1PI20EEE0');
INSERT INTO student(usn,name,sem,dept,email,mob) VALUES('1PI20EEE1','nbdif',1,'EEE','nbdif@gmail.com',939383101);
INSERT INTO student_credential(usn,password)VALUES('1PI20EEE1','1PI20EEE1');
INSERT INTO student(usn,name,sem,dept,email,mob) VALUES('1PI20EEE2','zlujq',1,'EEE','zlujq@gmail.com',939383102);
INSERT INTO student_credential(usn,password)VALUES('1PI20EEE2','1PI20EEE2');
INSERT INTO student(usn,name,sem,dept,email,mob) VALUES('1PI20EEE3','vnfjx',1,'EEE','vnfjx@gmail.com',939383103);
INSERT INTO student_credential(usn,password)VALUES('1PI20EEE3','1PI20EEE3');
INSERT INTO student(usn,name,sem,dept,email,mob) VALUES('1PI20EEE4','xvkcz',1,'EEE','xvkcz@gmail.com',939383104);
INSERT INTO student_credential(usn,password)VALUES('1PI20EEE4','1PI20EEE4');
INSERT INTO student(usn,name,sem,dept,email,mob) VALUES('1PI20EEE5','fkzzj',1,'EEE','fkzzj@gmail.com',939383105);
INSERT INTO student_credential(usn,password)VALUES('1PI20EEE5','1PI20EEE5');
INSERT INTO student(usn,name,sem,dept,email,mob) VALUES('1PI20EEE6','qnaqp',1,'EEE','qnaqp@gmail.com',939383106);
INSERT INTO student_credential(usn,password)VALUES('1PI20EEE6','1PI20EEE6');
INSERT INTO student(usn,name,sem,dept,email,mob) VALUES('1PI20EEE7','ohygj',1,'EEE','ohygj@gmail.com',939383107);
INSERT INTO student_credential(usn,password)VALUES('1PI20EEE7','1PI20EEE7');
INSERT INTO student(usn,name,sem,dept,email,mob) VALUES('1PI20EEE8','sjtak',1,'EEE','sjtak@gmail.com',939383108);
INSERT INTO student_credential(usn,password)VALUES('1PI20EEE8','1PI20EEE8');
INSERT INTO student(usn,name,sem,dept,email,mob) VALUES('1PI20EEE9','zrsos',1,'EEE','zrsos@gmail.com',939383109);
INSERT INTO student_credential(usn,password)VALUES('1PI20EEE9','1PI20EEE9');
INSERT INTO student(usn,name,sem,dept,email,mob) VALUES('1PI20EEE10','yqhqu',1,'EEE','yqhqu@gmail.com',939383110);
INSERT INTO student_credential(usn,password)VALUES('1PI20EEE10','1PI20EEE10');
INSERT INTO student(usn,name,sem,dept,email,mob) VALUES('1PI20EEE11','hkjcj',1,'EEE','hkjcj@gmail.com',939383111);
INSERT INTO student_credential(usn,password)VALUES('1PI20EEE11','1PI20EEE11');
INSERT INTO student(usn,name,sem,dept,email,mob) VALUES('1PI20EEE12','yugte',1,'EEE','yugte@gmail.com',939383112);
INSERT INTO student_credential(usn,password)VALUES('1PI20EEE12','1PI20EEE12');
INSERT INTO student(usn,name,sem,dept,email,mob) VALUES('1PI20EEE13','dogfu',1,'EEE','dogfu@gmail.com',939383113);
INSERT INTO student_credential(usn,password)VALUES('1PI20EEE13','1PI20EEE13');
INSERT INTO student(usn,name,sem,dept,email,mob) VALUES('1PI20EEE14','rkxiy',1,'EEE','rkxiy@gmail.com',939383114);
INSERT INTO student_credential(usn,password)VALUES('1PI20EEE14','1PI20EEE14');
INSERT INTO student(usn,name,sem,dept,email,mob) VALUES('1PI20EEE15','qufot',1,'EEE','qufot@gmail.com',939383115);
INSERT INTO student_credential(usn,password)VALUES('1PI20EEE15','1PI20EEE15');
INSERT INTO student(usn,name,sem,dept,email,mob) VALUES('1PI20EEE16','iajmw',1,'EEE','iajmw@gmail.com',939383116);
INSERT INTO student_credential(usn,password)VALUES('1PI20EEE16','1PI20EEE16');
INSERT INTO student(usn,name,sem,dept,email,mob) VALUES('1PI20EEE17','hyilt',1,'EEE','hyilt@gmail.com',939383117);
INSERT INTO student_credential(usn,password)VALUES('1PI20EEE17','1PI20EEE17');
INSERT INTO student(usn,name,sem,dept,email,mob) VALUES('1PI20EEE18','hmoev',1,'EEE','hmoev@gmail.com',939383118);
INSERT INTO student_credential(usn,password)VALUES('1PI20EEE18','1PI20EEE18');
INSERT INTO student(usn,name,sem,dept,email,mob) VALUES('1PI20EEE19','lwlrx',1,'EEE','lwlrx@gmail.com',939383119);
INSERT INTO student_credential(usn,password)VALUES('1PI20EEE19','1PI20EEE19');
INSERT INTO student(usn,name,sem,dept,email,mob) VALUES('1PI20EEE20','pwpzh',1,'EEE','pwpzh@gmail.com',939383120);
INSERT INTO student_credential(usn,password)VALUES('1PI20EEE20','1PI20EEE20');
INSERT INTO student(usn,name,sem,dept,email,mob) VALUES('1PI20EEE21','svbfz',1,'EEE','svbfz@gmail.com',939383121);
INSERT INTO student_credential(usn,password)VALUES('1PI20EEE21','1PI20EEE21');
INSERT INTO student(usn,name,sem,dept,email,mob) VALUES('1PI20EEE22','vtvhw',1,'EEE','vtvhw@gmail.com',939383122);
INSERT INTO student_credential(usn,password)VALUES('1PI20EEE22','1PI20EEE22');
INSERT INTO student(usn,name,sem,dept,email,mob) VALUES('1PI20EEE23','ycfzn',1,'EEE','ycfzn@gmail.com',939383123);
INSERT INTO student_credential(usn,password)VALUES('1PI20EEE23','1PI20EEE23');
INSERT INTO student(usn,name,sem,dept,email,mob) VALUES('1PI20EEE24','maoma',1,'EEE','maoma@gmail.com',939383124);
INSERT INTO student_credential(usn,password)VALUES('1PI20EEE24','1PI20EEE24');
INSERT INTO student(usn,name,sem,dept,email,mob) VALUES('1PI20EEE25','fsyvy',1,'EEE','fsyvy@gmail.com',939383125);
INSERT INTO student_credential(usn,password)VALUES('1PI20EEE25','1PI20EEE25');
INSERT INTO student(usn,name,sem,dept,email,mob) VALUES('1PI20EEE26','rqpiz',1,'EEE','rqpiz@gmail.com',939383126);
INSERT INTO student_credential(usn,password)VALUES('1PI20EEE26','1PI20EEE26');
INSERT INTO student(usn,name,sem,dept,email,mob) VALUES('1PI20EEE27','teuox',1,'EEE','teuox@gmail.com',939383127);
INSERT INTO student_credential(usn,password)VALUES('1PI20EEE27','1PI20EEE27');
INSERT INTO student(usn,name,sem,dept,email,mob) VALUES('1PI20EEE28','gthfx',1,'EEE','gthfx@gmail.com',939383128);
INSERT INTO student_credential(usn,password)VALUES('1PI20EEE28','1PI20EEE28');
INSERT INTO student(usn,name,sem,dept,email,mob) VALUES('1PI20EEE29','smxjr',1,'EEE','smxjr@gmail.com',939383129);
INSERT INTO student_credential(usn,password)VALUES('1PI20EEE29','1PI20EEE29');
INSERT INTO student(usn,name,sem,dept,email,mob) VALUES('1PI20EEE30','wpsur',1,'EEE','wpsur@gmail.com',939383130);
INSERT INTO student_credential(usn,password)VALUES('1PI20EEE30','1PI20EEE30');
INSERT INTO student(usn,name,sem,dept,email,mob) VALUES('1PI20EEE31','sgwth',1,'EEE','sgwth@gmail.com',939383131);
INSERT INTO student_credential(usn,password)VALUES('1PI20EEE31','1PI20EEE31');
INSERT INTO student(usn,name,sem,dept,email,mob) VALUES('1PI20EEE32','hilgd',1,'EEE','hilgd@gmail.com',939383132);
INSERT INTO student_credential(usn,password)VALUES('1PI20EEE32','1PI20EEE32');
INSERT INTO student(usn,name,sem,dept,email,mob) VALUES('1PI20EEE33','hzfza',1,'EEE','hzfza@gmail.com',939383133);
INSERT INTO student_credential(usn,password)VALUES('1PI20EEE33','1PI20EEE33');
INSERT INTO student(usn,name,sem,dept,email,mob) VALUES('1PI20EEE34','xadtk',1,'EEE','xadtk@gmail.com',939383134);
INSERT INTO student_credential(usn,password)VALUES('1PI20EEE34','1PI20EEE34');
INSERT INTO student(usn,name,sem,dept,email,mob) VALUES('1PI20EEE35','lhyhq',1,'EEE','lhyhq@gmail.com',939383135);
INSERT INTO student_credential(usn,password)VALUES('1PI20EEE35','1PI20EEE35');
INSERT INTO student(usn,name,sem,dept,email,mob) VALUES('1PI20EEE36','zfdim',1,'EEE','zfdim@gmail.com',939383136);
INSERT INTO student_credential(usn,password)VALUES('1PI20EEE36','1PI20EEE36');
INSERT INTO student(usn,name,sem,dept,email,mob) VALUES('1PI20EEE37','sruee',1,'EEE','sruee@gmail.com',939383137);
INSERT INTO student_credential(usn,password)VALUES('1PI20EEE37','1PI20EEE37');
INSERT INTO student(usn,name,sem,dept,email,mob) VALUES('1PI20EEE38','cxkqk',1,'EEE','cxkqk@gmail.com',939383138);
INSERT INTO student_credential(usn,password)VALUES('1PI20EEE38','1PI20EEE38');
INSERT INTO student(usn,name,sem,dept,email,mob) VALUES('1PI20EEE39','rudlm',1,'EEE','rudlm@gmail.com',939383139);
INSERT INTO student_credential(usn,password)VALUES('1PI20EEE39','1PI20EEE39');
INSERT INTO student(usn,name,sem,dept,email,mob) VALUES('1PI20EEE40','zgdtn',1,'EEE','zgdtn@gmail.com',939383140);
INSERT INTO student_credential(usn,password)VALUES('1PI20EEE40','1PI20EEE40');
INSERT INTO student(usn,name,sem,dept,email,mob) VALUES('1PI20EEE41','hmivn',1,'EEE','hmivn@gmail.com',939383141);
INSERT INTO student_credential(usn,password)VALUES('1PI20EEE41','1PI20EEE41');
INSERT INTO student(usn,name,sem,dept,email,mob) VALUES('1PI20EEE42','nkclg',1,'EEE','nkclg@gmail.com',939383142);
INSERT INTO student_credential(usn,password)VALUES('1PI20EEE42','1PI20EEE42');
INSERT INTO student(usn,name,sem,dept,email,mob) VALUES('1PI20EEE43','arygy',1,'EEE','arygy@gmail.com',939383143);
INSERT INTO student_credential(usn,password)VALUES('1PI20EEE43','1PI20EEE43');
INSERT INTO student(usn,name,sem,dept,email,mob) VALUES('1PI20EEE44','dqdhl',1,'EEE','dqdhl@gmail.com',939383144);
INSERT INTO student_credential(usn,password)VALUES('1PI20EEE44','1PI20EEE44');
INSERT INTO student(usn,name,sem,dept,email,mob) VALUES('1PI20EEE45','trsth',1,'EEE','trsth@gmail.com',939383145);
INSERT INTO student_credential(usn,password)VALUES('1PI20EEE45','1PI20EEE45');
INSERT INTO student(usn,name,sem,dept,email,mob) VALUES('1PI20EEE46','idzyq',1,'EEE','idzyq@gmail.com',939383146);
INSERT INTO student_credential(usn,password)VALUES('1PI20EEE46','1PI20EEE46');
INSERT INTO student(usn,name,sem,dept,email,mob) VALUES('1PI20EEE47','azfno',1,'EEE','azfno@gmail.com',939383147);
INSERT INTO student_credential(usn,password)VALUES('1PI20EEE47','1PI20EEE47');
INSERT INTO student(usn,name,sem,dept,email,mob) VALUES('1PI20EEE48','vktqc',1,'EEE','vktqc@gmail.com',939383148);
INSERT INTO student_credential(usn,password)VALUES('1PI20EEE48','1PI20EEE48');
INSERT INTO student(usn,name,sem,dept,email,mob) VALUES('1PI20EEE49','otchc',1,'EEE','otchc@gmail.com',939383149);
INSERT INTO student_credential(usn,password)VALUES('1PI20EEE49','1PI20EEE49');
INSERT INTO student(usn,name,sem,dept,email,mob) VALUES('1PI20EEE50','oline',1,'EEE','oline@gmail.com',939383150);
INSERT INTO student_credential(usn,password)VALUES('1PI20EEE50','1PI20EEE50');
INSERT INTO student(usn,name,sem,dept,email,mob) VALUES('1PI20EEE51','iytym',1,'EEE','iytym@gmail.com',939383151);
INSERT INTO student_credential(usn,password)VALUES('1PI20EEE51','1PI20EEE51');
INSERT INTO student(usn,name,sem,dept,email,mob) VALUES('1PI20EEE52','rjscy',1,'EEE','rjscy@gmail.com',939383152);
INSERT INTO student_credential(usn,password)VALUES('1PI20EEE52','1PI20EEE52');
INSERT INTO student(usn,name,sem,dept,email,mob) VALUES('1PI20EEE53','oeivd',1,'EEE','oeivd@gmail.com',939383153);
INSERT INTO student_credential(usn,password)VALUES('1PI20EEE53','1PI20EEE53');
INSERT INTO student(usn,name,sem,dept,email,mob) VALUES('1PI20EEE54','yhphl',1,'EEE','yhphl@gmail.com',939383154);
INSERT INTO student_credential(usn,password)VALUES('1PI20EEE54','1PI20EEE54');
INSERT INTO student(usn,name,sem,dept,email,mob) VALUES('1PI20EEE55','jzhez',1,'EEE','jzhez@gmail.com',939383155);
INSERT INTO student_credential(usn,password)VALUES('1PI20EEE55','1PI20EEE55');
INSERT INTO student(usn,name,sem,dept,email,mob) VALUES('1PI20EEE56','ohmiu',1,'EEE','ohmiu@gmail.com',939383156);
INSERT INTO student_credential(usn,password)VALUES('1PI20EEE56','1PI20EEE56');
INSERT INTO student(usn,name,sem,dept,email,mob) VALUES('1PI20EEE57','rcpbl',1,'EEE','rcpbl@gmail.com',939383157);
INSERT INTO student_credential(usn,password)VALUES('1PI20EEE57','1PI20EEE57');
INSERT INTO student(usn,name,sem,dept,email,mob) VALUES('1PI20EEE58','vwaaj',1,'EEE','vwaaj@gmail.com',939383158);
INSERT INTO student_credential(usn,password)VALUES('1PI20EEE58','1PI20EEE58');
INSERT INTO student(usn,name,sem,dept,email,mob) VALUES('1PI20EEE59','iqugt',1,'EEE','iqugt@gmail.com',939383159);
INSERT INTO student_credential(usn,password)VALUES('1PI20EEE59','1PI20EEE59');
INSERT INTO student(usn,name,sem,dept,email,mob) VALUES('1PI20EEE60','aoqme',1,'EEE','aoqme@gmail.com',939383160);
INSERT INTO student_credential(usn,password)VALUES('1PI20EEE60','1PI20EEE60');
INSERT INTO student(usn,name,sem,dept,email,mob) VALUES('1PI20EEE61','mjlhg',1,'EEE','mjlhg@gmail.com',939383161);
INSERT INTO student_credential(usn,password)VALUES('1PI20EEE61','1PI20EEE61');
INSERT INTO student(usn,name,sem,dept,email,mob) VALUES('1PI20EEE62','oxpru',1,'EEE','oxpru@gmail.com',939383162);
INSERT INTO student_credential(usn,password)VALUES('1PI20EEE62','1PI20EEE62');
INSERT INTO student(usn,name,sem,dept,email,mob) VALUES('1PI20EEE63','rtymk',1,'EEE','rtymk@gmail.com',939383163);
INSERT INTO student_credential(usn,password)VALUES('1PI20EEE63','1PI20EEE63');
INSERT INTO student(usn,name,sem,dept,email,mob) VALUES('1PI20EEE64','ktdbn',1,'EEE','ktdbn@gmail.com',939383164);
INSERT INTO student_credential(usn,password)VALUES('1PI20EEE64','1PI20EEE64');
INSERT INTO student(usn,name,sem,dept,email,mob) VALUES('1PI20EEE65','oxwtt',1,'EEE','oxwtt@gmail.com',939383165);
INSERT INTO student_credential(usn,password)VALUES('1PI20EEE65','1PI20EEE65');
INSERT INTO student(usn,name,sem,dept,email,mob) VALUES('1PI20EEE66','geeqi',1,'EEE','geeqi@gmail.com',939383166);
INSERT INTO student_credential(usn,password)VALUES('1PI20EEE66','1PI20EEE66');
INSERT INTO student(usn,name,sem,dept,email,mob) VALUES('1PI20EEE67','mlhcz',1,'EEE','mlhcz@gmail.com',939383167);
INSERT INTO student_credential(usn,password)VALUES('1PI20EEE67','1PI20EEE67');
INSERT INTO student(usn,name,sem,dept,email,mob) VALUES('1PI20EEE68','tctyp',1,'EEE','tctyp@gmail.com',939383168);
INSERT INTO student_credential(usn,password)VALUES('1PI20EEE68','1PI20EEE68');
INSERT INTO student(usn,name,sem,dept,email,mob) VALUES('1PI20EEE69','hmeqd',1,'EEE','hmeqd@gmail.com',939383169);
INSERT INTO student_credential(usn,password)VALUES('1PI20EEE69','1PI20EEE69');
INSERT INTO student(usn,name,sem,dept,email,mob) VALUES('1PI20EEE70','suyvk',1,'EEE','suyvk@gmail.com',939383170);
INSERT INTO student_credential(usn,password)VALUES('1PI20EEE70','1PI20EEE70');
INSERT INTO student(usn,name,sem,dept,email,mob) VALUES('1PI20EEE71','kjopl',1,'EEE','kjopl@gmail.com',939383171);
INSERT INTO student_credential(usn,password)VALUES('1PI20EEE71','1PI20EEE71');
INSERT INTO student(usn,name,sem,dept,email,mob) VALUES('1PI20EEE72','mzdca',1,'EEE','mzdca@gmail.com',939383172);
INSERT INTO student_credential(usn,password)VALUES('1PI20EEE72','1PI20EEE72');
INSERT INTO student(usn,name,sem,dept,email,mob) VALUES('1PI20EEE73','kpjvo',1,'EEE','kpjvo@gmail.com',939383173);
INSERT INTO student_credential(usn,password)VALUES('1PI20EEE73','1PI20EEE73');
INSERT INTO student(usn,name,sem,dept,email,mob) VALUES('1PI20EEE74','zimhx',1,'EEE','zimhx@gmail.com',939383174);
INSERT INTO student_credential(usn,password)VALUES('1PI20EEE74','1PI20EEE74');
INSERT INTO student(usn,name,sem,dept,email,mob) VALUES('1PI20EEE75','xqhdu',1,'EEE','xqhdu@gmail.com',939383175);
INSERT INTO student_credential(usn,password)VALUES('1PI20EEE75','1PI20EEE75');
INSERT INTO student(usn,name,sem,dept,email,mob) VALUES('1PI20EEE76','iqedl',1,'EEE','iqedl@gmail.com',939383176);
INSERT INTO student_credential(usn,password)VALUES('1PI20EEE76','1PI20EEE76');
INSERT INTO student(usn,name,sem,dept,email,mob) VALUES('1PI20EEE77','ngwgo',1,'EEE','ngwgo@gmail.com',939383177);
INSERT INTO student_credential(usn,password)VALUES('1PI20EEE77','1PI20EEE77');
INSERT INTO student(usn,name,sem,dept,email,mob) VALUES('1PI20EEE78','ooupn',1,'EEE','ooupn@gmail.com',939383178);
INSERT INTO student_credential(usn,password)VALUES('1PI20EEE78','1PI20EEE78');
INSERT INTO student(usn,name,sem,dept,email,mob) VALUES('1PI20EEE79','edksd',1,'EEE','edksd@gmail.com',939383179);
INSERT INTO student_credential(usn,password)VALUES('1PI20EEE79','1PI20EEE79');
INSERT INTO student(usn,name,sem,dept,email,mob) VALUES('1PI20EEE80','gpmhh',1,'EEE','gpmhh@gmail.com',939383180);
INSERT INTO student_credential(usn,password)VALUES('1PI20EEE80','1PI20EEE80');
INSERT INTO student(usn,name,sem,dept,email,mob) VALUES('1PI20EEE81','daqbs',1,'EEE','daqbs@gmail.com',939383181);
INSERT INTO student_credential(usn,password)VALUES('1PI20EEE81','1PI20EEE81');
INSERT INTO student(usn,name,sem,dept,email,mob) VALUES('1PI20EEE82','qrfpd',1,'EEE','qrfpd@gmail.com',939383182);
INSERT INTO student_credential(usn,password)VALUES('1PI20EEE82','1PI20EEE82');
INSERT INTO student(usn,name,sem,dept,email,mob) VALUES('1PI20EEE83','rsykh',1,'EEE','rsykh@gmail.com',939383183);
INSERT INTO student_credential(usn,password)VALUES('1PI20EEE83','1PI20EEE83');
INSERT INTO student(usn,name,sem,dept,email,mob) VALUES('1PI20EEE84','butsn',1,'EEE','butsn@gmail.com',939383184);
INSERT INTO student_credential(usn,password)VALUES('1PI20EEE84','1PI20EEE84');
INSERT INTO student(usn,name,sem,dept,email,mob) VALUES('1PI20EEE85','uwjpp',1,'EEE','uwjpp@gmail.com',939383185);
INSERT INTO student_credential(usn,password)VALUES('1PI20EEE85','1PI20EEE85');
INSERT INTO student(usn,name,sem,dept,email,mob) VALUES('1PI20EEE86','gdeeb',1,'EEE','gdeeb@gmail.com',939383186);
INSERT INTO student_credential(usn,password)VALUES('1PI20EEE86','1PI20EEE86');
INSERT INTO student(usn,name,sem,dept,email,mob) VALUES('1PI20EEE87','jgsdy',1,'EEE','jgsdy@gmail.com',939383187);
INSERT INTO student_credential(usn,password)VALUES('1PI20EEE87','1PI20EEE87');
INSERT INTO student(usn,name,sem,dept,email,mob) VALUES('1PI20EEE88','foecq',1,'EEE','foecq@gmail.com',939383188);
INSERT INTO student_credential(usn,password)VALUES('1PI20EEE88','1PI20EEE88');
INSERT INTO student(usn,name,sem,dept,email,mob) VALUES('1PI20EEE89','qnlem',1,'EEE','qnlem@gmail.com',939383189);
INSERT INTO student_credential(usn,password)VALUES('1PI20EEE89','1PI20EEE89');
INSERT INTO student(usn,name,sem,dept,email,mob) VALUES('1PI20EEE90','kimip',1,'EEE','kimip@gmail.com',939383190);
INSERT INTO student_credential(usn,password)VALUES('1PI20EEE90','1PI20EEE90');
INSERT INTO student(usn,name,sem,dept,email,mob) VALUES('1PI20EEE91','ecehl',1,'EEE','ecehl@gmail.com',939383191);
INSERT INTO student_credential(usn,password)VALUES('1PI20EEE91','1PI20EEE91');
INSERT INTO student(usn,name,sem,dept,email,mob) VALUES('1PI20EEE92','btmbw',1,'EEE','btmbw@gmail.com',939383192);
INSERT INTO student_credential(usn,password)VALUES('1PI20EEE92','1PI20EEE92');
INSERT INTO student(usn,name,sem,dept,email,mob) VALUES('1PI20EEE93','nkdxy',1,'EEE','nkdxy@gmail.com',939383193);
INSERT INTO student_credential(usn,password)VALUES('1PI20EEE93','1PI20EEE93');
INSERT INTO student(usn,name,sem,dept,email,mob) VALUES('1PI20EEE94','mecls',1,'EEE','mecls@gmail.com',939383194);
INSERT INTO student_credential(usn,password)VALUES('1PI20EEE94','1PI20EEE94');
INSERT INTO student(usn,name,sem,dept,email,mob) VALUES('1PI20EEE95','shvkm',1,'EEE','shvkm@gmail.com',939383195);
INSERT INTO student_credential(usn,password)VALUES('1PI20EEE95','1PI20EEE95');
INSERT INTO student(usn,name,sem,dept,email,mob) VALUES('1PI20EEE96','ywjxe',1,'EEE','ywjxe@gmail.com',939383196);
INSERT INTO student_credential(usn,password)VALUES('1PI20EEE96','1PI20EEE96');
INSERT INTO student(usn,name,sem,dept,email,mob) VALUES('1PI20EEE97','shoih',1,'EEE','shoih@gmail.com',939383197);
INSERT INTO student_credential(usn,password)VALUES('1PI20EEE97','1PI20EEE97');
INSERT INTO student(usn,name,sem,dept,email,mob) VALUES('1PI20EEE98','mlgvx',1,'EEE','mlgvx@gmail.com',939383198);
INSERT INTO student_credential(usn,password)VALUES('1PI20EEE98','1PI20EEE98');
INSERT INTO student(usn,name,sem,dept,email,mob) VALUES('1PI20EEE99','iljvw',1,'EEE','iljvw@gmail.com',939383199);
INSERT INTO student_credential(usn,password)VALUES('1PI20EEE99','1PI20EEE99');
INSERT INTO student(usn,name,sem,dept,email,mob) VALUES('1PI14ECE0','llfpn',7,'ECE','llfpn@gmail.com',939384700);
INSERT INTO student_credential(usn,password)VALUES('1PI14ECE0','1PI14ECE0');
INSERT INTO student(usn,name,sem,dept,email,mob) VALUES('1PI14ECE1','jzywc',7,'ECE','jzywc@gmail.com',939384701);
INSERT INTO student_credential(usn,password)VALUES('1PI14ECE1','1PI14ECE1');
INSERT INTO student(usn,name,sem,dept,email,mob) VALUES('1PI14ECE2','pamev',7,'ECE','pamev@gmail.com',939384702);
INSERT INTO student_credential(usn,password)VALUES('1PI14ECE2','1PI14ECE2');
INSERT INTO student(usn,name,sem,dept,email,mob) VALUES('1PI14ECE3','wtygf',7,'ECE','wtygf@gmail.com',939384703);
INSERT INTO student_credential(usn,password)VALUES('1PI14ECE3','1PI14ECE3');
INSERT INTO student(usn,name,sem,dept,email,mob) VALUES('1PI14ECE4','phifu',7,'ECE','phifu@gmail.com',939384704);
INSERT INTO student_credential(usn,password)VALUES('1PI14ECE4','1PI14ECE4');
INSERT INTO student(usn,name,sem,dept,email,mob) VALUES('1PI14ECE5','bttnw',7,'ECE','bttnw@gmail.com',939384705);
INSERT INTO student_credential(usn,password)VALUES('1PI14ECE5','1PI14ECE5');
INSERT INTO student(usn,name,sem,dept,email,mob) VALUES('1PI14ECE6','nphdb',7,'ECE','nphdb@gmail.com',939384706);
INSERT INTO student_credential(usn,password)VALUES('1PI14ECE6','1PI14ECE6');
INSERT INTO student(usn,name,sem,dept,email,mob) VALUES('1PI14ECE7','ytwod',7,'ECE','ytwod@gmail.com',939384707);
INSERT INTO student_credential(usn,password)VALUES('1PI14ECE7','1PI14ECE7');
INSERT INTO student(usn,name,sem,dept,email,mob) VALUES('1PI14ECE8','clrjp',7,'ECE','clrjp@gmail.com',939384708);
INSERT INTO student_credential(usn,password)VALUES('1PI14ECE8','1PI14ECE8');
INSERT INTO student(usn,name,sem,dept,email,mob) VALUES('1PI14ECE9','rseqw',7,'ECE','rseqw@gmail.com',939384709);
INSERT INTO student_credential(usn,password)VALUES('1PI14ECE9','1PI14ECE9');
INSERT INTO student(usn,name,sem,dept,email,mob) VALUES('1PI14ECE10','rdwsv',7,'ECE','rdwsv@gmail.com',939384710);
INSERT INTO student_credential(usn,password)VALUES('1PI14ECE10','1PI14ECE10');
INSERT INTO student(usn,name,sem,dept,email,mob) VALUES('1PI14ECE11','yncgf',7,'ECE','yncgf@gmail.com',939384711);
INSERT INTO student_credential(usn,password)VALUES('1PI14ECE11','1PI14ECE11');
INSERT INTO student(usn,name,sem,dept,email,mob) VALUES('1PI14ECE12','razza',7,'ECE','razza@gmail.com',939384712);
INSERT INTO student_credential(usn,password)VALUES('1PI14ECE12','1PI14ECE12');
INSERT INTO student(usn,name,sem,dept,email,mob) VALUES('1PI14ECE13','odggx',7,'ECE','odggx@gmail.com',939384713);
INSERT INTO student_credential(usn,password)VALUES('1PI14ECE13','1PI14ECE13');
INSERT INTO student(usn,name,sem,dept,email,mob) VALUES('1PI14ECE14','wwbtj',7,'ECE','wwbtj@gmail.com',939384714);
INSERT INTO student_credential(usn,password)VALUES('1PI14ECE14','1PI14ECE14');
INSERT INTO student(usn,name,sem,dept,email,mob) VALUES('1PI14ECE15','qujrm',7,'ECE','qujrm@gmail.com',939384715);
INSERT INTO student_credential(usn,password)VALUES('1PI14ECE15','1PI14ECE15');
INSERT INTO student(usn,name,sem,dept,email,mob) VALUES('1PI14ECE16','cdpom',7,'ECE','cdpom@gmail.com',939384716);
INSERT INTO student_credential(usn,password)VALUES('1PI14ECE16','1PI14ECE16');
INSERT INTO student(usn,name,sem,dept,email,mob) VALUES('1PI14ECE17','jryle',7,'ECE','jryle@gmail.com',939384717);
INSERT INTO student_credential(usn,password)VALUES('1PI14ECE17','1PI14ECE17');
INSERT INTO student(usn,name,sem,dept,email,mob) VALUES('1PI14ECE18','dhufh',7,'ECE','dhufh@gmail.com',939384718);
INSERT INTO student_credential(usn,password)VALUES('1PI14ECE18','1PI14ECE18');
INSERT INTO student(usn,name,sem,dept,email,mob) VALUES('1PI14ECE19','wkhzk',7,'ECE','wkhzk@gmail.com',939384719);
INSERT INTO student_credential(usn,password)VALUES('1PI14ECE19','1PI14ECE19');
INSERT INTO student(usn,name,sem,dept,email,mob) VALUES('1PI14ECE20','tnkyt',7,'ECE','tnkyt@gmail.com',939384720);
INSERT INTO student_credential(usn,password)VALUES('1PI14ECE20','1PI14ECE20');
INSERT INTO student(usn,name,sem,dept,email,mob) VALUES('1PI14ECE21','gjpmm',7,'ECE','gjpmm@gmail.com',939384721);
INSERT INTO student_credential(usn,password)VALUES('1PI14ECE21','1PI14ECE21');
INSERT INTO student(usn,name,sem,dept,email,mob) VALUES('1PI14ECE22','gvxjc',7,'ECE','gvxjc@gmail.com',939384722);
INSERT INTO student_credential(usn,password)VALUES('1PI14ECE22','1PI14ECE22');
INSERT INTO student(usn,name,sem,dept,email,mob) VALUES('1PI14ECE23','njgzu',7,'ECE','njgzu@gmail.com',939384723);
INSERT INTO student_credential(usn,password)VALUES('1PI14ECE23','1PI14ECE23');
INSERT INTO student(usn,name,sem,dept,email,mob) VALUES('1PI14ECE24','hwqqs',7,'ECE','hwqqs@gmail.com',939384724);
INSERT INTO student_credential(usn,password)VALUES('1PI14ECE24','1PI14ECE24');
INSERT INTO student(usn,name,sem,dept,email,mob) VALUES('1PI14ECE25','ldzcs',7,'ECE','ldzcs@gmail.com',939384725);
INSERT INTO student_credential(usn,password)VALUES('1PI14ECE25','1PI14ECE25');
INSERT INTO student(usn,name,sem,dept,email,mob) VALUES('1PI14ECE26','fojsw',7,'ECE','fojsw@gmail.com',939384726);
INSERT INTO student_credential(usn,password)VALUES('1PI14ECE26','1PI14ECE26');
INSERT INTO student(usn,name,sem,dept,email,mob) VALUES('1PI14ECE27','rqcnb',7,'ECE','rqcnb@gmail.com',939384727);
INSERT INTO student_credential(usn,password)VALUES('1PI14ECE27','1PI14ECE27');
INSERT INTO student(usn,name,sem,dept,email,mob) VALUES('1PI14ECE28','qyxaa',7,'ECE','qyxaa@gmail.com',939384728);
INSERT INTO student_credential(usn,password)VALUES('1PI14ECE28','1PI14ECE28');
INSERT INTO student(usn,name,sem,dept,email,mob) VALUES('1PI14ECE29','gibpv',7,'ECE','gibpv@gmail.com',939384729);
INSERT INTO student_credential(usn,password)VALUES('1PI14ECE29','1PI14ECE29');
INSERT INTO student(usn,name,sem,dept,email,mob) VALUES('1PI14ECE30','txdon',7,'ECE','txdon@gmail.com',939384730);
INSERT INTO student_credential(usn,password)VALUES('1PI14ECE30','1PI14ECE30');
INSERT INTO student(usn,name,sem,dept,email,mob) VALUES('1PI14ECE31','peash',7,'ECE','peash@gmail.com',939384731);
INSERT INTO student_credential(usn,password)VALUES('1PI14ECE31','1PI14ECE31');
INSERT INTO student(usn,name,sem,dept,email,mob) VALUES('1PI14ECE32','nrohu',7,'ECE','nrohu@gmail.com',939384732);
INSERT INTO student_credential(usn,password)VALUES('1PI14ECE32','1PI14ECE32');
INSERT INTO student(usn,name,sem,dept,email,mob) VALUES('1PI14ECE33','vogld',7,'ECE','vogld@gmail.com',939384733);
INSERT INTO student_credential(usn,password)VALUES('1PI14ECE33','1PI14ECE33');
INSERT INTO student(usn,name,sem,dept,email,mob) VALUES('1PI14ECE34','xhspr',7,'ECE','xhspr@gmail.com',939384734);
INSERT INTO student_credential(usn,password)VALUES('1PI14ECE34','1PI14ECE34');
INSERT INTO student(usn,name,sem,dept,email,mob) VALUES('1PI14ECE35','ngsoq',7,'ECE','ngsoq@gmail.com',939384735);
INSERT INTO student_credential(usn,password)VALUES('1PI14ECE35','1PI14ECE35');
INSERT INTO student(usn,name,sem,dept,email,mob) VALUES('1PI14ECE36','djfqt',7,'ECE','djfqt@gmail.com',939384736);
INSERT INTO student_credential(usn,password)VALUES('1PI14ECE36','1PI14ECE36');
INSERT INTO student(usn,name,sem,dept,email,mob) VALUES('1PI14ECE37','exyrw',7,'ECE','exyrw@gmail.com',939384737);
INSERT INTO student_credential(usn,password)VALUES('1PI14ECE37','1PI14ECE37');
INSERT INTO student(usn,name,sem,dept,email,mob) VALUES('1PI14ECE38','izzoe',7,'ECE','izzoe@gmail.com',939384738);
INSERT INTO student_credential(usn,password)VALUES('1PI14ECE38','1PI14ECE38');
INSERT INTO student(usn,name,sem,dept,email,mob) VALUES('1PI14ECE39','owaqe',7,'ECE','owaqe@gmail.com',939384739);
INSERT INTO student_credential(usn,password)VALUES('1PI14ECE39','1PI14ECE39');
INSERT INTO student(usn,name,sem,dept,email,mob) VALUES('1PI14ECE40','zdlmw',7,'ECE','zdlmw@gmail.com',939384740);
INSERT INTO student_credential(usn,password)VALUES('1PI14ECE40','1PI14ECE40');
INSERT INTO student(usn,name,sem,dept,email,mob) VALUES('1PI14ECE41','afcoz',7,'ECE','afcoz@gmail.com',939384741);
INSERT INTO student_credential(usn,password)VALUES('1PI14ECE41','1PI14ECE41');
INSERT INTO student(usn,name,sem,dept,email,mob) VALUES('1PI14ECE42','vqcie',7,'ECE','vqcie@gmail.com',939384742);
INSERT INTO student_credential(usn,password)VALUES('1PI14ECE42','1PI14ECE42');
INSERT INTO student(usn,name,sem,dept,email,mob) VALUES('1PI14ECE43','wgkek',7,'ECE','wgkek@gmail.com',939384743);
INSERT INTO student_credential(usn,password)VALUES('1PI14ECE43','1PI14ECE43');
INSERT INTO student(usn,name,sem,dept,email,mob) VALUES('1PI14ECE44','fgrcy',7,'ECE','fgrcy@gmail.com',939384744);
INSERT INTO student_credential(usn,password)VALUES('1PI14ECE44','1PI14ECE44');
INSERT INTO student(usn,name,sem,dept,email,mob) VALUES('1PI14ECE45','vzsah',7,'ECE','vzsah@gmail.com',939384745);
INSERT INTO student_credential(usn,password)VALUES('1PI14ECE45','1PI14ECE45');
INSERT INTO student(usn,name,sem,dept,email,mob) VALUES('1PI14ECE46','pszob',7,'ECE','pszob@gmail.com',939384746);
INSERT INTO student_credential(usn,password)VALUES('1PI14ECE46','1PI14ECE46');
INSERT INTO student(usn,name,sem,dept,email,mob) VALUES('1PI14ECE47','rixwx',7,'ECE','rixwx@gmail.com',939384747);
INSERT INTO student_credential(usn,password)VALUES('1PI14ECE47','1PI14ECE47');
INSERT INTO student(usn,name,sem,dept,email,mob) VALUES('1PI14ECE48','kpicl',7,'ECE','kpicl@gmail.com',939384748);
INSERT INTO student_credential(usn,password)VALUES('1PI14ECE48','1PI14ECE48');
INSERT INTO student(usn,name,sem,dept,email,mob) VALUES('1PI14ECE49','qljtk',7,'ECE','qljtk@gmail.com',939384749);
INSERT INTO student_credential(usn,password)VALUES('1PI14ECE49','1PI14ECE49');
INSERT INTO student(usn,name,sem,dept,email,mob) VALUES('1PI14ECE50','vnbim',7,'ECE','vnbim@gmail.com',939384750);
INSERT INTO student_credential(usn,password)VALUES('1PI14ECE50','1PI14ECE50');
INSERT INTO student(usn,name,sem,dept,email,mob) VALUES('1PI14ECE51','pdkye',7,'ECE','pdkye@gmail.com',939384751);
INSERT INTO student_credential(usn,password)VALUES('1PI14ECE51','1PI14ECE51');
INSERT INTO student(usn,name,sem,dept,email,mob) VALUES('1PI14ECE52','bcwlf',7,'ECE','bcwlf@gmail.com',939384752);
INSERT INTO student_credential(usn,password)VALUES('1PI14ECE52','1PI14ECE52');
INSERT INTO student(usn,name,sem,dept,email,mob) VALUES('1PI14ECE53','kffrl',7,'ECE','kffrl@gmail.com',939384753);
INSERT INTO student_credential(usn,password)VALUES('1PI14ECE53','1PI14ECE53');
INSERT INTO student(usn,name,sem,dept,email,mob) VALUES('1PI14ECE54','zzmkv',7,'ECE','zzmkv@gmail.com',939384754);
INSERT INTO student_credential(usn,password)VALUES('1PI14ECE54','1PI14ECE54');
INSERT INTO student(usn,name,sem,dept,email,mob) VALUES('1PI14ECE55','mhnlc',7,'ECE','mhnlc@gmail.com',939384755);
INSERT INTO student_credential(usn,password)VALUES('1PI14ECE55','1PI14ECE55');
INSERT INTO student(usn,name,sem,dept,email,mob) VALUES('1PI14ECE56','ivwhw',7,'ECE','ivwhw@gmail.com',939384756);
INSERT INTO student_credential(usn,password)VALUES('1PI14ECE56','1PI14ECE56');
INSERT INTO student(usn,name,sem,dept,email,mob) VALUES('1PI14ECE57','ztzrb',7,'ECE','ztzrb@gmail.com',939384757);
INSERT INTO student_credential(usn,password)VALUES('1PI14ECE57','1PI14ECE57');
INSERT INTO student(usn,name,sem,dept,email,mob) VALUES('1PI14ECE58','xjcrt',7,'ECE','xjcrt@gmail.com',939384758);
INSERT INTO student_credential(usn,password)VALUES('1PI14ECE58','1PI14ECE58');
INSERT INTO student(usn,name,sem,dept,email,mob) VALUES('1PI14ECE59','uvtxf',7,'ECE','uvtxf@gmail.com',939384759);
INSERT INTO student_credential(usn,password)VALUES('1PI14ECE59','1PI14ECE59');
INSERT INTO student(usn,name,sem,dept,email,mob) VALUES('1PI14ECE60','kidxh',7,'ECE','kidxh@gmail.com',939384760);
INSERT INTO student_credential(usn,password)VALUES('1PI14ECE60','1PI14ECE60');
INSERT INTO student(usn,name,sem,dept,email,mob) VALUES('1PI14ECE61','oafye',7,'ECE','oafye@gmail.com',939384761);
INSERT INTO student_credential(usn,password)VALUES('1PI14ECE61','1PI14ECE61');
INSERT INTO student(usn,name,sem,dept,email,mob) VALUES('1PI14ECE62','syviz',7,'ECE','syviz@gmail.com',939384762);
INSERT INTO student_credential(usn,password)VALUES('1PI14ECE62','1PI14ECE62');
INSERT INTO student(usn,name,sem,dept,email,mob) VALUES('1PI14ECE63','vozsq',7,'ECE','vozsq@gmail.com',939384763);
INSERT INTO student_credential(usn,password)VALUES('1PI14ECE63','1PI14ECE63');
INSERT INTO student(usn,name,sem,dept,email,mob) VALUES('1PI14ECE64','orqmq',7,'ECE','orqmq@gmail.com',939384764);
INSERT INTO student_credential(usn,password)VALUES('1PI14ECE64','1PI14ECE64');
INSERT INTO student(usn,name,sem,dept,email,mob) VALUES('1PI14ECE65','lesix',7,'ECE','lesix@gmail.com',939384765);
INSERT INTO student_credential(usn,password)VALUES('1PI14ECE65','1PI14ECE65');
INSERT INTO student(usn,name,sem,dept,email,mob) VALUES('1PI14ECE66','rnerz',7,'ECE','rnerz@gmail.com',939384766);
INSERT INTO student_credential(usn,password)VALUES('1PI14ECE66','1PI14ECE66');
INSERT INTO student(usn,name,sem,dept,email,mob) VALUES('1PI14ECE67','oowrv',7,'ECE','oowrv@gmail.com',939384767);
INSERT INTO student_credential(usn,password)VALUES('1PI14ECE67','1PI14ECE67');
INSERT INTO student(usn,name,sem,dept,email,mob) VALUES('1PI14ECE68','wpmib',7,'ECE','wpmib@gmail.com',939384768);
INSERT INTO student_credential(usn,password)VALUES('1PI14ECE68','1PI14ECE68');
INSERT INTO student(usn,name,sem,dept,email,mob) VALUES('1PI14ECE69','hhyff',7,'ECE','hhyff@gmail.com',939384769);
INSERT INTO student_credential(usn,password)VALUES('1PI14ECE69','1PI14ECE69');
INSERT INTO student(usn,name,sem,dept,email,mob) VALUES('1PI14ECE70','uvkou',7,'ECE','uvkou@gmail.com',939384770);
INSERT INTO student_credential(usn,password)VALUES('1PI14ECE70','1PI14ECE70');
INSERT INTO student(usn,name,sem,dept,email,mob) VALUES('1PI14ECE71','kdwjc',7,'ECE','kdwjc@gmail.com',939384771);
INSERT INTO student_credential(usn,password)VALUES('1PI14ECE71','1PI14ECE71');
INSERT INTO student(usn,name,sem,dept,email,mob) VALUES('1PI14ECE72','vxqgl',7,'ECE','vxqgl@gmail.com',939384772);
INSERT INTO student_credential(usn,password)VALUES('1PI14ECE72','1PI14ECE72');
INSERT INTO student(usn,name,sem,dept,email,mob) VALUES('1PI14ECE73','schja',7,'ECE','schja@gmail.com',939384773);
INSERT INTO student_credential(usn,password)VALUES('1PI14ECE73','1PI14ECE73');
INSERT INTO student(usn,name,sem,dept,email,mob) VALUES('1PI14ECE74','gqueh',7,'ECE','gqueh@gmail.com',939384774);
INSERT INTO student_credential(usn,password)VALUES('1PI14ECE74','1PI14ECE74');
INSERT INTO student(usn,name,sem,dept,email,mob) VALUES('1PI14ECE75','pnhky',7,'ECE','pnhky@gmail.com',939384775);
INSERT INTO student_credential(usn,password)VALUES('1PI14ECE75','1PI14ECE75');
INSERT INTO student(usn,name,sem,dept,email,mob) VALUES('1PI14ECE76','cpmjt',7,'ECE','cpmjt@gmail.com',939384776);
INSERT INTO student_credential(usn,password)VALUES('1PI14ECE76','1PI14ECE76');
INSERT INTO student(usn,name,sem,dept,email,mob) VALUES('1PI14ECE77','gludh',7,'ECE','gludh@gmail.com',939384777);
INSERT INTO student_credential(usn,password)VALUES('1PI14ECE77','1PI14ECE77');
INSERT INTO student(usn,name,sem,dept,email,mob) VALUES('1PI14ECE78','rbefj',7,'ECE','rbefj@gmail.com',939384778);
INSERT INTO student_credential(usn,password)VALUES('1PI14ECE78','1PI14ECE78');
INSERT INTO student(usn,name,sem,dept,email,mob) VALUES('1PI14ECE79','jfytk',7,'ECE','jfytk@gmail.com',939384779);
INSERT INTO student_credential(usn,password)VALUES('1PI14ECE79','1PI14ECE79');
INSERT INTO student(usn,name,sem,dept,email,mob) VALUES('1PI14ECE80','xlbnv',7,'ECE','xlbnv@gmail.com',939384780);
INSERT INTO student_credential(usn,password)VALUES('1PI14ECE80','1PI14ECE80');
INSERT INTO student(usn,name,sem,dept,email,mob) VALUES('1PI14ECE81','mdwsy',7,'ECE','mdwsy@gmail.com',939384781);
INSERT INTO student_credential(usn,password)VALUES('1PI14ECE81','1PI14ECE81');
INSERT INTO student(usn,name,sem,dept,email,mob) VALUES('1PI14ECE82','xhgsc',7,'ECE','xhgsc@gmail.com',939384782);
INSERT INTO student_credential(usn,password)VALUES('1PI14ECE82','1PI14ECE82');
INSERT INTO student(usn,name,sem,dept,email,mob) VALUES('1PI14ECE83','zhyjg',7,'ECE','zhyjg@gmail.com',939384783);
INSERT INTO student_credential(usn,password)VALUES('1PI14ECE83','1PI14ECE83');
INSERT INTO student(usn,name,sem,dept,email,mob) VALUES('1PI14ECE84','dfgnw',7,'ECE','dfgnw@gmail.com',939384784);
INSERT INTO student_credential(usn,password)VALUES('1PI14ECE84','1PI14ECE84');
INSERT INTO student(usn,name,sem,dept,email,mob) VALUES('1PI14ECE85','fpdtl',7,'ECE','fpdtl@gmail.com',939384785);
INSERT INTO student_credential(usn,password)VALUES('1PI14ECE85','1PI14ECE85');
INSERT INTO student(usn,name,sem,dept,email,mob) VALUES('1PI14ECE86','khpek',7,'ECE','khpek@gmail.com',939384786);
INSERT INTO student_credential(usn,password)VALUES('1PI14ECE86','1PI14ECE86');
INSERT INTO student(usn,name,sem,dept,email,mob) VALUES('1PI14ECE87','hjncy',7,'ECE','hjncy@gmail.com',939384787);
INSERT INTO student_credential(usn,password)VALUES('1PI14ECE87','1PI14ECE87');
INSERT INTO student(usn,name,sem,dept,email,mob) VALUES('1PI14ECE88','lcqms',7,'ECE','lcqms@gmail.com',939384788);
INSERT INTO student_credential(usn,password)VALUES('1PI14ECE88','1PI14ECE88');
INSERT INTO student(usn,name,sem,dept,email,mob) VALUES('1PI14ECE89','syghw',7,'ECE','syghw@gmail.com',939384789);
INSERT INTO student_credential(usn,password)VALUES('1PI14ECE89','1PI14ECE89');
INSERT INTO student(usn,name,sem,dept,email,mob) VALUES('1PI14ECE90','dvaeq',7,'ECE','dvaeq@gmail.com',939384790);
INSERT INTO student_credential(usn,password)VALUES('1PI14ECE90','1PI14ECE90');
INSERT INTO student(usn,name,sem,dept,email,mob) VALUES('1PI14ECE91','jkzmh',7,'ECE','jkzmh@gmail.com',939384791);
INSERT INTO student_credential(usn,password)VALUES('1PI14ECE91','1PI14ECE91');
INSERT INTO student(usn,name,sem,dept,email,mob) VALUES('1PI14ECE92','iydlx',7,'ECE','iydlx@gmail.com',939384792);
INSERT INTO student_credential(usn,password)VALUES('1PI14ECE92','1PI14ECE92');
INSERT INTO student(usn,name,sem,dept,email,mob) VALUES('1PI14ECE93','djohn',7,'ECE','djohn@gmail.com',939384793);
INSERT INTO student_credential(usn,password)VALUES('1PI14ECE93','1PI14ECE93');
INSERT INTO student(usn,name,sem,dept,email,mob) VALUES('1PI14ECE94','scghb',7,'ECE','scghb@gmail.com',939384794);
INSERT INTO student_credential(usn,password)VALUES('1PI14ECE94','1PI14ECE94');
INSERT INTO student(usn,name,sem,dept,email,mob) VALUES('1PI14ECE95','tuswz',7,'ECE','tuswz@gmail.com',939384795);
INSERT INTO student_credential(usn,password)VALUES('1PI14ECE95','1PI14ECE95');
INSERT INTO student(usn,name,sem,dept,email,mob) VALUES('1PI14ECE96','umsqo',7,'ECE','umsqo@gmail.com',939384796);
INSERT INTO student_credential(usn,password)VALUES('1PI14ECE96','1PI14ECE96');
INSERT INTO student(usn,name,sem,dept,email,mob) VALUES('1PI14ECE97','ykiid',7,'ECE','ykiid@gmail.com',939384797);
INSERT INTO student_credential(usn,password)VALUES('1PI14ECE97','1PI14ECE97');
INSERT INTO student(usn,name,sem,dept,email,mob) VALUES('1PI14ECE98','fwfxy',7,'ECE','fwfxy@gmail.com',939384798);
INSERT INTO student_credential(usn,password)VALUES('1PI14ECE98','1PI14ECE98');
INSERT INTO student(usn,name,sem,dept,email,mob) VALUES('1PI14ECE99','aaaym',7,'ECE','aaaym@gmail.com',939384799);
INSERT INTO student_credential(usn,password)VALUES('1PI14ECE99','1PI14ECE99');
INSERT INTO student(usn,name,sem,dept,email,mob) VALUES('1PI16ECE0','oivfh',5,'ECE','oivfh@gmail.com',939384500);
INSERT INTO student_credential(usn,password)VALUES('1PI16ECE0','1PI16ECE0');
INSERT INTO student(usn,name,sem,dept,email,mob) VALUES('1PI16ECE1','jlrwy',5,'ECE','jlrwy@gmail.com',939384501);
INSERT INTO student_credential(usn,password)VALUES('1PI16ECE1','1PI16ECE1');
INSERT INTO student(usn,name,sem,dept,email,mob) VALUES('1PI16ECE2','axawg',5,'ECE','axawg@gmail.com',939384502);
INSERT INTO student_credential(usn,password)VALUES('1PI16ECE2','1PI16ECE2');
INSERT INTO student(usn,name,sem,dept,email,mob) VALUES('1PI16ECE3','eurbr',5,'ECE','eurbr@gmail.com',939384503);
INSERT INTO student_credential(usn,password)VALUES('1PI16ECE3','1PI16ECE3');
INSERT INTO student(usn,name,sem,dept,email,mob) VALUES('1PI16ECE4','nbera',5,'ECE','nbera@gmail.com',939384504);
INSERT INTO student_credential(usn,password)VALUES('1PI16ECE4','1PI16ECE4');
INSERT INTO student(usn,name,sem,dept,email,mob) VALUES('1PI16ECE5','zsxtk',5,'ECE','zsxtk@gmail.com',939384505);
INSERT INTO student_credential(usn,password)VALUES('1PI16ECE5','1PI16ECE5');
INSERT INTO student(usn,name,sem,dept,email,mob) VALUES('1PI16ECE6','aqueh',5,'ECE','aqueh@gmail.com',939384506);
INSERT INTO student_credential(usn,password)VALUES('1PI16ECE6','1PI16ECE6');
INSERT INTO student(usn,name,sem,dept,email,mob) VALUES('1PI16ECE7','jfcew',5,'ECE','jfcew@gmail.com',939384507);
INSERT INTO student_credential(usn,password)VALUES('1PI16ECE7','1PI16ECE7');
INSERT INTO student(usn,name,sem,dept,email,mob) VALUES('1PI16ECE8','ctbfj',5,'ECE','ctbfj@gmail.com',939384508);
INSERT INTO student_credential(usn,password)VALUES('1PI16ECE8','1PI16ECE8');
INSERT INTO student(usn,name,sem,dept,email,mob) VALUES('1PI16ECE9','tpqdl',5,'ECE','tpqdl@gmail.com',939384509);
INSERT INTO student_credential(usn,password)VALUES('1PI16ECE9','1PI16ECE9');
INSERT INTO student(usn,name,sem,dept,email,mob) VALUES('1PI16ECE10','jhehj',5,'ECE','jhehj@gmail.com',939384510);
INSERT INTO student_credential(usn,password)VALUES('1PI16ECE10','1PI16ECE10');
INSERT INTO student(usn,name,sem,dept,email,mob) VALUES('1PI16ECE11','obmar',5,'ECE','obmar@gmail.com',939384511);
INSERT INTO student_credential(usn,password)VALUES('1PI16ECE11','1PI16ECE11');
INSERT INTO student(usn,name,sem,dept,email,mob) VALUES('1PI16ECE12','guqws',5,'ECE','guqws@gmail.com',939384512);
INSERT INTO student_credential(usn,password)VALUES('1PI16ECE12','1PI16ECE12');
INSERT INTO student(usn,name,sem,dept,email,mob) VALUES('1PI16ECE13','okldz',5,'ECE','okldz@gmail.com',939384513);
INSERT INTO student_credential(usn,password)VALUES('1PI16ECE13','1PI16ECE13');
INSERT INTO student(usn,name,sem,dept,email,mob) VALUES('1PI16ECE14','scsfa',5,'ECE','scsfa@gmail.com',939384514);
INSERT INTO student_credential(usn,password)VALUES('1PI16ECE14','1PI16ECE14');
INSERT INTO student(usn,name,sem,dept,email,mob) VALUES('1PI16ECE15','cxfzx',5,'ECE','cxfzx@gmail.com',939384515);
INSERT INTO student_credential(usn,password)VALUES('1PI16ECE15','1PI16ECE15');
INSERT INTO student(usn,name,sem,dept,email,mob) VALUES('1PI16ECE16','fjqov',5,'ECE','fjqov@gmail.com',939384516);
INSERT INTO student_credential(usn,password)VALUES('1PI16ECE16','1PI16ECE16');
INSERT INTO student(usn,name,sem,dept,email,mob) VALUES('1PI16ECE17','erscj',5,'ECE','erscj@gmail.com',939384517);
INSERT INTO student_credential(usn,password)VALUES('1PI16ECE17','1PI16ECE17');
INSERT INTO student(usn,name,sem,dept,email,mob) VALUES('1PI16ECE18','zbkmz',5,'ECE','zbkmz@gmail.com',939384518);
INSERT INTO student_credential(usn,password)VALUES('1PI16ECE18','1PI16ECE18');
INSERT INTO student(usn,name,sem,dept,email,mob) VALUES('1PI16ECE19','dndos',5,'ECE','dndos@gmail.com',939384519);
INSERT INTO student_credential(usn,password)VALUES('1PI16ECE19','1PI16ECE19');
INSERT INTO student(usn,name,sem,dept,email,mob) VALUES('1PI16ECE20','iyhty',5,'ECE','iyhty@gmail.com',939384520);
INSERT INTO student_credential(usn,password)VALUES('1PI16ECE20','1PI16ECE20');
INSERT INTO student(usn,name,sem,dept,email,mob) VALUES('1PI16ECE21','avoxh',5,'ECE','avoxh@gmail.com',939384521);
INSERT INTO student_credential(usn,password)VALUES('1PI16ECE21','1PI16ECE21');
INSERT INTO student(usn,name,sem,dept,email,mob) VALUES('1PI16ECE22','tapye',5,'ECE','tapye@gmail.com',939384522);
INSERT INTO student_credential(usn,password)VALUES('1PI16ECE22','1PI16ECE22');
INSERT INTO student(usn,name,sem,dept,email,mob) VALUES('1PI16ECE23','ktuat',5,'ECE','ktuat@gmail.com',939384523);
INSERT INTO student_credential(usn,password)VALUES('1PI16ECE23','1PI16ECE23');
INSERT INTO student(usn,name,sem,dept,email,mob) VALUES('1PI16ECE24','prwsk',5,'ECE','prwsk@gmail.com',939384524);
INSERT INTO student_credential(usn,password)VALUES('1PI16ECE24','1PI16ECE24');
INSERT INTO student(usn,name,sem,dept,email,mob) VALUES('1PI16ECE25','xzczn',5,'ECE','xzczn@gmail.com',939384525);
INSERT INTO student_credential(usn,password)VALUES('1PI16ECE25','1PI16ECE25');
INSERT INTO student(usn,name,sem,dept,email,mob) VALUES('1PI16ECE26','fdiue',5,'ECE','fdiue@gmail.com',939384526);
INSERT INTO student_credential(usn,password)VALUES('1PI16ECE26','1PI16ECE26');
INSERT INTO student(usn,name,sem,dept,email,mob) VALUES('1PI16ECE27','huwym',5,'ECE','huwym@gmail.com',939384527);
INSERT INTO student_credential(usn,password)VALUES('1PI16ECE27','1PI16ECE27');
INSERT INTO student(usn,name,sem,dept,email,mob) VALUES('1PI16ECE28','txdrn',5,'ECE','txdrn@gmail.com',939384528);
INSERT INTO student_credential(usn,password)VALUES('1PI16ECE28','1PI16ECE28');
INSERT INTO student(usn,name,sem,dept,email,mob) VALUES('1PI16ECE29','klsmd',5,'ECE','klsmd@gmail.com',939384529);
INSERT INTO student_credential(usn,password)VALUES('1PI16ECE29','1PI16ECE29');
INSERT INTO student(usn,name,sem,dept,email,mob) VALUES('1PI16ECE30','uskvu',5,'ECE','uskvu@gmail.com',939384530);
INSERT INTO student_credential(usn,password)VALUES('1PI16ECE30','1PI16ECE30');
INSERT INTO student(usn,name,sem,dept,email,mob) VALUES('1PI16ECE31','tkfiu',5,'ECE','tkfiu@gmail.com',939384531);
INSERT INTO student_credential(usn,password)VALUES('1PI16ECE31','1PI16ECE31');
INSERT INTO student(usn,name,sem,dept,email,mob) VALUES('1PI16ECE32','bzybl',5,'ECE','bzybl@gmail.com',939384532);
INSERT INTO student_credential(usn,password)VALUES('1PI16ECE32','1PI16ECE32');
INSERT INTO student(usn,name,sem,dept,email,mob) VALUES('1PI16ECE33','wmpar',5,'ECE','wmpar@gmail.com',939384533);
INSERT INTO student_credential(usn,password)VALUES('1PI16ECE33','1PI16ECE33');
INSERT INTO student(usn,name,sem,dept,email,mob) VALUES('1PI16ECE34','mjdsp',5,'ECE','mjdsp@gmail.com',939384534);
INSERT INTO student_credential(usn,password)VALUES('1PI16ECE34','1PI16ECE34');
INSERT INTO student(usn,name,sem,dept,email,mob) VALUES('1PI16ECE35','xywxe',5,'ECE','xywxe@gmail.com',939384535);
INSERT INTO student_credential(usn,password)VALUES('1PI16ECE35','1PI16ECE35');
INSERT INTO student(usn,name,sem,dept,email,mob) VALUES('1PI16ECE36','rftzl',5,'ECE','rftzl@gmail.com',939384536);
INSERT INTO student_credential(usn,password)VALUES('1PI16ECE36','1PI16ECE36');
INSERT INTO student(usn,name,sem,dept,email,mob) VALUES('1PI16ECE37','korie',5,'ECE','korie@gmail.com',939384537);
INSERT INTO student_credential(usn,password)VALUES('1PI16ECE37','1PI16ECE37');
INSERT INTO student(usn,name,sem,dept,email,mob) VALUES('1PI16ECE38','bsupc',5,'ECE','bsupc@gmail.com',939384538);
INSERT INTO student_credential(usn,password)VALUES('1PI16ECE38','1PI16ECE38');
INSERT INTO student(usn,name,sem,dept,email,mob) VALUES('1PI16ECE39','pxcjw',5,'ECE','pxcjw@gmail.com',939384539);
INSERT INTO student_credential(usn,password)VALUES('1PI16ECE39','1PI16ECE39');
INSERT INTO student(usn,name,sem,dept,email,mob) VALUES('1PI16ECE40','kuvee',5,'ECE','kuvee@gmail.com',939384540);
INSERT INTO student_credential(usn,password)VALUES('1PI16ECE40','1PI16ECE40');
INSERT INTO student(usn,name,sem,dept,email,mob) VALUES('1PI16ECE41','renla',5,'ECE','renla@gmail.com',939384541);
INSERT INTO student_credential(usn,password)VALUES('1PI16ECE41','1PI16ECE41');
INSERT INTO student(usn,name,sem,dept,email,mob) VALUES('1PI16ECE42','itvyc',5,'ECE','itvyc@gmail.com',939384542);
INSERT INTO student_credential(usn,password)VALUES('1PI16ECE42','1PI16ECE42');
INSERT INTO student(usn,name,sem,dept,email,mob) VALUES('1PI16ECE43','icyza',5,'ECE','icyza@gmail.com',939384543);
INSERT INTO student_credential(usn,password)VALUES('1PI16ECE43','1PI16ECE43');
INSERT INTO student(usn,name,sem,dept,email,mob) VALUES('1PI16ECE44','lwuiu',5,'ECE','lwuiu@gmail.com',939384544);
INSERT INTO student_credential(usn,password)VALUES('1PI16ECE44','1PI16ECE44');
INSERT INTO student(usn,name,sem,dept,email,mob) VALUES('1PI16ECE45','zteyc',5,'ECE','zteyc@gmail.com',939384545);
INSERT INTO student_credential(usn,password)VALUES('1PI16ECE45','1PI16ECE45');
INSERT INTO student(usn,name,sem,dept,email,mob) VALUES('1PI16ECE46','tmuif',5,'ECE','tmuif@gmail.com',939384546);
INSERT INTO student_credential(usn,password)VALUES('1PI16ECE46','1PI16ECE46');
INSERT INTO student(usn,name,sem,dept,email,mob) VALUES('1PI16ECE47','efyga',5,'ECE','efyga@gmail.com',939384547);
INSERT INTO student_credential(usn,password)VALUES('1PI16ECE47','1PI16ECE47');
INSERT INTO student(usn,name,sem,dept,email,mob) VALUES('1PI16ECE48','iaioi',5,'ECE','iaioi@gmail.com',939384548);
INSERT INTO student_credential(usn,password)VALUES('1PI16ECE48','1PI16ECE48');
INSERT INTO student(usn,name,sem,dept,email,mob) VALUES('1PI16ECE49','iedby',5,'ECE','iedby@gmail.com',939384549);
INSERT INTO student_credential(usn,password)VALUES('1PI16ECE49','1PI16ECE49');
INSERT INTO student(usn,name,sem,dept,email,mob) VALUES('1PI16ECE50','wrgrt',5,'ECE','wrgrt@gmail.com',939384550);
INSERT INTO student_credential(usn,password)VALUES('1PI16ECE50','1PI16ECE50');
INSERT INTO student(usn,name,sem,dept,email,mob) VALUES('1PI16ECE51','dxvdk',5,'ECE','dxvdk@gmail.com',939384551);
INSERT INTO student_credential(usn,password)VALUES('1PI16ECE51','1PI16ECE51');
INSERT INTO student(usn,name,sem,dept,email,mob) VALUES('1PI16ECE52','ocsae',5,'ECE','ocsae@gmail.com',939384552);
INSERT INTO student_credential(usn,password)VALUES('1PI16ECE52','1PI16ECE52');
INSERT INTO student(usn,name,sem,dept,email,mob) VALUES('1PI16ECE53','hfcil',5,'ECE','hfcil@gmail.com',939384553);
INSERT INTO student_credential(usn,password)VALUES('1PI16ECE53','1PI16ECE53');
INSERT INTO student(usn,name,sem,dept,email,mob) VALUES('1PI16ECE54','qjoev',5,'ECE','qjoev@gmail.com',939384554);
INSERT INTO student_credential(usn,password)VALUES('1PI16ECE54','1PI16ECE54');
INSERT INTO student(usn,name,sem,dept,email,mob) VALUES('1PI16ECE55','ajnjt',5,'ECE','ajnjt@gmail.com',939384555);
INSERT INTO student_credential(usn,password)VALUES('1PI16ECE55','1PI16ECE55');
INSERT INTO student(usn,name,sem,dept,email,mob) VALUES('1PI16ECE56','tknrs',5,'ECE','tknrs@gmail.com',939384556);
INSERT INTO student_credential(usn,password)VALUES('1PI16ECE56','1PI16ECE56');
INSERT INTO student(usn,name,sem,dept,email,mob) VALUES('1PI16ECE57','prtkr',5,'ECE','prtkr@gmail.com',939384557);
INSERT INTO student_credential(usn,password)VALUES('1PI16ECE57','1PI16ECE57');
INSERT INTO student(usn,name,sem,dept,email,mob) VALUES('1PI16ECE58','lkjap',5,'ECE','lkjap@gmail.com',939384558);
INSERT INTO student_credential(usn,password)VALUES('1PI16ECE58','1PI16ECE58');
INSERT INTO student(usn,name,sem,dept,email,mob) VALUES('1PI16ECE59','ymuzr',5,'ECE','ymuzr@gmail.com',939384559);
INSERT INTO student_credential(usn,password)VALUES('1PI16ECE59','1PI16ECE59');
INSERT INTO student(usn,name,sem,dept,email,mob) VALUES('1PI16ECE60','phzlc',5,'ECE','phzlc@gmail.com',939384560);
INSERT INTO student_credential(usn,password)VALUES('1PI16ECE60','1PI16ECE60');
INSERT INTO student(usn,name,sem,dept,email,mob) VALUES('1PI16ECE61','epayt',5,'ECE','epayt@gmail.com',939384561);
INSERT INTO student_credential(usn,password)VALUES('1PI16ECE61','1PI16ECE61');
INSERT INTO student(usn,name,sem,dept,email,mob) VALUES('1PI16ECE62','faveo',5,'ECE','faveo@gmail.com',939384562);
INSERT INTO student_credential(usn,password)VALUES('1PI16ECE62','1PI16ECE62');
INSERT INTO student(usn,name,sem,dept,email,mob) VALUES('1PI16ECE63','pszrn',5,'ECE','pszrn@gmail.com',939384563);
INSERT INTO student_credential(usn,password)VALUES('1PI16ECE63','1PI16ECE63');
INSERT INTO student(usn,name,sem,dept,email,mob) VALUES('1PI16ECE64','kvneh',5,'ECE','kvneh@gmail.com',939384564);
INSERT INTO student_credential(usn,password)VALUES('1PI16ECE64','1PI16ECE64');
INSERT INTO student(usn,name,sem,dept,email,mob) VALUES('1PI16ECE65','rjstz',5,'ECE','rjstz@gmail.com',939384565);
INSERT INTO student_credential(usn,password)VALUES('1PI16ECE65','1PI16ECE65');
INSERT INTO student(usn,name,sem,dept,email,mob) VALUES('1PI16ECE66','flvya',5,'ECE','flvya@gmail.com',939384566);
INSERT INTO student_credential(usn,password)VALUES('1PI16ECE66','1PI16ECE66');
INSERT INTO student(usn,name,sem,dept,email,mob) VALUES('1PI16ECE67','horkt',5,'ECE','horkt@gmail.com',939384567);
INSERT INTO student_credential(usn,password)VALUES('1PI16ECE67','1PI16ECE67');
INSERT INTO student(usn,name,sem,dept,email,mob) VALUES('1PI16ECE68','kmgyc',5,'ECE','kmgyc@gmail.com',939384568);
INSERT INTO student_credential(usn,password)VALUES('1PI16ECE68','1PI16ECE68');
INSERT INTO student(usn,name,sem,dept,email,mob) VALUES('1PI16ECE69','ouier',5,'ECE','ouier@gmail.com',939384569);
INSERT INTO student_credential(usn,password)VALUES('1PI16ECE69','1PI16ECE69');
INSERT INTO student(usn,name,sem,dept,email,mob) VALUES('1PI16ECE70','tlpbj',5,'ECE','tlpbj@gmail.com',939384570);
INSERT INTO student_credential(usn,password)VALUES('1PI16ECE70','1PI16ECE70');
INSERT INTO student(usn,name,sem,dept,email,mob) VALUES('1PI16ECE71','csxql',5,'ECE','csxql@gmail.com',939384571);
INSERT INTO student_credential(usn,password)VALUES('1PI16ECE71','1PI16ECE71');
INSERT INTO student(usn,name,sem,dept,email,mob) VALUES('1PI16ECE72','gyglm',5,'ECE','gyglm@gmail.com',939384572);
INSERT INTO student_credential(usn,password)VALUES('1PI16ECE72','1PI16ECE72');
INSERT INTO student(usn,name,sem,dept,email,mob) VALUES('1PI16ECE73','vlyqx',5,'ECE','vlyqx@gmail.com',939384573);
INSERT INTO student_credential(usn,password)VALUES('1PI16ECE73','1PI16ECE73');
INSERT INTO student(usn,name,sem,dept,email,mob) VALUES('1PI16ECE74','ixipv',5,'ECE','ixipv@gmail.com',939384574);
INSERT INTO student_credential(usn,password)VALUES('1PI16ECE74','1PI16ECE74');
INSERT INTO student(usn,name,sem,dept,email,mob) VALUES('1PI16ECE75','woqln',5,'ECE','woqln@gmail.com',939384575);
INSERT INTO student_credential(usn,password)VALUES('1PI16ECE75','1PI16ECE75');
INSERT INTO student(usn,name,sem,dept,email,mob) VALUES('1PI16ECE76','kaeqm',5,'ECE','kaeqm@gmail.com',939384576);
INSERT INTO student_credential(usn,password)VALUES('1PI16ECE76','1PI16ECE76');
INSERT INTO student(usn,name,sem,dept,email,mob) VALUES('1PI16ECE77','arvxu',5,'ECE','arvxu@gmail.com',939384577);
INSERT INTO student_credential(usn,password)VALUES('1PI16ECE77','1PI16ECE77');
INSERT INTO student(usn,name,sem,dept,email,mob) VALUES('1PI16ECE78','mkrnj',5,'ECE','mkrnj@gmail.com',939384578);
INSERT INTO student_credential(usn,password)VALUES('1PI16ECE78','1PI16ECE78');
INSERT INTO student(usn,name,sem,dept,email,mob) VALUES('1PI16ECE79','cokvf',5,'ECE','cokvf@gmail.com',939384579);
INSERT INTO student_credential(usn,password)VALUES('1PI16ECE79','1PI16ECE79');
INSERT INTO student(usn,name,sem,dept,email,mob) VALUES('1PI16ECE80','ktqjd',5,'ECE','ktqjd@gmail.com',939384580);
INSERT INTO student_credential(usn,password)VALUES('1PI16ECE80','1PI16ECE80');
INSERT INTO student(usn,name,sem,dept,email,mob) VALUES('1PI16ECE81','cugbi',5,'ECE','cugbi@gmail.com',939384581);
INSERT INTO student_credential(usn,password)VALUES('1PI16ECE81','1PI16ECE81');
INSERT INTO student(usn,name,sem,dept,email,mob) VALUES('1PI16ECE82','dvbxr',5,'ECE','dvbxr@gmail.com',939384582);
INSERT INTO student_credential(usn,password)VALUES('1PI16ECE82','1PI16ECE82');
INSERT INTO student(usn,name,sem,dept,email,mob) VALUES('1PI16ECE83','nsaqw',5,'ECE','nsaqw@gmail.com',939384583);
INSERT INTO student_credential(usn,password)VALUES('1PI16ECE83','1PI16ECE83');
INSERT INTO student(usn,name,sem,dept,email,mob) VALUES('1PI16ECE84','xtbft',5,'ECE','xtbft@gmail.com',939384584);
INSERT INTO student_credential(usn,password)VALUES('1PI16ECE84','1PI16ECE84');
INSERT INTO student(usn,name,sem,dept,email,mob) VALUES('1PI16ECE85','qsnpa',5,'ECE','qsnpa@gmail.com',939384585);
INSERT INTO student_credential(usn,password)VALUES('1PI16ECE85','1PI16ECE85');
INSERT INTO student(usn,name,sem,dept,email,mob) VALUES('1PI16ECE86','vytod',5,'ECE','vytod@gmail.com',939384586);
INSERT INTO student_credential(usn,password)VALUES('1PI16ECE86','1PI16ECE86');
INSERT INTO student(usn,name,sem,dept,email,mob) VALUES('1PI16ECE87','pjdpv',5,'ECE','pjdpv@gmail.com',939384587);
INSERT INTO student_credential(usn,password)VALUES('1PI16ECE87','1PI16ECE87');
INSERT INTO student(usn,name,sem,dept,email,mob) VALUES('1PI16ECE88','yqxks',5,'ECE','yqxks@gmail.com',939384588);
INSERT INTO student_credential(usn,password)VALUES('1PI16ECE88','1PI16ECE88');
INSERT INTO student(usn,name,sem,dept,email,mob) VALUES('1PI16ECE89','uvzwz',5,'ECE','uvzwz@gmail.com',939384589);
INSERT INTO student_credential(usn,password)VALUES('1PI16ECE89','1PI16ECE89');
INSERT INTO student(usn,name,sem,dept,email,mob) VALUES('1PI16ECE90','tjrwo',5,'ECE','tjrwo@gmail.com',939384590);
INSERT INTO student_credential(usn,password)VALUES('1PI16ECE90','1PI16ECE90');
INSERT INTO student(usn,name,sem,dept,email,mob) VALUES('1PI16ECE91','vttln',5,'ECE','vttln@gmail.com',939384591);
INSERT INTO student_credential(usn,password)VALUES('1PI16ECE91','1PI16ECE91');
INSERT INTO student(usn,name,sem,dept,email,mob) VALUES('1PI16ECE92','kznqd',5,'ECE','kznqd@gmail.com',939384592);
INSERT INTO student_credential(usn,password)VALUES('1PI16ECE92','1PI16ECE92');
INSERT INTO student(usn,name,sem,dept,email,mob) VALUES('1PI16ECE93','qiaua',5,'ECE','qiaua@gmail.com',939384593);
INSERT INTO student_credential(usn,password)VALUES('1PI16ECE93','1PI16ECE93');
INSERT INTO student(usn,name,sem,dept,email,mob) VALUES('1PI16ECE94','pwkcz',5,'ECE','pwkcz@gmail.com',939384594);
INSERT INTO student_credential(usn,password)VALUES('1PI16ECE94','1PI16ECE94');
INSERT INTO student(usn,name,sem,dept,email,mob) VALUES('1PI16ECE95','xrxop',5,'ECE','xrxop@gmail.com',939384595);
INSERT INTO student_credential(usn,password)VALUES('1PI16ECE95','1PI16ECE95');
INSERT INTO student(usn,name,sem,dept,email,mob) VALUES('1PI16ECE96','eneux',5,'ECE','eneux@gmail.com',939384596);
INSERT INTO student_credential(usn,password)VALUES('1PI16ECE96','1PI16ECE96');
INSERT INTO student(usn,name,sem,dept,email,mob) VALUES('1PI16ECE97','flgbd',5,'ECE','flgbd@gmail.com',939384597);
INSERT INTO student_credential(usn,password)VALUES('1PI16ECE97','1PI16ECE97');
INSERT INTO student(usn,name,sem,dept,email,mob) VALUES('1PI16ECE98','wjmhj',5,'ECE','wjmhj@gmail.com',939384598);
INSERT INTO student_credential(usn,password)VALUES('1PI16ECE98','1PI16ECE98');
INSERT INTO student(usn,name,sem,dept,email,mob) VALUES('1PI16ECE99','guzpe',5,'ECE','guzpe@gmail.com',939384599);
INSERT INTO student_credential(usn,password)VALUES('1PI16ECE99','1PI16ECE99');
INSERT INTO student(usn,name,sem,dept,email,mob) VALUES('1PI18ECE0','uddfe',3,'ECE','uddfe@gmail.com',939384300);
INSERT INTO student_credential(usn,password)VALUES('1PI18ECE0','1PI18ECE0');
INSERT INTO student(usn,name,sem,dept,email,mob) VALUES('1PI18ECE1','imozy',3,'ECE','imozy@gmail.com',939384301);
INSERT INTO student_credential(usn,password)VALUES('1PI18ECE1','1PI18ECE1');
INSERT INTO student(usn,name,sem,dept,email,mob) VALUES('1PI18ECE2','frqmf',3,'ECE','frqmf@gmail.com',939384302);
INSERT INTO student_credential(usn,password)VALUES('1PI18ECE2','1PI18ECE2');
INSERT INTO student(usn,name,sem,dept,email,mob) VALUES('1PI18ECE3','oziss',3,'ECE','oziss@gmail.com',939384303);
INSERT INTO student_credential(usn,password)VALUES('1PI18ECE3','1PI18ECE3');
INSERT INTO student(usn,name,sem,dept,email,mob) VALUES('1PI18ECE4','ccrif',3,'ECE','ccrif@gmail.com',939384304);
INSERT INTO student_credential(usn,password)VALUES('1PI18ECE4','1PI18ECE4');
INSERT INTO student(usn,name,sem,dept,email,mob) VALUES('1PI18ECE5','wqbhx',3,'ECE','wqbhx@gmail.com',939384305);
INSERT INTO student_credential(usn,password)VALUES('1PI18ECE5','1PI18ECE5');
INSERT INTO student(usn,name,sem,dept,email,mob) VALUES('1PI18ECE6','yehkt',3,'ECE','yehkt@gmail.com',939384306);
INSERT INTO student_credential(usn,password)VALUES('1PI18ECE6','1PI18ECE6');
INSERT INTO student(usn,name,sem,dept,email,mob) VALUES('1PI18ECE7','usdgz',3,'ECE','usdgz@gmail.com',939384307);
INSERT INTO student_credential(usn,password)VALUES('1PI18ECE7','1PI18ECE7');
INSERT INTO student(usn,name,sem,dept,email,mob) VALUES('1PI18ECE8','xlaey',3,'ECE','xlaey@gmail.com',939384308);
INSERT INTO student_credential(usn,password)VALUES('1PI18ECE8','1PI18ECE8');
INSERT INTO student(usn,name,sem,dept,email,mob) VALUES('1PI18ECE9','kexqg',3,'ECE','kexqg@gmail.com',939384309);
INSERT INTO student_credential(usn,password)VALUES('1PI18ECE9','1PI18ECE9');
INSERT INTO student(usn,name,sem,dept,email,mob) VALUES('1PI18ECE10','qoevj',3,'ECE','qoevj@gmail.com',939384310);
INSERT INTO student_credential(usn,password)VALUES('1PI18ECE10','1PI18ECE10');
INSERT INTO student(usn,name,sem,dept,email,mob) VALUES('1PI18ECE11','tfram',3,'ECE','tfram@gmail.com',939384311);
INSERT INTO student_credential(usn,password)VALUES('1PI18ECE11','1PI18ECE11');
INSERT INTO student(usn,name,sem,dept,email,mob) VALUES('1PI18ECE12','uqgbd',3,'ECE','uqgbd@gmail.com',939384312);
INSERT INTO student_credential(usn,password)VALUES('1PI18ECE12','1PI18ECE12');
INSERT INTO student(usn,name,sem,dept,email,mob) VALUES('1PI18ECE13','nrsmb',3,'ECE','nrsmb@gmail.com',939384313);
INSERT INTO student_credential(usn,password)VALUES('1PI18ECE13','1PI18ECE13');
INSERT INTO student(usn,name,sem,dept,email,mob) VALUES('1PI18ECE14','xrvbt',3,'ECE','xrvbt@gmail.com',939384314);
INSERT INTO student_credential(usn,password)VALUES('1PI18ECE14','1PI18ECE14');
INSERT INTO student(usn,name,sem,dept,email,mob) VALUES('1PI18ECE15','fglow',3,'ECE','fglow@gmail.com',939384315);
INSERT INTO student_credential(usn,password)VALUES('1PI18ECE15','1PI18ECE15');
INSERT INTO student(usn,name,sem,dept,email,mob) VALUES('1PI18ECE16','ffctu',3,'ECE','ffctu@gmail.com',939384316);
INSERT INTO student_credential(usn,password)VALUES('1PI18ECE16','1PI18ECE16');
INSERT INTO student(usn,name,sem,dept,email,mob) VALUES('1PI18ECE17','jtzqw',3,'ECE','jtzqw@gmail.com',939384317);
INSERT INTO student_credential(usn,password)VALUES('1PI18ECE17','1PI18ECE17');
INSERT INTO student(usn,name,sem,dept,email,mob) VALUES('1PI18ECE18','zggtl',3,'ECE','zggtl@gmail.com',939384318);
INSERT INTO student_credential(usn,password)VALUES('1PI18ECE18','1PI18ECE18');
INSERT INTO student(usn,name,sem,dept,email,mob) VALUES('1PI18ECE19','bhrop',3,'ECE','bhrop@gmail.com',939384319);
INSERT INTO student_credential(usn,password)VALUES('1PI18ECE19','1PI18ECE19');
INSERT INTO student(usn,name,sem,dept,email,mob) VALUES('1PI18ECE20','kwkbb',3,'ECE','kwkbb@gmail.com',939384320);
INSERT INTO student_credential(usn,password)VALUES('1PI18ECE20','1PI18ECE20');
INSERT INTO student(usn,name,sem,dept,email,mob) VALUES('1PI18ECE21','wvnak',3,'ECE','wvnak@gmail.com',939384321);
INSERT INTO student_credential(usn,password)VALUES('1PI18ECE21','1PI18ECE21');
INSERT INTO student(usn,name,sem,dept,email,mob) VALUES('1PI18ECE22','wvvdy',3,'ECE','wvvdy@gmail.com',939384322);
INSERT INTO student_credential(usn,password)VALUES('1PI18ECE22','1PI18ECE22');
INSERT INTO student(usn,name,sem,dept,email,mob) VALUES('1PI18ECE23','cxczo',3,'ECE','cxczo@gmail.com',939384323);
INSERT INTO student_credential(usn,password)VALUES('1PI18ECE23','1PI18ECE23');
INSERT INTO student(usn,name,sem,dept,email,mob) VALUES('1PI18ECE24','zqiwo',3,'ECE','zqiwo@gmail.com',939384324);
INSERT INTO student_credential(usn,password)VALUES('1PI18ECE24','1PI18ECE24');
INSERT INTO student(usn,name,sem,dept,email,mob) VALUES('1PI18ECE25','rvpwk',3,'ECE','rvpwk@gmail.com',939384325);
INSERT INTO student_credential(usn,password)VALUES('1PI18ECE25','1PI18ECE25');
INSERT INTO student(usn,name,sem,dept,email,mob) VALUES('1PI18ECE26','oqmqh',3,'ECE','oqmqh@gmail.com',939384326);
INSERT INTO student_credential(usn,password)VALUES('1PI18ECE26','1PI18ECE26');
INSERT INTO student(usn,name,sem,dept,email,mob) VALUES('1PI18ECE27','calyz',3,'ECE','calyz@gmail.com',939384327);
INSERT INTO student_credential(usn,password)VALUES('1PI18ECE27','1PI18ECE27');
INSERT INTO student(usn,name,sem,dept,email,mob) VALUES('1PI18ECE28','vqnkc',3,'ECE','vqnkc@gmail.com',939384328);
INSERT INTO student_credential(usn,password)VALUES('1PI18ECE28','1PI18ECE28');
INSERT INTO student(usn,name,sem,dept,email,mob) VALUES('1PI18ECE29','xekjq',3,'ECE','xekjq@gmail.com',939384329);
INSERT INTO student_credential(usn,password)VALUES('1PI18ECE29','1PI18ECE29');
INSERT INTO student(usn,name,sem,dept,email,mob) VALUES('1PI18ECE30','zvues',3,'ECE','zvues@gmail.com',939384330);
INSERT INTO student_credential(usn,password)VALUES('1PI18ECE30','1PI18ECE30');
INSERT INTO student(usn,name,sem,dept,email,mob) VALUES('1PI18ECE31','wqknz',3,'ECE','wqknz@gmail.com',939384331);
INSERT INTO student_credential(usn,password)VALUES('1PI18ECE31','1PI18ECE31');
INSERT INTO student(usn,name,sem,dept,email,mob) VALUES('1PI18ECE32','pyvys',3,'ECE','pyvys@gmail.com',939384332);
INSERT INTO student_credential(usn,password)VALUES('1PI18ECE32','1PI18ECE32');
INSERT INTO student(usn,name,sem,dept,email,mob) VALUES('1PI18ECE33','dkhso',3,'ECE','dkhso@gmail.com',939384333);
INSERT INTO student_credential(usn,password)VALUES('1PI18ECE33','1PI18ECE33');
INSERT INTO student(usn,name,sem,dept,email,mob) VALUES('1PI18ECE34','icmhc',3,'ECE','icmhc@gmail.com',939384334);
INSERT INTO student_credential(usn,password)VALUES('1PI18ECE34','1PI18ECE34');
INSERT INTO student(usn,name,sem,dept,email,mob) VALUES('1PI18ECE35','zohef',3,'ECE','zohef@gmail.com',939384335);
INSERT INTO student_credential(usn,password)VALUES('1PI18ECE35','1PI18ECE35');
INSERT INTO student(usn,name,sem,dept,email,mob) VALUES('1PI18ECE36','naslx',3,'ECE','naslx@gmail.com',939384336);
INSERT INTO student_credential(usn,password)VALUES('1PI18ECE36','1PI18ECE36');
INSERT INTO student(usn,name,sem,dept,email,mob) VALUES('1PI18ECE37','wxllx',3,'ECE','wxllx@gmail.com',939384337);
INSERT INTO student_credential(usn,password)VALUES('1PI18ECE37','1PI18ECE37');
INSERT INTO student(usn,name,sem,dept,email,mob) VALUES('1PI18ECE38','lewtz',3,'ECE','lewtz@gmail.com',939384338);
INSERT INTO student_credential(usn,password)VALUES('1PI18ECE38','1PI18ECE38');
INSERT INTO student(usn,name,sem,dept,email,mob) VALUES('1PI18ECE39','uwbsu',3,'ECE','uwbsu@gmail.com',939384339);
INSERT INTO student_credential(usn,password)VALUES('1PI18ECE39','1PI18ECE39');
INSERT INTO student(usn,name,sem,dept,email,mob) VALUES('1PI18ECE40','vsene',3,'ECE','vsene@gmail.com',939384340);
INSERT INTO student_credential(usn,password)VALUES('1PI18ECE40','1PI18ECE40');
INSERT INTO student(usn,name,sem,dept,email,mob) VALUES('1PI18ECE41','iqwhn',3,'ECE','iqwhn@gmail.com',939384341);
INSERT INTO student_credential(usn,password)VALUES('1PI18ECE41','1PI18ECE41');
INSERT INTO student(usn,name,sem,dept,email,mob) VALUES('1PI18ECE42','ezojk',3,'ECE','ezojk@gmail.com',939384342);
INSERT INTO student_credential(usn,password)VALUES('1PI18ECE42','1PI18ECE42');
INSERT INTO student(usn,name,sem,dept,email,mob) VALUES('1PI18ECE43','xhory',3,'ECE','xhory@gmail.com',939384343);
INSERT INTO student_credential(usn,password)VALUES('1PI18ECE43','1PI18ECE43');
INSERT INTO student(usn,name,sem,dept,email,mob) VALUES('1PI18ECE44','esugd',3,'ECE','esugd@gmail.com',939384344);
INSERT INTO student_credential(usn,password)VALUES('1PI18ECE44','1PI18ECE44');
INSERT INTO student(usn,name,sem,dept,email,mob) VALUES('1PI18ECE45','htjck',3,'ECE','htjck@gmail.com',939384345);
INSERT INTO student_credential(usn,password)VALUES('1PI18ECE45','1PI18ECE45');
INSERT INTO student(usn,name,sem,dept,email,mob) VALUES('1PI18ECE46','qjdfg',3,'ECE','qjdfg@gmail.com',939384346);
INSERT INTO student_credential(usn,password)VALUES('1PI18ECE46','1PI18ECE46');
INSERT INTO student(usn,name,sem,dept,email,mob) VALUES('1PI18ECE47','nrdoi',3,'ECE','nrdoi@gmail.com',939384347);
INSERT INTO student_credential(usn,password)VALUES('1PI18ECE47','1PI18ECE47');
INSERT INTO student(usn,name,sem,dept,email,mob) VALUES('1PI18ECE48','zpyfm',3,'ECE','zpyfm@gmail.com',939384348);
INSERT INTO student_credential(usn,password)VALUES('1PI18ECE48','1PI18ECE48');
INSERT INTO student(usn,name,sem,dept,email,mob) VALUES('1PI18ECE49','dlqlw',3,'ECE','dlqlw@gmail.com',939384349);
INSERT INTO student_credential(usn,password)VALUES('1PI18ECE49','1PI18ECE49');
INSERT INTO student(usn,name,sem,dept,email,mob) VALUES('1PI18ECE50','qiodc',3,'ECE','qiodc@gmail.com',939384350);
INSERT INTO student_credential(usn,password)VALUES('1PI18ECE50','1PI18ECE50');
INSERT INTO student(usn,name,sem,dept,email,mob) VALUES('1PI18ECE51','wfygk',3,'ECE','wfygk@gmail.com',939384351);
INSERT INTO student_credential(usn,password)VALUES('1PI18ECE51','1PI18ECE51');
INSERT INTO student(usn,name,sem,dept,email,mob) VALUES('1PI18ECE52','ivbuj',3,'ECE','ivbuj@gmail.com',939384352);
INSERT INTO student_credential(usn,password)VALUES('1PI18ECE52','1PI18ECE52');
INSERT INTO student(usn,name,sem,dept,email,mob) VALUES('1PI18ECE53','finzy',3,'ECE','finzy@gmail.com',939384353);
INSERT INTO student_credential(usn,password)VALUES('1PI18ECE53','1PI18ECE53');
INSERT INTO student(usn,name,sem,dept,email,mob) VALUES('1PI18ECE54','hcejc',3,'ECE','hcejc@gmail.com',939384354);
INSERT INTO student_credential(usn,password)VALUES('1PI18ECE54','1PI18ECE54');
INSERT INTO student(usn,name,sem,dept,email,mob) VALUES('1PI18ECE55','jojon',3,'ECE','jojon@gmail.com',939384355);
INSERT INTO student_credential(usn,password)VALUES('1PI18ECE55','1PI18ECE55');
INSERT INTO student(usn,name,sem,dept,email,mob) VALUES('1PI18ECE56','hgust',3,'ECE','hgust@gmail.com',939384356);
INSERT INTO student_credential(usn,password)VALUES('1PI18ECE56','1PI18ECE56');
INSERT INTO student(usn,name,sem,dept,email,mob) VALUES('1PI18ECE57','qjfne',3,'ECE','qjfne@gmail.com',939384357);
INSERT INTO student_credential(usn,password)VALUES('1PI18ECE57','1PI18ECE57');
INSERT INTO student(usn,name,sem,dept,email,mob) VALUES('1PI18ECE58','coloc',3,'ECE','coloc@gmail.com',939384358);
INSERT INTO student_credential(usn,password)VALUES('1PI18ECE58','1PI18ECE58');
INSERT INTO student(usn,name,sem,dept,email,mob) VALUES('1PI18ECE59','mfhpz',3,'ECE','mfhpz@gmail.com',939384359);
INSERT INTO student_credential(usn,password)VALUES('1PI18ECE59','1PI18ECE59');
INSERT INTO student(usn,name,sem,dept,email,mob) VALUES('1PI18ECE60','xtgfp',3,'ECE','xtgfp@gmail.com',939384360);
INSERT INTO student_credential(usn,password)VALUES('1PI18ECE60','1PI18ECE60');
INSERT INTO student(usn,name,sem,dept,email,mob) VALUES('1PI18ECE61','muscr',3,'ECE','muscr@gmail.com',939384361);
INSERT INTO student_credential(usn,password)VALUES('1PI18ECE61','1PI18ECE61');
INSERT INTO student(usn,name,sem,dept,email,mob) VALUES('1PI18ECE62','ldure',3,'ECE','ldure@gmail.com',939384362);
INSERT INTO student_credential(usn,password)VALUES('1PI18ECE62','1PI18ECE62');
INSERT INTO student(usn,name,sem,dept,email,mob) VALUES('1PI18ECE63','nnlqk',3,'ECE','nnlqk@gmail.com',939384363);
INSERT INTO student_credential(usn,password)VALUES('1PI18ECE63','1PI18ECE63');
INSERT INTO student(usn,name,sem,dept,email,mob) VALUES('1PI18ECE64','whhyi',3,'ECE','whhyi@gmail.com',939384364);
INSERT INTO student_credential(usn,password)VALUES('1PI18ECE64','1PI18ECE64');
INSERT INTO student(usn,name,sem,dept,email,mob) VALUES('1PI18ECE65','pqzev',3,'ECE','pqzev@gmail.com',939384365);
INSERT INTO student_credential(usn,password)VALUES('1PI18ECE65','1PI18ECE65');
INSERT INTO student(usn,name,sem,dept,email,mob) VALUES('1PI18ECE66','byktb',3,'ECE','byktb@gmail.com',939384366);
INSERT INTO student_credential(usn,password)VALUES('1PI18ECE66','1PI18ECE66');
INSERT INTO student(usn,name,sem,dept,email,mob) VALUES('1PI18ECE67','vtpwv',3,'ECE','vtpwv@gmail.com',939384367);
INSERT INTO student_credential(usn,password)VALUES('1PI18ECE67','1PI18ECE67');
INSERT INTO student(usn,name,sem,dept,email,mob) VALUES('1PI18ECE68','ttgec',3,'ECE','ttgec@gmail.com',939384368);
INSERT INTO student_credential(usn,password)VALUES('1PI18ECE68','1PI18ECE68');
INSERT INTO student(usn,name,sem,dept,email,mob) VALUES('1PI18ECE69','ajylq',3,'ECE','ajylq@gmail.com',939384369);
INSERT INTO student_credential(usn,password)VALUES('1PI18ECE69','1PI18ECE69');
INSERT INTO student(usn,name,sem,dept,email,mob) VALUES('1PI18ECE70','vuizf',3,'ECE','vuizf@gmail.com',939384370);
INSERT INTO student_credential(usn,password)VALUES('1PI18ECE70','1PI18ECE70');
INSERT INTO student(usn,name,sem,dept,email,mob) VALUES('1PI18ECE71','soayx',3,'ECE','soayx@gmail.com',939384371);
INSERT INTO student_credential(usn,password)VALUES('1PI18ECE71','1PI18ECE71');
INSERT INTO student(usn,name,sem,dept,email,mob) VALUES('1PI18ECE72','ziljz',3,'ECE','ziljz@gmail.com',939384372);
INSERT INTO student_credential(usn,password)VALUES('1PI18ECE72','1PI18ECE72');
INSERT INTO student(usn,name,sem,dept,email,mob) VALUES('1PI18ECE73','egblc',3,'ECE','egblc@gmail.com',939384373);
INSERT INTO student_credential(usn,password)VALUES('1PI18ECE73','1PI18ECE73');
INSERT INTO student(usn,name,sem,dept,email,mob) VALUES('1PI18ECE74','atmve',3,'ECE','atmve@gmail.com',939384374);
INSERT INTO student_credential(usn,password)VALUES('1PI18ECE74','1PI18ECE74');
INSERT INTO student(usn,name,sem,dept,email,mob) VALUES('1PI18ECE75','fqrzx',3,'ECE','fqrzx@gmail.com',939384375);
INSERT INTO student_credential(usn,password)VALUES('1PI18ECE75','1PI18ECE75');
INSERT INTO student(usn,name,sem,dept,email,mob) VALUES('1PI18ECE76','wktnd',3,'ECE','wktnd@gmail.com',939384376);
INSERT INTO student_credential(usn,password)VALUES('1PI18ECE76','1PI18ECE76');
INSERT INTO student(usn,name,sem,dept,email,mob) VALUES('1PI18ECE77','pbbzd',3,'ECE','pbbzd@gmail.com',939384377);
INSERT INTO student_credential(usn,password)VALUES('1PI18ECE77','1PI18ECE77');
INSERT INTO student(usn,name,sem,dept,email,mob) VALUES('1PI18ECE78','rwlph',3,'ECE','rwlph@gmail.com',939384378);
INSERT INTO student_credential(usn,password)VALUES('1PI18ECE78','1PI18ECE78');
INSERT INTO student(usn,name,sem,dept,email,mob) VALUES('1PI18ECE79','lgdyw',3,'ECE','lgdyw@gmail.com',939384379);
INSERT INTO student_credential(usn,password)VALUES('1PI18ECE79','1PI18ECE79');
INSERT INTO student(usn,name,sem,dept,email,mob) VALUES('1PI18ECE80','dofnz',3,'ECE','dofnz@gmail.com',939384380);
INSERT INTO student_credential(usn,password)VALUES('1PI18ECE80','1PI18ECE80');
INSERT INTO student(usn,name,sem,dept,email,mob) VALUES('1PI18ECE81','xqlxv',3,'ECE','xqlxv@gmail.com',939384381);
INSERT INTO student_credential(usn,password)VALUES('1PI18ECE81','1PI18ECE81');
INSERT INTO student(usn,name,sem,dept,email,mob) VALUES('1PI18ECE82','khdjy',3,'ECE','khdjy@gmail.com',939384382);
INSERT INTO student_credential(usn,password)VALUES('1PI18ECE82','1PI18ECE82');
INSERT INTO student(usn,name,sem,dept,email,mob) VALUES('1PI18ECE83','alhvv',3,'ECE','alhvv@gmail.com',939384383);
INSERT INTO student_credential(usn,password)VALUES('1PI18ECE83','1PI18ECE83');
INSERT INTO student(usn,name,sem,dept,email,mob) VALUES('1PI18ECE84','paang',3,'ECE','paang@gmail.com',939384384);
INSERT INTO student_credential(usn,password)VALUES('1PI18ECE84','1PI18ECE84');
INSERT INTO student(usn,name,sem,dept,email,mob) VALUES('1PI18ECE85','odnlx',3,'ECE','odnlx@gmail.com',939384385);
INSERT INTO student_credential(usn,password)VALUES('1PI18ECE85','1PI18ECE85');
INSERT INTO student(usn,name,sem,dept,email,mob) VALUES('1PI18ECE86','hlsxs',3,'ECE','hlsxs@gmail.com',939384386);
INSERT INTO student_credential(usn,password)VALUES('1PI18ECE86','1PI18ECE86');
INSERT INTO student(usn,name,sem,dept,email,mob) VALUES('1PI18ECE87','hhtif',3,'ECE','hhtif@gmail.com',939384387);
INSERT INTO student_credential(usn,password)VALUES('1PI18ECE87','1PI18ECE87');
INSERT INTO student(usn,name,sem,dept,email,mob) VALUES('1PI18ECE88','xicko',3,'ECE','xicko@gmail.com',939384388);
INSERT INTO student_credential(usn,password)VALUES('1PI18ECE88','1PI18ECE88');
INSERT INTO student(usn,name,sem,dept,email,mob) VALUES('1PI18ECE89','bixbb',3,'ECE','bixbb@gmail.com',939384389);
INSERT INTO student_credential(usn,password)VALUES('1PI18ECE89','1PI18ECE89');
INSERT INTO student(usn,name,sem,dept,email,mob) VALUES('1PI18ECE90','duzvn',3,'ECE','duzvn@gmail.com',939384390);
INSERT INTO student_credential(usn,password)VALUES('1PI18ECE90','1PI18ECE90');
INSERT INTO student(usn,name,sem,dept,email,mob) VALUES('1PI18ECE91','gqiag',3,'ECE','gqiag@gmail.com',939384391);
INSERT INTO student_credential(usn,password)VALUES('1PI18ECE91','1PI18ECE91');
INSERT INTO student(usn,name,sem,dept,email,mob) VALUES('1PI18ECE92','gcxfg',3,'ECE','gcxfg@gmail.com',939384392);
INSERT INTO student_credential(usn,password)VALUES('1PI18ECE92','1PI18ECE92');
INSERT INTO student(usn,name,sem,dept,email,mob) VALUES('1PI18ECE93','rjmar',3,'ECE','rjmar@gmail.com',939384393);
INSERT INTO student_credential(usn,password)VALUES('1PI18ECE93','1PI18ECE93');
INSERT INTO student(usn,name,sem,dept,email,mob) VALUES('1PI18ECE94','wupay',3,'ECE','wupay@gmail.com',939384394);
INSERT INTO student_credential(usn,password)VALUES('1PI18ECE94','1PI18ECE94');
INSERT INTO student(usn,name,sem,dept,email,mob) VALUES('1PI18ECE95','bnqgu',3,'ECE','bnqgu@gmail.com',939384395);
INSERT INTO student_credential(usn,password)VALUES('1PI18ECE95','1PI18ECE95');
INSERT INTO student(usn,name,sem,dept,email,mob) VALUES('1PI18ECE96','dbewk',3,'ECE','dbewk@gmail.com',939384396);
INSERT INTO student_credential(usn,password)VALUES('1PI18ECE96','1PI18ECE96');
INSERT INTO student(usn,name,sem,dept,email,mob) VALUES('1PI18ECE97','gwgto',3,'ECE','gwgto@gmail.com',939384397);
INSERT INTO student_credential(usn,password)VALUES('1PI18ECE97','1PI18ECE97');
INSERT INTO student(usn,name,sem,dept,email,mob) VALUES('1PI18ECE98','cblxj',3,'ECE','cblxj@gmail.com',939384398);
INSERT INTO student_credential(usn,password)VALUES('1PI18ECE98','1PI18ECE98');
INSERT INTO student(usn,name,sem,dept,email,mob) VALUES('1PI18ECE99','eccgq',3,'ECE','eccgq@gmail.com',939384399);
INSERT INTO student_credential(usn,password)VALUES('1PI18ECE99','1PI18ECE99');
INSERT INTO student(usn,name,sem,dept,email,mob) VALUES('1PI20ECE0','hbczi',1,'ECE','hbczi@gmail.com',939384100);
INSERT INTO student_credential(usn,password)VALUES('1PI20ECE0','1PI20ECE0');
INSERT INTO student(usn,name,sem,dept,email,mob) VALUES('1PI20ECE1','bhquf',1,'ECE','bhquf@gmail.com',939384101);
INSERT INTO student_credential(usn,password)VALUES('1PI20ECE1','1PI20ECE1');
INSERT INTO student(usn,name,sem,dept,email,mob) VALUES('1PI20ECE2','qqxvl',1,'ECE','qqxvl@gmail.com',939384102);
INSERT INTO student_credential(usn,password)VALUES('1PI20ECE2','1PI20ECE2');
INSERT INTO student(usn,name,sem,dept,email,mob) VALUES('1PI20ECE3','lvmtz',1,'ECE','lvmtz@gmail.com',939384103);
INSERT INTO student_credential(usn,password)VALUES('1PI20ECE3','1PI20ECE3');
INSERT INTO student(usn,name,sem,dept,email,mob) VALUES('1PI20ECE4','hfmbe',1,'ECE','hfmbe@gmail.com',939384104);
INSERT INTO student_credential(usn,password)VALUES('1PI20ECE4','1PI20ECE4');
INSERT INTO student(usn,name,sem,dept,email,mob) VALUES('1PI20ECE5','zplhq',1,'ECE','zplhq@gmail.com',939384105);
INSERT INTO student_credential(usn,password)VALUES('1PI20ECE5','1PI20ECE5');
INSERT INTO student(usn,name,sem,dept,email,mob) VALUES('1PI20ECE6','akbmm',1,'ECE','akbmm@gmail.com',939384106);
INSERT INTO student_credential(usn,password)VALUES('1PI20ECE6','1PI20ECE6');
INSERT INTO student(usn,name,sem,dept,email,mob) VALUES('1PI20ECE7','vafqy',1,'ECE','vafqy@gmail.com',939384107);
INSERT INTO student_credential(usn,password)VALUES('1PI20ECE7','1PI20ECE7');
INSERT INTO student(usn,name,sem,dept,email,mob) VALUES('1PI20ECE8','xjyex',1,'ECE','xjyex@gmail.com',939384108);
INSERT INTO student_credential(usn,password)VALUES('1PI20ECE8','1PI20ECE8');
INSERT INTO student(usn,name,sem,dept,email,mob) VALUES('1PI20ECE9','dsswb',1,'ECE','dsswb@gmail.com',939384109);
INSERT INTO student_credential(usn,password)VALUES('1PI20ECE9','1PI20ECE9');
INSERT INTO student(usn,name,sem,dept,email,mob) VALUES('1PI20ECE10','jiouy',1,'ECE','jiouy@gmail.com',939384110);
INSERT INTO student_credential(usn,password)VALUES('1PI20ECE10','1PI20ECE10');
INSERT INTO student(usn,name,sem,dept,email,mob) VALUES('1PI20ECE11','mhlzc',1,'ECE','mhlzc@gmail.com',939384111);
INSERT INTO student_credential(usn,password)VALUES('1PI20ECE11','1PI20ECE11');
INSERT INTO student(usn,name,sem,dept,email,mob) VALUES('1PI20ECE12','ltjud',1,'ECE','ltjud@gmail.com',939384112);
INSERT INTO student_credential(usn,password)VALUES('1PI20ECE12','1PI20ECE12');
INSERT INTO student(usn,name,sem,dept,email,mob) VALUES('1PI20ECE13','obfuo',1,'ECE','obfuo@gmail.com',939384113);
INSERT INTO student_credential(usn,password)VALUES('1PI20ECE13','1PI20ECE13');
INSERT INTO student(usn,name,sem,dept,email,mob) VALUES('1PI20ECE14','iwubg',1,'ECE','iwubg@gmail.com',939384114);
INSERT INTO student_credential(usn,password)VALUES('1PI20ECE14','1PI20ECE14');
INSERT INTO student(usn,name,sem,dept,email,mob) VALUES('1PI20ECE15','eidpm',1,'ECE','eidpm@gmail.com',939384115);
INSERT INTO student_credential(usn,password)VALUES('1PI20ECE15','1PI20ECE15');
INSERT INTO student(usn,name,sem,dept,email,mob) VALUES('1PI20ECE16','vkhoz',1,'ECE','vkhoz@gmail.com',939384116);
INSERT INTO student_credential(usn,password)VALUES('1PI20ECE16','1PI20ECE16');
INSERT INTO student(usn,name,sem,dept,email,mob) VALUES('1PI20ECE17','hkduc',1,'ECE','hkduc@gmail.com',939384117);
INSERT INTO student_credential(usn,password)VALUES('1PI20ECE17','1PI20ECE17');
INSERT INTO student(usn,name,sem,dept,email,mob) VALUES('1PI20ECE18','omlgl',1,'ECE','omlgl@gmail.com',939384118);
INSERT INTO student_credential(usn,password)VALUES('1PI20ECE18','1PI20ECE18');
INSERT INTO student(usn,name,sem,dept,email,mob) VALUES('1PI20ECE19','tlvei',1,'ECE','tlvei@gmail.com',939384119);
INSERT INTO student_credential(usn,password)VALUES('1PI20ECE19','1PI20ECE19');
INSERT INTO student(usn,name,sem,dept,email,mob) VALUES('1PI20ECE20','nncai',1,'ECE','nncai@gmail.com',939384120);
INSERT INTO student_credential(usn,password)VALUES('1PI20ECE20','1PI20ECE20');
INSERT INTO student(usn,name,sem,dept,email,mob) VALUES('1PI20ECE21','knsug',1,'ECE','knsug@gmail.com',939384121);
INSERT INTO student_credential(usn,password)VALUES('1PI20ECE21','1PI20ECE21');
INSERT INTO student(usn,name,sem,dept,email,mob) VALUES('1PI20ECE22','jqcca',1,'ECE','jqcca@gmail.com',939384122);
INSERT INTO student_credential(usn,password)VALUES('1PI20ECE22','1PI20ECE22');
INSERT INTO student(usn,name,sem,dept,email,mob) VALUES('1PI20ECE23','sdxda',1,'ECE','sdxda@gmail.com',939384123);
INSERT INTO student_credential(usn,password)VALUES('1PI20ECE23','1PI20ECE23');
INSERT INTO student(usn,name,sem,dept,email,mob) VALUES('1PI20ECE24','zcrtv',1,'ECE','zcrtv@gmail.com',939384124);
INSERT INTO student_credential(usn,password)VALUES('1PI20ECE24','1PI20ECE24');
INSERT INTO student(usn,name,sem,dept,email,mob) VALUES('1PI20ECE25','llkfv',1,'ECE','llkfv@gmail.com',939384125);
INSERT INTO student_credential(usn,password)VALUES('1PI20ECE25','1PI20ECE25');
INSERT INTO student(usn,name,sem,dept,email,mob) VALUES('1PI20ECE26','tezaz',1,'ECE','tezaz@gmail.com',939384126);
INSERT INTO student_credential(usn,password)VALUES('1PI20ECE26','1PI20ECE26');
INSERT INTO student(usn,name,sem,dept,email,mob) VALUES('1PI20ECE27','zcsct',1,'ECE','zcsct@gmail.com',939384127);
INSERT INTO student_credential(usn,password)VALUES('1PI20ECE27','1PI20ECE27');
INSERT INTO student(usn,name,sem,dept,email,mob) VALUES('1PI20ECE28','legen',1,'ECE','legen@gmail.com',939384128);
INSERT INTO student_credential(usn,password)VALUES('1PI20ECE28','1PI20ECE28');
INSERT INTO student(usn,name,sem,dept,email,mob) VALUES('1PI20ECE29','lltvk',1,'ECE','lltvk@gmail.com',939384129);
INSERT INTO student_credential(usn,password)VALUES('1PI20ECE29','1PI20ECE29');
INSERT INTO student(usn,name,sem,dept,email,mob) VALUES('1PI20ECE30','zdqow',1,'ECE','zdqow@gmail.com',939384130);
INSERT INTO student_credential(usn,password)VALUES('1PI20ECE30','1PI20ECE30');
INSERT INTO student(usn,name,sem,dept,email,mob) VALUES('1PI20ECE31','goljp',1,'ECE','goljp@gmail.com',939384131);
INSERT INTO student_credential(usn,password)VALUES('1PI20ECE31','1PI20ECE31');
INSERT INTO student(usn,name,sem,dept,email,mob) VALUES('1PI20ECE32','dsyqn',1,'ECE','dsyqn@gmail.com',939384132);
INSERT INTO student_credential(usn,password)VALUES('1PI20ECE32','1PI20ECE32');
INSERT INTO student(usn,name,sem,dept,email,mob) VALUES('1PI20ECE33','csdjs',1,'ECE','csdjs@gmail.com',939384133);
INSERT INTO student_credential(usn,password)VALUES('1PI20ECE33','1PI20ECE33');
INSERT INTO student(usn,name,sem,dept,email,mob) VALUES('1PI20ECE34','dcxxy',1,'ECE','dcxxy@gmail.com',939384134);
INSERT INTO student_credential(usn,password)VALUES('1PI20ECE34','1PI20ECE34');
INSERT INTO student(usn,name,sem,dept,email,mob) VALUES('1PI20ECE35','rghrw',1,'ECE','rghrw@gmail.com',939384135);
INSERT INTO student_credential(usn,password)VALUES('1PI20ECE35','1PI20ECE35');
INSERT INTO student(usn,name,sem,dept,email,mob) VALUES('1PI20ECE36','pqinx',1,'ECE','pqinx@gmail.com',939384136);
INSERT INTO student_credential(usn,password)VALUES('1PI20ECE36','1PI20ECE36');
INSERT INTO student(usn,name,sem,dept,email,mob) VALUES('1PI20ECE37','mridx',1,'ECE','mridx@gmail.com',939384137);
INSERT INTO student_credential(usn,password)VALUES('1PI20ECE37','1PI20ECE37');
INSERT INTO student(usn,name,sem,dept,email,mob) VALUES('1PI20ECE38','pdpqu',1,'ECE','pdpqu@gmail.com',939384138);
INSERT INTO student_credential(usn,password)VALUES('1PI20ECE38','1PI20ECE38');
INSERT INTO student(usn,name,sem,dept,email,mob) VALUES('1PI20ECE39','nvkwx',1,'ECE','nvkwx@gmail.com',939384139);
INSERT INTO student_credential(usn,password)VALUES('1PI20ECE39','1PI20ECE39');
INSERT INTO student(usn,name,sem,dept,email,mob) VALUES('1PI20ECE40','rykxt',1,'ECE','rykxt@gmail.com',939384140);
INSERT INTO student_credential(usn,password)VALUES('1PI20ECE40','1PI20ECE40');
INSERT INTO student(usn,name,sem,dept,email,mob) VALUES('1PI20ECE41','lxypp',1,'ECE','lxypp@gmail.com',939384141);
INSERT INTO student_credential(usn,password)VALUES('1PI20ECE41','1PI20ECE41');
INSERT INTO student(usn,name,sem,dept,email,mob) VALUES('1PI20ECE42','fmajf',1,'ECE','fmajf@gmail.com',939384142);
INSERT INTO student_credential(usn,password)VALUES('1PI20ECE42','1PI20ECE42');
INSERT INTO student(usn,name,sem,dept,email,mob) VALUES('1PI20ECE43','hqyud',1,'ECE','hqyud@gmail.com',939384143);
INSERT INTO student_credential(usn,password)VALUES('1PI20ECE43','1PI20ECE43');
INSERT INTO student(usn,name,sem,dept,email,mob) VALUES('1PI20ECE44','wtigb',1,'ECE','wtigb@gmail.com',939384144);
INSERT INTO student_credential(usn,password)VALUES('1PI20ECE44','1PI20ECE44');
INSERT INTO student(usn,name,sem,dept,email,mob) VALUES('1PI20ECE45','jtmqm',1,'ECE','jtmqm@gmail.com',939384145);
INSERT INTO student_credential(usn,password)VALUES('1PI20ECE45','1PI20ECE45');
INSERT INTO student(usn,name,sem,dept,email,mob) VALUES('1PI20ECE46','dltcq',1,'ECE','dltcq@gmail.com',939384146);
INSERT INTO student_credential(usn,password)VALUES('1PI20ECE46','1PI20ECE46');
INSERT INTO student(usn,name,sem,dept,email,mob) VALUES('1PI20ECE47','zgcai',1,'ECE','zgcai@gmail.com',939384147);
INSERT INTO student_credential(usn,password)VALUES('1PI20ECE47','1PI20ECE47');
INSERT INTO student(usn,name,sem,dept,email,mob) VALUES('1PI20ECE48','wswfy',1,'ECE','wswfy@gmail.com',939384148);
INSERT INTO student_credential(usn,password)VALUES('1PI20ECE48','1PI20ECE48');
INSERT INTO student(usn,name,sem,dept,email,mob) VALUES('1PI20ECE49','ryhcw',1,'ECE','ryhcw@gmail.com',939384149);
INSERT INTO student_credential(usn,password)VALUES('1PI20ECE49','1PI20ECE49');
INSERT INTO student(usn,name,sem,dept,email,mob) VALUES('1PI20ECE50','wiaru',1,'ECE','wiaru@gmail.com',939384150);
INSERT INTO student_credential(usn,password)VALUES('1PI20ECE50','1PI20ECE50');
INSERT INTO student(usn,name,sem,dept,email,mob) VALUES('1PI20ECE51','hiibu',1,'ECE','hiibu@gmail.com',939384151);
INSERT INTO student_credential(usn,password)VALUES('1PI20ECE51','1PI20ECE51');
INSERT INTO student(usn,name,sem,dept,email,mob) VALUES('1PI20ECE52','jopgr',1,'ECE','jopgr@gmail.com',939384152);
INSERT INTO student_credential(usn,password)VALUES('1PI20ECE52','1PI20ECE52');
INSERT INTO student(usn,name,sem,dept,email,mob) VALUES('1PI20ECE53','qnpiu',1,'ECE','qnpiu@gmail.com',939384153);
INSERT INTO student_credential(usn,password)VALUES('1PI20ECE53','1PI20ECE53');
INSERT INTO student(usn,name,sem,dept,email,mob) VALUES('1PI20ECE54','gkdqt',1,'ECE','gkdqt@gmail.com',939384154);
INSERT INTO student_credential(usn,password)VALUES('1PI20ECE54','1PI20ECE54');
INSERT INTO student(usn,name,sem,dept,email,mob) VALUES('1PI20ECE55','esoja',1,'ECE','esoja@gmail.com',939384155);
INSERT INTO student_credential(usn,password)VALUES('1PI20ECE55','1PI20ECE55');
INSERT INTO student(usn,name,sem,dept,email,mob) VALUES('1PI20ECE56','cqhnw',1,'ECE','cqhnw@gmail.com',939384156);
INSERT INTO student_credential(usn,password)VALUES('1PI20ECE56','1PI20ECE56');
INSERT INTO student(usn,name,sem,dept,email,mob) VALUES('1PI20ECE57','dagnv',1,'ECE','dagnv@gmail.com',939384157);
INSERT INTO student_credential(usn,password)VALUES('1PI20ECE57','1PI20ECE57');
INSERT INTO student(usn,name,sem,dept,email,mob) VALUES('1PI20ECE58','xesfr',1,'ECE','xesfr@gmail.com',939384158);
INSERT INTO student_credential(usn,password)VALUES('1PI20ECE58','1PI20ECE58');
INSERT INTO student(usn,name,sem,dept,email,mob) VALUES('1PI20ECE59','fiefa',1,'ECE','fiefa@gmail.com',939384159);
INSERT INTO student_credential(usn,password)VALUES('1PI20ECE59','1PI20ECE59');
INSERT INTO student(usn,name,sem,dept,email,mob) VALUES('1PI20ECE60','abrad',1,'ECE','abrad@gmail.com',939384160);
INSERT INTO student_credential(usn,password)VALUES('1PI20ECE60','1PI20ECE60');
INSERT INTO student(usn,name,sem,dept,email,mob) VALUES('1PI20ECE61','qeelk',1,'ECE','qeelk@gmail.com',939384161);
INSERT INTO student_credential(usn,password)VALUES('1PI20ECE61','1PI20ECE61');
INSERT INTO student(usn,name,sem,dept,email,mob) VALUES('1PI20ECE62','pkecv',1,'ECE','pkecv@gmail.com',939384162);
INSERT INTO student_credential(usn,password)VALUES('1PI20ECE62','1PI20ECE62');
INSERT INTO student(usn,name,sem,dept,email,mob) VALUES('1PI20ECE63','psdwe',1,'ECE','psdwe@gmail.com',939384163);
INSERT INTO student_credential(usn,password)VALUES('1PI20ECE63','1PI20ECE63');
INSERT INTO student(usn,name,sem,dept,email,mob) VALUES('1PI20ECE64','lpdjm',1,'ECE','lpdjm@gmail.com',939384164);
INSERT INTO student_credential(usn,password)VALUES('1PI20ECE64','1PI20ECE64');
INSERT INTO student(usn,name,sem,dept,email,mob) VALUES('1PI20ECE65','mbpdu',1,'ECE','mbpdu@gmail.com',939384165);
INSERT INTO student_credential(usn,password)VALUES('1PI20ECE65','1PI20ECE65');
INSERT INTO student(usn,name,sem,dept,email,mob) VALUES('1PI20ECE66','pzvtv',1,'ECE','pzvtv@gmail.com',939384166);
INSERT INTO student_credential(usn,password)VALUES('1PI20ECE66','1PI20ECE66');
INSERT INTO student(usn,name,sem,dept,email,mob) VALUES('1PI20ECE67','jxydk',1,'ECE','jxydk@gmail.com',939384167);
INSERT INTO student_credential(usn,password)VALUES('1PI20ECE67','1PI20ECE67');
INSERT INTO student(usn,name,sem,dept,email,mob) VALUES('1PI20ECE68','dncug',1,'ECE','dncug@gmail.com',939384168);
INSERT INTO student_credential(usn,password)VALUES('1PI20ECE68','1PI20ECE68');
INSERT INTO student(usn,name,sem,dept,email,mob) VALUES('1PI20ECE69','ghonu',1,'ECE','ghonu@gmail.com',939384169);
INSERT INTO student_credential(usn,password)VALUES('1PI20ECE69','1PI20ECE69');
INSERT INTO student(usn,name,sem,dept,email,mob) VALUES('1PI20ECE70','cwegv',1,'ECE','cwegv@gmail.com',939384170);
INSERT INTO student_credential(usn,password)VALUES('1PI20ECE70','1PI20ECE70');
INSERT INTO student(usn,name,sem,dept,email,mob) VALUES('1PI20ECE71','fjzbd',1,'ECE','fjzbd@gmail.com',939384171);
INSERT INTO student_credential(usn,password)VALUES('1PI20ECE71','1PI20ECE71');
INSERT INTO student(usn,name,sem,dept,email,mob) VALUES('1PI20ECE72','wkbev',1,'ECE','wkbev@gmail.com',939384172);
INSERT INTO student_credential(usn,password)VALUES('1PI20ECE72','1PI20ECE72');
INSERT INTO student(usn,name,sem,dept,email,mob) VALUES('1PI20ECE73','kgdwu',1,'ECE','kgdwu@gmail.com',939384173);
INSERT INTO student_credential(usn,password)VALUES('1PI20ECE73','1PI20ECE73');
INSERT INTO student(usn,name,sem,dept,email,mob) VALUES('1PI20ECE74','btjvt',1,'ECE','btjvt@gmail.com',939384174);
INSERT INTO student_credential(usn,password)VALUES('1PI20ECE74','1PI20ECE74');
INSERT INTO student(usn,name,sem,dept,email,mob) VALUES('1PI20ECE75','oqoth',1,'ECE','oqoth@gmail.com',939384175);
INSERT INTO student_credential(usn,password)VALUES('1PI20ECE75','1PI20ECE75');
INSERT INTO student(usn,name,sem,dept,email,mob) VALUES('1PI20ECE76','ggtdr',1,'ECE','ggtdr@gmail.com',939384176);
INSERT INTO student_credential(usn,password)VALUES('1PI20ECE76','1PI20ECE76');
INSERT INTO student(usn,name,sem,dept,email,mob) VALUES('1PI20ECE77','dolgj',1,'ECE','dolgj@gmail.com',939384177);
INSERT INTO student_credential(usn,password)VALUES('1PI20ECE77','1PI20ECE77');
INSERT INTO student(usn,name,sem,dept,email,mob) VALUES('1PI20ECE78','mfubz',1,'ECE','mfubz@gmail.com',939384178);
INSERT INTO student_credential(usn,password)VALUES('1PI20ECE78','1PI20ECE78');
INSERT INTO student(usn,name,sem,dept,email,mob) VALUES('1PI20ECE79','zpnhj',1,'ECE','zpnhj@gmail.com',939384179);
INSERT INTO student_credential(usn,password)VALUES('1PI20ECE79','1PI20ECE79');
INSERT INTO student(usn,name,sem,dept,email,mob) VALUES('1PI20ECE80','aqwot',1,'ECE','aqwot@gmail.com',939384180);
INSERT INTO student_credential(usn,password)VALUES('1PI20ECE80','1PI20ECE80');
INSERT INTO student(usn,name,sem,dept,email,mob) VALUES('1PI20ECE81','zqblh',1,'ECE','zqblh@gmail.com',939384181);
INSERT INTO student_credential(usn,password)VALUES('1PI20ECE81','1PI20ECE81');
INSERT INTO student(usn,name,sem,dept,email,mob) VALUES('1PI20ECE82','mrfzf',1,'ECE','mrfzf@gmail.com',939384182);
INSERT INTO student_credential(usn,password)VALUES('1PI20ECE82','1PI20ECE82');
INSERT INTO student(usn,name,sem,dept,email,mob) VALUES('1PI20ECE83','gykzm',1,'ECE','gykzm@gmail.com',939384183);
INSERT INTO student_credential(usn,password)VALUES('1PI20ECE83','1PI20ECE83');
INSERT INTO student(usn,name,sem,dept,email,mob) VALUES('1PI20ECE84','ucwwp',1,'ECE','ucwwp@gmail.com',939384184);
INSERT INTO student_credential(usn,password)VALUES('1PI20ECE84','1PI20ECE84');
INSERT INTO student(usn,name,sem,dept,email,mob) VALUES('1PI20ECE85','dyjvc',1,'ECE','dyjvc@gmail.com',939384185);
INSERT INTO student_credential(usn,password)VALUES('1PI20ECE85','1PI20ECE85');
INSERT INTO student(usn,name,sem,dept,email,mob) VALUES('1PI20ECE86','tvfam',1,'ECE','tvfam@gmail.com',939384186);
INSERT INTO student_credential(usn,password)VALUES('1PI20ECE86','1PI20ECE86');
INSERT INTO student(usn,name,sem,dept,email,mob) VALUES('1PI20ECE87','cgltm',1,'ECE','cgltm@gmail.com',939384187);
INSERT INTO student_credential(usn,password)VALUES('1PI20ECE87','1PI20ECE87');
INSERT INTO student(usn,name,sem,dept,email,mob) VALUES('1PI20ECE88','jtmrc',1,'ECE','jtmrc@gmail.com',939384188);
INSERT INTO student_credential(usn,password)VALUES('1PI20ECE88','1PI20ECE88');
INSERT INTO student(usn,name,sem,dept,email,mob) VALUES('1PI20ECE89','jivhs',1,'ECE','jivhs@gmail.com',939384189);
INSERT INTO student_credential(usn,password)VALUES('1PI20ECE89','1PI20ECE89');
INSERT INTO student(usn,name,sem,dept,email,mob) VALUES('1PI20ECE90','ytnwm',1,'ECE','ytnwm@gmail.com',939384190);
INSERT INTO student_credential(usn,password)VALUES('1PI20ECE90','1PI20ECE90');
INSERT INTO student(usn,name,sem,dept,email,mob) VALUES('1PI20ECE91','qqjvm',1,'ECE','qqjvm@gmail.com',939384191);
INSERT INTO student_credential(usn,password)VALUES('1PI20ECE91','1PI20ECE91');
INSERT INTO student(usn,name,sem,dept,email,mob) VALUES('1PI20ECE92','ohfye',1,'ECE','ohfye@gmail.com',939384192);
INSERT INTO student_credential(usn,password)VALUES('1PI20ECE92','1PI20ECE92');
INSERT INTO student(usn,name,sem,dept,email,mob) VALUES('1PI20ECE93','sqxdv',1,'ECE','sqxdv@gmail.com',939384193);
INSERT INTO student_credential(usn,password)VALUES('1PI20ECE93','1PI20ECE93');
INSERT INTO student(usn,name,sem,dept,email,mob) VALUES('1PI20ECE94','rjgfv',1,'ECE','rjgfv@gmail.com',939384194);
INSERT INTO student_credential(usn,password)VALUES('1PI20ECE94','1PI20ECE94');
INSERT INTO student(usn,name,sem,dept,email,mob) VALUES('1PI20ECE95','gymhl',1,'ECE','gymhl@gmail.com',939384195);
INSERT INTO student_credential(usn,password)VALUES('1PI20ECE95','1PI20ECE95');
INSERT INTO student(usn,name,sem,dept,email,mob) VALUES('1PI20ECE96','wdxlo',1,'ECE','wdxlo@gmail.com',939384196);
INSERT INTO student_credential(usn,password)VALUES('1PI20ECE96','1PI20ECE96');
INSERT INTO student(usn,name,sem,dept,email,mob) VALUES('1PI20ECE97','zmcqm',1,'ECE','zmcqm@gmail.com',939384197);
INSERT INTO student_credential(usn,password)VALUES('1PI20ECE97','1PI20ECE97');
INSERT INTO student(usn,name,sem,dept,email,mob) VALUES('1PI20ECE98','vhtce',1,'ECE','vhtce@gmail.com',939384198);
INSERT INTO student_credential(usn,password)VALUES('1PI20ECE98','1PI20ECE98');
INSERT INTO student(usn,name,sem,dept,email,mob) VALUES('1PI20ECE99','xamey',1,'ECE','xamey@gmail.com',939384199);
INSERT INTO student_credential(usn,password)VALUES('1PI20ECE99','1PI20ECE99');
INSERT INTO student(usn,name,sem,dept,email,mob) VALUES('1PI14BTE0','kvixd',7,'BTE','kvixd@gmail.com',939385700);
INSERT INTO student_credential(usn,password)VALUES('1PI14BTE0','1PI14BTE0');
INSERT INTO student(usn,name,sem,dept,email,mob) VALUES('1PI14BTE1','aqvss',7,'BTE','aqvss@gmail.com',939385701);
INSERT INTO student_credential(usn,password)VALUES('1PI14BTE1','1PI14BTE1');
INSERT INTO student(usn,name,sem,dept,email,mob) VALUES('1PI14BTE2','dwwoe',7,'BTE','dwwoe@gmail.com',939385702);
INSERT INTO student_credential(usn,password)VALUES('1PI14BTE2','1PI14BTE2');
INSERT INTO student(usn,name,sem,dept,email,mob) VALUES('1PI14BTE3','dklqe',7,'BTE','dklqe@gmail.com',939385703);
INSERT INTO student_credential(usn,password)VALUES('1PI14BTE3','1PI14BTE3');
INSERT INTO student(usn,name,sem,dept,email,mob) VALUES('1PI14BTE4','nafbc',7,'BTE','nafbc@gmail.com',939385704);
INSERT INTO student_credential(usn,password)VALUES('1PI14BTE4','1PI14BTE4');
INSERT INTO student(usn,name,sem,dept,email,mob) VALUES('1PI14BTE5','fnhwr',7,'BTE','fnhwr@gmail.com',939385705);
INSERT INTO student_credential(usn,password)VALUES('1PI14BTE5','1PI14BTE5');
INSERT INTO student(usn,name,sem,dept,email,mob) VALUES('1PI14BTE6','hdkjc',7,'BTE','hdkjc@gmail.com',939385706);
INSERT INTO student_credential(usn,password)VALUES('1PI14BTE6','1PI14BTE6');
INSERT INTO student(usn,name,sem,dept,email,mob) VALUES('1PI14BTE7','sxohd',7,'BTE','sxohd@gmail.com',939385707);
INSERT INTO student_credential(usn,password)VALUES('1PI14BTE7','1PI14BTE7');
INSERT INTO student(usn,name,sem,dept,email,mob) VALUES('1PI14BTE8','vrbnl',7,'BTE','vrbnl@gmail.com',939385708);
INSERT INTO student_credential(usn,password)VALUES('1PI14BTE8','1PI14BTE8');
INSERT INTO student(usn,name,sem,dept,email,mob) VALUES('1PI14BTE9','blsee',7,'BTE','blsee@gmail.com',939385709);
INSERT INTO student_credential(usn,password)VALUES('1PI14BTE9','1PI14BTE9');
INSERT INTO student(usn,name,sem,dept,email,mob) VALUES('1PI14BTE10','ndubk',7,'BTE','ndubk@gmail.com',939385710);
INSERT INTO student_credential(usn,password)VALUES('1PI14BTE10','1PI14BTE10');
INSERT INTO student(usn,name,sem,dept,email,mob) VALUES('1PI14BTE11','xaort',7,'BTE','xaort@gmail.com',939385711);
INSERT INTO student_credential(usn,password)VALUES('1PI14BTE11','1PI14BTE11');
INSERT INTO student(usn,name,sem,dept,email,mob) VALUES('1PI14BTE12','ejlrc',7,'BTE','ejlrc@gmail.com',939385712);
INSERT INTO student_credential(usn,password)VALUES('1PI14BTE12','1PI14BTE12');
INSERT INTO student(usn,name,sem,dept,email,mob) VALUES('1PI14BTE13','mcvov',7,'BTE','mcvov@gmail.com',939385713);
INSERT INTO student_credential(usn,password)VALUES('1PI14BTE13','1PI14BTE13');
INSERT INTO student(usn,name,sem,dept,email,mob) VALUES('1PI14BTE14','rsqrc',7,'BTE','rsqrc@gmail.com',939385714);
INSERT INTO student_credential(usn,password)VALUES('1PI14BTE14','1PI14BTE14');
INSERT INTO student(usn,name,sem,dept,email,mob) VALUES('1PI14BTE15','opnnp',7,'BTE','opnnp@gmail.com',939385715);
INSERT INTO student_credential(usn,password)VALUES('1PI14BTE15','1PI14BTE15');
INSERT INTO student(usn,name,sem,dept,email,mob) VALUES('1PI14BTE16','kunkk',7,'BTE','kunkk@gmail.com',939385716);
INSERT INTO student_credential(usn,password)VALUES('1PI14BTE16','1PI14BTE16');
INSERT INTO student(usn,name,sem,dept,email,mob) VALUES('1PI14BTE17','cpoen',7,'BTE','cpoen@gmail.com',939385717);
INSERT INTO student_credential(usn,password)VALUES('1PI14BTE17','1PI14BTE17');
INSERT INTO student(usn,name,sem,dept,email,mob) VALUES('1PI14BTE18','vpkvy',7,'BTE','vpkvy@gmail.com',939385718);
INSERT INTO student_credential(usn,password)VALUES('1PI14BTE18','1PI14BTE18');
INSERT INTO student(usn,name,sem,dept,email,mob) VALUES('1PI14BTE19','gunpa',7,'BTE','gunpa@gmail.com',939385719);
INSERT INTO student_credential(usn,password)VALUES('1PI14BTE19','1PI14BTE19');
INSERT INTO student(usn,name,sem,dept,email,mob) VALUES('1PI14BTE20','boujv',7,'BTE','boujv@gmail.com',939385720);
INSERT INTO student_credential(usn,password)VALUES('1PI14BTE20','1PI14BTE20');
INSERT INTO student(usn,name,sem,dept,email,mob) VALUES('1PI14BTE21','irele',7,'BTE','irele@gmail.com',939385721);
INSERT INTO student_credential(usn,password)VALUES('1PI14BTE21','1PI14BTE21');
INSERT INTO student(usn,name,sem,dept,email,mob) VALUES('1PI14BTE22','hlgec',7,'BTE','hlgec@gmail.com',939385722);
INSERT INTO student_credential(usn,password)VALUES('1PI14BTE22','1PI14BTE22');
INSERT INTO student(usn,name,sem,dept,email,mob) VALUES('1PI14BTE23','tnazv',7,'BTE','tnazv@gmail.com',939385723);
INSERT INTO student_credential(usn,password)VALUES('1PI14BTE23','1PI14BTE23');
INSERT INTO student(usn,name,sem,dept,email,mob) VALUES('1PI14BTE24','qpsou',7,'BTE','qpsou@gmail.com',939385724);
INSERT INTO student_credential(usn,password)VALUES('1PI14BTE24','1PI14BTE24');
INSERT INTO student(usn,name,sem,dept,email,mob) VALUES('1PI14BTE25','ubcpy',7,'BTE','ubcpy@gmail.com',939385725);
INSERT INTO student_credential(usn,password)VALUES('1PI14BTE25','1PI14BTE25');
INSERT INTO student(usn,name,sem,dept,email,mob) VALUES('1PI14BTE26','fikgq',7,'BTE','fikgq@gmail.com',939385726);
INSERT INTO student_credential(usn,password)VALUES('1PI14BTE26','1PI14BTE26');
INSERT INTO student(usn,name,sem,dept,email,mob) VALUES('1PI14BTE27','tufvq',7,'BTE','tufvq@gmail.com',939385727);
INSERT INTO student_credential(usn,password)VALUES('1PI14BTE27','1PI14BTE27');
INSERT INTO student(usn,name,sem,dept,email,mob) VALUES('1PI14BTE28','qevcp',7,'BTE','qevcp@gmail.com',939385728);
INSERT INTO student_credential(usn,password)VALUES('1PI14BTE28','1PI14BTE28');
INSERT INTO student(usn,name,sem,dept,email,mob) VALUES('1PI14BTE29','cjpmj',7,'BTE','cjpmj@gmail.com',939385729);
INSERT INTO student_credential(usn,password)VALUES('1PI14BTE29','1PI14BTE29');
INSERT INTO student(usn,name,sem,dept,email,mob) VALUES('1PI14BTE30','hpuac',7,'BTE','hpuac@gmail.com',939385730);
INSERT INTO student_credential(usn,password)VALUES('1PI14BTE30','1PI14BTE30');
INSERT INTO student(usn,name,sem,dept,email,mob) VALUES('1PI14BTE31','siasp',7,'BTE','siasp@gmail.com',939385731);
INSERT INTO student_credential(usn,password)VALUES('1PI14BTE31','1PI14BTE31');
INSERT INTO student(usn,name,sem,dept,email,mob) VALUES('1PI14BTE32','tskqy',7,'BTE','tskqy@gmail.com',939385732);
INSERT INTO student_credential(usn,password)VALUES('1PI14BTE32','1PI14BTE32');
INSERT INTO student(usn,name,sem,dept,email,mob) VALUES('1PI14BTE33','hitau',7,'BTE','hitau@gmail.com',939385733);
INSERT INTO student_credential(usn,password)VALUES('1PI14BTE33','1PI14BTE33');
INSERT INTO student(usn,name,sem,dept,email,mob) VALUES('1PI14BTE34','zfabl',7,'BTE','zfabl@gmail.com',939385734);
INSERT INTO student_credential(usn,password)VALUES('1PI14BTE34','1PI14BTE34');
INSERT INTO student(usn,name,sem,dept,email,mob) VALUES('1PI14BTE35','pqlku',7,'BTE','pqlku@gmail.com',939385735);
INSERT INTO student_credential(usn,password)VALUES('1PI14BTE35','1PI14BTE35');
INSERT INTO student(usn,name,sem,dept,email,mob) VALUES('1PI14BTE36','kahml',7,'BTE','kahml@gmail.com',939385736);
INSERT INTO student_credential(usn,password)VALUES('1PI14BTE36','1PI14BTE36');
INSERT INTO student(usn,name,sem,dept,email,mob) VALUES('1PI14BTE37','ivzap',7,'BTE','ivzap@gmail.com',939385737);
INSERT INTO student_credential(usn,password)VALUES('1PI14BTE37','1PI14BTE37');
INSERT INTO student(usn,name,sem,dept,email,mob) VALUES('1PI14BTE38','rotlq',7,'BTE','rotlq@gmail.com',939385738);
INSERT INTO student_credential(usn,password)VALUES('1PI14BTE38','1PI14BTE38');
INSERT INTO student(usn,name,sem,dept,email,mob) VALUES('1PI14BTE39','diuoe',7,'BTE','diuoe@gmail.com',939385739);
INSERT INTO student_credential(usn,password)VALUES('1PI14BTE39','1PI14BTE39');
INSERT INTO student(usn,name,sem,dept,email,mob) VALUES('1PI14BTE40','eykiq',7,'BTE','eykiq@gmail.com',939385740);
INSERT INTO student_credential(usn,password)VALUES('1PI14BTE40','1PI14BTE40');
INSERT INTO student(usn,name,sem,dept,email,mob) VALUES('1PI14BTE41','zahfa',7,'BTE','zahfa@gmail.com',939385741);
INSERT INTO student_credential(usn,password)VALUES('1PI14BTE41','1PI14BTE41');
INSERT INTO student(usn,name,sem,dept,email,mob) VALUES('1PI14BTE42','vzzrf',7,'BTE','vzzrf@gmail.com',939385742);
INSERT INTO student_credential(usn,password)VALUES('1PI14BTE42','1PI14BTE42');
INSERT INTO student(usn,name,sem,dept,email,mob) VALUES('1PI14BTE43','rzzem',7,'BTE','rzzem@gmail.com',939385743);
INSERT INTO student_credential(usn,password)VALUES('1PI14BTE43','1PI14BTE43');
INSERT INTO student(usn,name,sem,dept,email,mob) VALUES('1PI14BTE44','iyzvo',7,'BTE','iyzvo@gmail.com',939385744);
INSERT INTO student_credential(usn,password)VALUES('1PI14BTE44','1PI14BTE44');
INSERT INTO student(usn,name,sem,dept,email,mob) VALUES('1PI14BTE45','bxuoj',7,'BTE','bxuoj@gmail.com',939385745);
INSERT INTO student_credential(usn,password)VALUES('1PI14BTE45','1PI14BTE45');
INSERT INTO student(usn,name,sem,dept,email,mob) VALUES('1PI14BTE46','orawu',7,'BTE','orawu@gmail.com',939385746);
INSERT INTO student_credential(usn,password)VALUES('1PI14BTE46','1PI14BTE46');
INSERT INTO student(usn,name,sem,dept,email,mob) VALUES('1PI14BTE47','rhjop',7,'BTE','rhjop@gmail.com',939385747);
INSERT INTO student_credential(usn,password)VALUES('1PI14BTE47','1PI14BTE47');
INSERT INTO student(usn,name,sem,dept,email,mob) VALUES('1PI14BTE48','pnnct',7,'BTE','pnnct@gmail.com',939385748);
INSERT INTO student_credential(usn,password)VALUES('1PI14BTE48','1PI14BTE48');
INSERT INTO student(usn,name,sem,dept,email,mob) VALUES('1PI14BTE49','ehrul',7,'BTE','ehrul@gmail.com',939385749);
INSERT INTO student_credential(usn,password)VALUES('1PI14BTE49','1PI14BTE49');
INSERT INTO student(usn,name,sem,dept,email,mob) VALUES('1PI14BTE50','pgkoz',7,'BTE','pgkoz@gmail.com',939385750);
INSERT INTO student_credential(usn,password)VALUES('1PI14BTE50','1PI14BTE50');
INSERT INTO student(usn,name,sem,dept,email,mob) VALUES('1PI14BTE51','uywmo',7,'BTE','uywmo@gmail.com',939385751);
INSERT INTO student_credential(usn,password)VALUES('1PI14BTE51','1PI14BTE51');
INSERT INTO student(usn,name,sem,dept,email,mob) VALUES('1PI14BTE52','bcdlb',7,'BTE','bcdlb@gmail.com',939385752);
INSERT INTO student_credential(usn,password)VALUES('1PI14BTE52','1PI14BTE52');
INSERT INTO student(usn,name,sem,dept,email,mob) VALUES('1PI14BTE53','ofbje',7,'BTE','ofbje@gmail.com',939385753);
INSERT INTO student_credential(usn,password)VALUES('1PI14BTE53','1PI14BTE53');
INSERT INTO student(usn,name,sem,dept,email,mob) VALUES('1PI14BTE54','jazsr',7,'BTE','jazsr@gmail.com',939385754);
INSERT INTO student_credential(usn,password)VALUES('1PI14BTE54','1PI14BTE54');
INSERT INTO student(usn,name,sem,dept,email,mob) VALUES('1PI14BTE55','ulvqt',7,'BTE','ulvqt@gmail.com',939385755);
INSERT INTO student_credential(usn,password)VALUES('1PI14BTE55','1PI14BTE55');
INSERT INTO student(usn,name,sem,dept,email,mob) VALUES('1PI14BTE56','ammem',7,'BTE','ammem@gmail.com',939385756);
INSERT INTO student_credential(usn,password)VALUES('1PI14BTE56','1PI14BTE56');
INSERT INTO student(usn,name,sem,dept,email,mob) VALUES('1PI14BTE57','hqpyi',7,'BTE','hqpyi@gmail.com',939385757);
INSERT INTO student_credential(usn,password)VALUES('1PI14BTE57','1PI14BTE57');
INSERT INTO student(usn,name,sem,dept,email,mob) VALUES('1PI14BTE58','owmnl',7,'BTE','owmnl@gmail.com',939385758);
INSERT INTO student_credential(usn,password)VALUES('1PI14BTE58','1PI14BTE58');
INSERT INTO student(usn,name,sem,dept,email,mob) VALUES('1PI14BTE59','qaefz',7,'BTE','qaefz@gmail.com',939385759);
INSERT INTO student_credential(usn,password)VALUES('1PI14BTE59','1PI14BTE59');
INSERT INTO student(usn,name,sem,dept,email,mob) VALUES('1PI14BTE60','siotp',7,'BTE','siotp@gmail.com',939385760);
INSERT INTO student_credential(usn,password)VALUES('1PI14BTE60','1PI14BTE60');
INSERT INTO student(usn,name,sem,dept,email,mob) VALUES('1PI14BTE61','xjwoc',7,'BTE','xjwoc@gmail.com',939385761);
INSERT INTO student_credential(usn,password)VALUES('1PI14BTE61','1PI14BTE61');
INSERT INTO student(usn,name,sem,dept,email,mob) VALUES('1PI14BTE62','jeumc',7,'BTE','jeumc@gmail.com',939385762);
INSERT INTO student_credential(usn,password)VALUES('1PI14BTE62','1PI14BTE62');
INSERT INTO student(usn,name,sem,dept,email,mob) VALUES('1PI14BTE63','jdqsz',7,'BTE','jdqsz@gmail.com',939385763);
INSERT INTO student_credential(usn,password)VALUES('1PI14BTE63','1PI14BTE63');
INSERT INTO student(usn,name,sem,dept,email,mob) VALUES('1PI14BTE64','rrrug',7,'BTE','rrrug@gmail.com',939385764);
INSERT INTO student_credential(usn,password)VALUES('1PI14BTE64','1PI14BTE64');
INSERT INTO student(usn,name,sem,dept,email,mob) VALUES('1PI14BTE65','imnjb',7,'BTE','imnjb@gmail.com',939385765);
INSERT INTO student_credential(usn,password)VALUES('1PI14BTE65','1PI14BTE65');
INSERT INTO student(usn,name,sem,dept,email,mob) VALUES('1PI14BTE66','jalql',7,'BTE','jalql@gmail.com',939385766);
INSERT INTO student_credential(usn,password)VALUES('1PI14BTE66','1PI14BTE66');
INSERT INTO student(usn,name,sem,dept,email,mob) VALUES('1PI14BTE67','rcezj',7,'BTE','rcezj@gmail.com',939385767);
INSERT INTO student_credential(usn,password)VALUES('1PI14BTE67','1PI14BTE67');
INSERT INTO student(usn,name,sem,dept,email,mob) VALUES('1PI14BTE68','fxchw',7,'BTE','fxchw@gmail.com',939385768);
INSERT INTO student_credential(usn,password)VALUES('1PI14BTE68','1PI14BTE68');
INSERT INTO student(usn,name,sem,dept,email,mob) VALUES('1PI14BTE69','ddxon',7,'BTE','ddxon@gmail.com',939385769);
INSERT INTO student_credential(usn,password)VALUES('1PI14BTE69','1PI14BTE69');
INSERT INTO student(usn,name,sem,dept,email,mob) VALUES('1PI14BTE70','zmnjv',7,'BTE','zmnjv@gmail.com',939385770);
INSERT INTO student_credential(usn,password)VALUES('1PI14BTE70','1PI14BTE70');
INSERT INTO student(usn,name,sem,dept,email,mob) VALUES('1PI14BTE71','lrjxr',7,'BTE','lrjxr@gmail.com',939385771);
INSERT INTO student_credential(usn,password)VALUES('1PI14BTE71','1PI14BTE71');
INSERT INTO student(usn,name,sem,dept,email,mob) VALUES('1PI14BTE72','xwkdu',7,'BTE','xwkdu@gmail.com',939385772);
INSERT INTO student_credential(usn,password)VALUES('1PI14BTE72','1PI14BTE72');
INSERT INTO student(usn,name,sem,dept,email,mob) VALUES('1PI14BTE73','ooerc',7,'BTE','ooerc@gmail.com',939385773);
INSERT INTO student_credential(usn,password)VALUES('1PI14BTE73','1PI14BTE73');
INSERT INTO student(usn,name,sem,dept,email,mob) VALUES('1PI14BTE74','teeqd',7,'BTE','teeqd@gmail.com',939385774);
INSERT INTO student_credential(usn,password)VALUES('1PI14BTE74','1PI14BTE74');
INSERT INTO student(usn,name,sem,dept,email,mob) VALUES('1PI14BTE75','vdlrw',7,'BTE','vdlrw@gmail.com',939385775);
INSERT INTO student_credential(usn,password)VALUES('1PI14BTE75','1PI14BTE75');
INSERT INTO student(usn,name,sem,dept,email,mob) VALUES('1PI14BTE76','amnky',7,'BTE','amnky@gmail.com',939385776);
INSERT INTO student_credential(usn,password)VALUES('1PI14BTE76','1PI14BTE76');
INSERT INTO student(usn,name,sem,dept,email,mob) VALUES('1PI14BTE77','xjsxp',7,'BTE','xjsxp@gmail.com',939385777);
INSERT INTO student_credential(usn,password)VALUES('1PI14BTE77','1PI14BTE77');
INSERT INTO student(usn,name,sem,dept,email,mob) VALUES('1PI14BTE78','fdlze',7,'BTE','fdlze@gmail.com',939385778);
INSERT INTO student_credential(usn,password)VALUES('1PI14BTE78','1PI14BTE78');
INSERT INTO student(usn,name,sem,dept,email,mob) VALUES('1PI14BTE79','hbgkv',7,'BTE','hbgkv@gmail.com',939385779);
INSERT INTO student_credential(usn,password)VALUES('1PI14BTE79','1PI14BTE79');
INSERT INTO student(usn,name,sem,dept,email,mob) VALUES('1PI14BTE80','ypxfs',7,'BTE','ypxfs@gmail.com',939385780);
INSERT INTO student_credential(usn,password)VALUES('1PI14BTE80','1PI14BTE80');
INSERT INTO student(usn,name,sem,dept,email,mob) VALUES('1PI14BTE81','mqhib',7,'BTE','mqhib@gmail.com',939385781);
INSERT INTO student_credential(usn,password)VALUES('1PI14BTE81','1PI14BTE81');
INSERT INTO student(usn,name,sem,dept,email,mob) VALUES('1PI14BTE82','ngjtg',7,'BTE','ngjtg@gmail.com',939385782);
INSERT INTO student_credential(usn,password)VALUES('1PI14BTE82','1PI14BTE82');
INSERT INTO student(usn,name,sem,dept,email,mob) VALUES('1PI14BTE83','rkpfe',7,'BTE','rkpfe@gmail.com',939385783);
INSERT INTO student_credential(usn,password)VALUES('1PI14BTE83','1PI14BTE83');
INSERT INTO student(usn,name,sem,dept,email,mob) VALUES('1PI14BTE84','rayxd',7,'BTE','rayxd@gmail.com',939385784);
INSERT INTO student_credential(usn,password)VALUES('1PI14BTE84','1PI14BTE84');
INSERT INTO student(usn,name,sem,dept,email,mob) VALUES('1PI14BTE85','znpgk',7,'BTE','znpgk@gmail.com',939385785);
INSERT INTO student_credential(usn,password)VALUES('1PI14BTE85','1PI14BTE85');
INSERT INTO student(usn,name,sem,dept,email,mob) VALUES('1PI14BTE86','sdfpd',7,'BTE','sdfpd@gmail.com',939385786);
INSERT INTO student_credential(usn,password)VALUES('1PI14BTE86','1PI14BTE86');
INSERT INTO student(usn,name,sem,dept,email,mob) VALUES('1PI14BTE87','jobic',7,'BTE','jobic@gmail.com',939385787);
INSERT INTO student_credential(usn,password)VALUES('1PI14BTE87','1PI14BTE87');
INSERT INTO student(usn,name,sem,dept,email,mob) VALUES('1PI14BTE88','qfqmf',7,'BTE','qfqmf@gmail.com',939385788);
INSERT INTO student_credential(usn,password)VALUES('1PI14BTE88','1PI14BTE88');
INSERT INTO student(usn,name,sem,dept,email,mob) VALUES('1PI14BTE89','stqhp',7,'BTE','stqhp@gmail.com',939385789);
INSERT INTO student_credential(usn,password)VALUES('1PI14BTE89','1PI14BTE89');
INSERT INTO student(usn,name,sem,dept,email,mob) VALUES('1PI14BTE90','fmcpm',7,'BTE','fmcpm@gmail.com',939385790);
INSERT INTO student_credential(usn,password)VALUES('1PI14BTE90','1PI14BTE90');
INSERT INTO student(usn,name,sem,dept,email,mob) VALUES('1PI14BTE91','fdcdc',7,'BTE','fdcdc@gmail.com',939385791);
INSERT INTO student_credential(usn,password)VALUES('1PI14BTE91','1PI14BTE91');
INSERT INTO student(usn,name,sem,dept,email,mob) VALUES('1PI14BTE92','cmodl',7,'BTE','cmodl@gmail.com',939385792);
INSERT INTO student_credential(usn,password)VALUES('1PI14BTE92','1PI14BTE92');
INSERT INTO student(usn,name,sem,dept,email,mob) VALUES('1PI14BTE93','qjqgw',7,'BTE','qjqgw@gmail.com',939385793);
INSERT INTO student_credential(usn,password)VALUES('1PI14BTE93','1PI14BTE93');
INSERT INTO student(usn,name,sem,dept,email,mob) VALUES('1PI14BTE94','jofnu',7,'BTE','jofnu@gmail.com',939385794);
INSERT INTO student_credential(usn,password)VALUES('1PI14BTE94','1PI14BTE94');
INSERT INTO student(usn,name,sem,dept,email,mob) VALUES('1PI14BTE95','qnpmh',7,'BTE','qnpmh@gmail.com',939385795);
INSERT INTO student_credential(usn,password)VALUES('1PI14BTE95','1PI14BTE95');
INSERT INTO student(usn,name,sem,dept,email,mob) VALUES('1PI14BTE96','dvkze',7,'BTE','dvkze@gmail.com',939385796);
INSERT INTO student_credential(usn,password)VALUES('1PI14BTE96','1PI14BTE96');
INSERT INTO student(usn,name,sem,dept,email,mob) VALUES('1PI14BTE97','bnlig',7,'BTE','bnlig@gmail.com',939385797);
INSERT INTO student_credential(usn,password)VALUES('1PI14BTE97','1PI14BTE97');
INSERT INTO student(usn,name,sem,dept,email,mob) VALUES('1PI14BTE98','kjfsw',7,'BTE','kjfsw@gmail.com',939385798);
INSERT INTO student_credential(usn,password)VALUES('1PI14BTE98','1PI14BTE98');
INSERT INTO student(usn,name,sem,dept,email,mob) VALUES('1PI14BTE99','cxwcu',7,'BTE','cxwcu@gmail.com',939385799);
INSERT INTO student_credential(usn,password)VALUES('1PI14BTE99','1PI14BTE99');
INSERT INTO student(usn,name,sem,dept,email,mob) VALUES('1PI16BTE0','jwhep',5,'BTE','jwhep@gmail.com',939385500);
INSERT INTO student_credential(usn,password)VALUES('1PI16BTE0','1PI16BTE0');
INSERT INTO student(usn,name,sem,dept,email,mob) VALUES('1PI16BTE1','dbsgt',5,'BTE','dbsgt@gmail.com',939385501);
INSERT INTO student_credential(usn,password)VALUES('1PI16BTE1','1PI16BTE1');
INSERT INTO student(usn,name,sem,dept,email,mob) VALUES('1PI16BTE2','ffkby',5,'BTE','ffkby@gmail.com',939385502);
INSERT INTO student_credential(usn,password)VALUES('1PI16BTE2','1PI16BTE2');
INSERT INTO student(usn,name,sem,dept,email,mob) VALUES('1PI16BTE3','keuhn',5,'BTE','keuhn@gmail.com',939385503);
INSERT INTO student_credential(usn,password)VALUES('1PI16BTE3','1PI16BTE3');
INSERT INTO student(usn,name,sem,dept,email,mob) VALUES('1PI16BTE4','fzngk',5,'BTE','fzngk@gmail.com',939385504);
INSERT INTO student_credential(usn,password)VALUES('1PI16BTE4','1PI16BTE4');
INSERT INTO student(usn,name,sem,dept,email,mob) VALUES('1PI16BTE5','pmvqt',5,'BTE','pmvqt@gmail.com',939385505);
INSERT INTO student_credential(usn,password)VALUES('1PI16BTE5','1PI16BTE5');
INSERT INTO student(usn,name,sem,dept,email,mob) VALUES('1PI16BTE6','hejjr',5,'BTE','hejjr@gmail.com',939385506);
INSERT INTO student_credential(usn,password)VALUES('1PI16BTE6','1PI16BTE6');
INSERT INTO student(usn,name,sem,dept,email,mob) VALUES('1PI16BTE7','bzhrc',5,'BTE','bzhrc@gmail.com',939385507);
INSERT INTO student_credential(usn,password)VALUES('1PI16BTE7','1PI16BTE7');
INSERT INTO student(usn,name,sem,dept,email,mob) VALUES('1PI16BTE8','ggoew',5,'BTE','ggoew@gmail.com',939385508);
INSERT INTO student_credential(usn,password)VALUES('1PI16BTE8','1PI16BTE8');
INSERT INTO student(usn,name,sem,dept,email,mob) VALUES('1PI16BTE9','vrxbw',5,'BTE','vrxbw@gmail.com',939385509);
INSERT INTO student_credential(usn,password)VALUES('1PI16BTE9','1PI16BTE9');
INSERT INTO student(usn,name,sem,dept,email,mob) VALUES('1PI16BTE10','yszbl',5,'BTE','yszbl@gmail.com',939385510);
INSERT INTO student_credential(usn,password)VALUES('1PI16BTE10','1PI16BTE10');
INSERT INTO student(usn,name,sem,dept,email,mob) VALUES('1PI16BTE11','qgpwj',5,'BTE','qgpwj@gmail.com',939385511);
INSERT INTO student_credential(usn,password)VALUES('1PI16BTE11','1PI16BTE11');
INSERT INTO student(usn,name,sem,dept,email,mob) VALUES('1PI16BTE12','pltjf',5,'BTE','pltjf@gmail.com',939385512);
INSERT INTO student_credential(usn,password)VALUES('1PI16BTE12','1PI16BTE12');
INSERT INTO student(usn,name,sem,dept,email,mob) VALUES('1PI16BTE13','rqcoc',5,'BTE','rqcoc@gmail.com',939385513);
INSERT INTO student_credential(usn,password)VALUES('1PI16BTE13','1PI16BTE13');
INSERT INTO student(usn,name,sem,dept,email,mob) VALUES('1PI16BTE14','qxylu',5,'BTE','qxylu@gmail.com',939385514);
INSERT INTO student_credential(usn,password)VALUES('1PI16BTE14','1PI16BTE14');
INSERT INTO student(usn,name,sem,dept,email,mob) VALUES('1PI16BTE15','ttlwh',5,'BTE','ttlwh@gmail.com',939385515);
INSERT INTO student_credential(usn,password)VALUES('1PI16BTE15','1PI16BTE15');
INSERT INTO student(usn,name,sem,dept,email,mob) VALUES('1PI16BTE16','tzasn',5,'BTE','tzasn@gmail.com',939385516);
INSERT INTO student_credential(usn,password)VALUES('1PI16BTE16','1PI16BTE16');
INSERT INTO student(usn,name,sem,dept,email,mob) VALUES('1PI16BTE17','qeoyj',5,'BTE','qeoyj@gmail.com',939385517);
INSERT INTO student_credential(usn,password)VALUES('1PI16BTE17','1PI16BTE17');
INSERT INTO student(usn,name,sem,dept,email,mob) VALUES('1PI16BTE18','bxkiq',5,'BTE','bxkiq@gmail.com',939385518);
INSERT INTO student_credential(usn,password)VALUES('1PI16BTE18','1PI16BTE18');
INSERT INTO student(usn,name,sem,dept,email,mob) VALUES('1PI16BTE19','majag',5,'BTE','majag@gmail.com',939385519);
INSERT INTO student_credential(usn,password)VALUES('1PI16BTE19','1PI16BTE19');
INSERT INTO student(usn,name,sem,dept,email,mob) VALUES('1PI16BTE20','fhzzf',5,'BTE','fhzzf@gmail.com',939385520);
INSERT INTO student_credential(usn,password)VALUES('1PI16BTE20','1PI16BTE20');
INSERT INTO student(usn,name,sem,dept,email,mob) VALUES('1PI16BTE21','bdvfu',5,'BTE','bdvfu@gmail.com',939385521);
INSERT INTO student_credential(usn,password)VALUES('1PI16BTE21','1PI16BTE21');
INSERT INTO student(usn,name,sem,dept,email,mob) VALUES('1PI16BTE22','yurlv',5,'BTE','yurlv@gmail.com',939385522);
INSERT INTO student_credential(usn,password)VALUES('1PI16BTE22','1PI16BTE22');
INSERT INTO student(usn,name,sem,dept,email,mob) VALUES('1PI16BTE23','urnwr',5,'BTE','urnwr@gmail.com',939385523);
INSERT INTO student_credential(usn,password)VALUES('1PI16BTE23','1PI16BTE23');
INSERT INTO student(usn,name,sem,dept,email,mob) VALUES('1PI16BTE24','amcad',5,'BTE','amcad@gmail.com',939385524);
INSERT INTO student_credential(usn,password)VALUES('1PI16BTE24','1PI16BTE24');
INSERT INTO student(usn,name,sem,dept,email,mob) VALUES('1PI16BTE25','unwug',5,'BTE','unwug@gmail.com',939385525);
INSERT INTO student_credential(usn,password)VALUES('1PI16BTE25','1PI16BTE25');
INSERT INTO student(usn,name,sem,dept,email,mob) VALUES('1PI16BTE26','tuesh',5,'BTE','tuesh@gmail.com',939385526);
INSERT INTO student_credential(usn,password)VALUES('1PI16BTE26','1PI16BTE26');
INSERT INTO student(usn,name,sem,dept,email,mob) VALUES('1PI16BTE27','xmgzv',5,'BTE','xmgzv@gmail.com',939385527);
INSERT INTO student_credential(usn,password)VALUES('1PI16BTE27','1PI16BTE27');
INSERT INTO student(usn,name,sem,dept,email,mob) VALUES('1PI16BTE28','srmci',5,'BTE','srmci@gmail.com',939385528);
INSERT INTO student_credential(usn,password)VALUES('1PI16BTE28','1PI16BTE28');
INSERT INTO student(usn,name,sem,dept,email,mob) VALUES('1PI16BTE29','fbvra',5,'BTE','fbvra@gmail.com',939385529);
INSERT INTO student_credential(usn,password)VALUES('1PI16BTE29','1PI16BTE29');
INSERT INTO student(usn,name,sem,dept,email,mob) VALUES('1PI16BTE30','sucuv',5,'BTE','sucuv@gmail.com',939385530);
INSERT INTO student_credential(usn,password)VALUES('1PI16BTE30','1PI16BTE30');
INSERT INTO student(usn,name,sem,dept,email,mob) VALUES('1PI16BTE31','ivowl',5,'BTE','ivowl@gmail.com',939385531);
INSERT INTO student_credential(usn,password)VALUES('1PI16BTE31','1PI16BTE31');
INSERT INTO student(usn,name,sem,dept,email,mob) VALUES('1PI16BTE32','zivli',5,'BTE','zivli@gmail.com',939385532);
INSERT INTO student_credential(usn,password)VALUES('1PI16BTE32','1PI16BTE32');
INSERT INTO student(usn,name,sem,dept,email,mob) VALUES('1PI16BTE33','iczpu',5,'BTE','iczpu@gmail.com',939385533);
INSERT INTO student_credential(usn,password)VALUES('1PI16BTE33','1PI16BTE33');
INSERT INTO student(usn,name,sem,dept,email,mob) VALUES('1PI16BTE34','sswaf',5,'BTE','sswaf@gmail.com',939385534);
INSERT INTO student_credential(usn,password)VALUES('1PI16BTE34','1PI16BTE34');
INSERT INTO student(usn,name,sem,dept,email,mob) VALUES('1PI16BTE35','kenwe',5,'BTE','kenwe@gmail.com',939385535);
INSERT INTO student_credential(usn,password)VALUES('1PI16BTE35','1PI16BTE35');
INSERT INTO student(usn,name,sem,dept,email,mob) VALUES('1PI16BTE36','mocim',5,'BTE','mocim@gmail.com',939385536);
INSERT INTO student_credential(usn,password)VALUES('1PI16BTE36','1PI16BTE36');
INSERT INTO student(usn,name,sem,dept,email,mob) VALUES('1PI16BTE37','lmsle',5,'BTE','lmsle@gmail.com',939385537);
INSERT INTO student_credential(usn,password)VALUES('1PI16BTE37','1PI16BTE37');
INSERT INTO student(usn,name,sem,dept,email,mob) VALUES('1PI16BTE38','bfiia',5,'BTE','bfiia@gmail.com',939385538);
INSERT INTO student_credential(usn,password)VALUES('1PI16BTE38','1PI16BTE38');
INSERT INTO student(usn,name,sem,dept,email,mob) VALUES('1PI16BTE39','rgfmu',5,'BTE','rgfmu@gmail.com',939385539);
INSERT INTO student_credential(usn,password)VALUES('1PI16BTE39','1PI16BTE39');
INSERT INTO student(usn,name,sem,dept,email,mob) VALUES('1PI16BTE40','abizm',5,'BTE','abizm@gmail.com',939385540);
INSERT INTO student_credential(usn,password)VALUES('1PI16BTE40','1PI16BTE40');
INSERT INTO student(usn,name,sem,dept,email,mob) VALUES('1PI16BTE41','yqpth',5,'BTE','yqpth@gmail.com',939385541);
INSERT INTO student_credential(usn,password)VALUES('1PI16BTE41','1PI16BTE41');
INSERT INTO student(usn,name,sem,dept,email,mob) VALUES('1PI16BTE42','dmzei',5,'BTE','dmzei@gmail.com',939385542);
INSERT INTO student_credential(usn,password)VALUES('1PI16BTE42','1PI16BTE42');
INSERT INTO student(usn,name,sem,dept,email,mob) VALUES('1PI16BTE43','egqcj',5,'BTE','egqcj@gmail.com',939385543);
INSERT INTO student_credential(usn,password)VALUES('1PI16BTE43','1PI16BTE43');
INSERT INTO student(usn,name,sem,dept,email,mob) VALUES('1PI16BTE44','tsjhq',5,'BTE','tsjhq@gmail.com',939385544);
INSERT INTO student_credential(usn,password)VALUES('1PI16BTE44','1PI16BTE44');
INSERT INTO student(usn,name,sem,dept,email,mob) VALUES('1PI16BTE45','kmvwz',5,'BTE','kmvwz@gmail.com',939385545);
INSERT INTO student_credential(usn,password)VALUES('1PI16BTE45','1PI16BTE45');
INSERT INTO student(usn,name,sem,dept,email,mob) VALUES('1PI16BTE46','edalk',5,'BTE','edalk@gmail.com',939385546);
INSERT INTO student_credential(usn,password)VALUES('1PI16BTE46','1PI16BTE46');
INSERT INTO student(usn,name,sem,dept,email,mob) VALUES('1PI16BTE47','jdvmz',5,'BTE','jdvmz@gmail.com',939385547);
INSERT INTO student_credential(usn,password)VALUES('1PI16BTE47','1PI16BTE47');
INSERT INTO student(usn,name,sem,dept,email,mob) VALUES('1PI16BTE48','grxok',5,'BTE','grxok@gmail.com',939385548);
INSERT INTO student_credential(usn,password)VALUES('1PI16BTE48','1PI16BTE48');
INSERT INTO student(usn,name,sem,dept,email,mob) VALUES('1PI16BTE49','chgoa',5,'BTE','chgoa@gmail.com',939385549);
INSERT INTO student_credential(usn,password)VALUES('1PI16BTE49','1PI16BTE49');
INSERT INTO student(usn,name,sem,dept,email,mob) VALUES('1PI16BTE50','lguqc',5,'BTE','lguqc@gmail.com',939385550);
INSERT INTO student_credential(usn,password)VALUES('1PI16BTE50','1PI16BTE50');
INSERT INTO student(usn,name,sem,dept,email,mob) VALUES('1PI16BTE51','nqyro',5,'BTE','nqyro@gmail.com',939385551);
INSERT INTO student_credential(usn,password)VALUES('1PI16BTE51','1PI16BTE51');
INSERT INTO student(usn,name,sem,dept,email,mob) VALUES('1PI16BTE52','kqmjs',5,'BTE','kqmjs@gmail.com',939385552);
INSERT INTO student_credential(usn,password)VALUES('1PI16BTE52','1PI16BTE52');
INSERT INTO student(usn,name,sem,dept,email,mob) VALUES('1PI16BTE53','zjwsd',5,'BTE','zjwsd@gmail.com',939385553);
INSERT INTO student_credential(usn,password)VALUES('1PI16BTE53','1PI16BTE53');
INSERT INTO student(usn,name,sem,dept,email,mob) VALUES('1PI16BTE54','gcofg',5,'BTE','gcofg@gmail.com',939385554);
INSERT INTO student_credential(usn,password)VALUES('1PI16BTE54','1PI16BTE54');
INSERT INTO student(usn,name,sem,dept,email,mob) VALUES('1PI16BTE55','lcqgd',5,'BTE','lcqgd@gmail.com',939385555);
INSERT INTO student_credential(usn,password)VALUES('1PI16BTE55','1PI16BTE55');
INSERT INTO student(usn,name,sem,dept,email,mob) VALUES('1PI16BTE56','ndbyp',5,'BTE','ndbyp@gmail.com',939385556);
INSERT INTO student_credential(usn,password)VALUES('1PI16BTE56','1PI16BTE56');
INSERT INTO student(usn,name,sem,dept,email,mob) VALUES('1PI16BTE57','qqidc',5,'BTE','qqidc@gmail.com',939385557);
INSERT INTO student_credential(usn,password)VALUES('1PI16BTE57','1PI16BTE57');
INSERT INTO student(usn,name,sem,dept,email,mob) VALUES('1PI16BTE58','lzxsq',5,'BTE','lzxsq@gmail.com',939385558);
INSERT INTO student_credential(usn,password)VALUES('1PI16BTE58','1PI16BTE58');
INSERT INTO student(usn,name,sem,dept,email,mob) VALUES('1PI16BTE59','bjwip',5,'BTE','bjwip@gmail.com',939385559);
INSERT INTO student_credential(usn,password)VALUES('1PI16BTE59','1PI16BTE59');
INSERT INTO student(usn,name,sem,dept,email,mob) VALUES('1PI16BTE60','loxde',5,'BTE','loxde@gmail.com',939385560);
INSERT INTO student_credential(usn,password)VALUES('1PI16BTE60','1PI16BTE60');
INSERT INTO student(usn,name,sem,dept,email,mob) VALUES('1PI16BTE61','rklgb',5,'BTE','rklgb@gmail.com',939385561);
INSERT INTO student_credential(usn,password)VALUES('1PI16BTE61','1PI16BTE61');
INSERT INTO student(usn,name,sem,dept,email,mob) VALUES('1PI16BTE62','xgogn',5,'BTE','xgogn@gmail.com',939385562);
INSERT INTO student_credential(usn,password)VALUES('1PI16BTE62','1PI16BTE62');
INSERT INTO student(usn,name,sem,dept,email,mob) VALUES('1PI16BTE63','wyunr',5,'BTE','wyunr@gmail.com',939385563);
INSERT INTO student_credential(usn,password)VALUES('1PI16BTE63','1PI16BTE63');
INSERT INTO student(usn,name,sem,dept,email,mob) VALUES('1PI16BTE64','numfo',5,'BTE','numfo@gmail.com',939385564);
INSERT INTO student_credential(usn,password)VALUES('1PI16BTE64','1PI16BTE64');
INSERT INTO student(usn,name,sem,dept,email,mob) VALUES('1PI16BTE65','lbale',5,'BTE','lbale@gmail.com',939385565);
INSERT INTO student_credential(usn,password)VALUES('1PI16BTE65','1PI16BTE65');
INSERT INTO student(usn,name,sem,dept,email,mob) VALUES('1PI16BTE66','zrokn',5,'BTE','zrokn@gmail.com',939385566);
INSERT INTO student_credential(usn,password)VALUES('1PI16BTE66','1PI16BTE66');
INSERT INTO student(usn,name,sem,dept,email,mob) VALUES('1PI16BTE67','kjnwr',5,'BTE','kjnwr@gmail.com',939385567);
INSERT INTO student_credential(usn,password)VALUES('1PI16BTE67','1PI16BTE67');
INSERT INTO student(usn,name,sem,dept,email,mob) VALUES('1PI16BTE68','webge',5,'BTE','webge@gmail.com',939385568);
INSERT INTO student_credential(usn,password)VALUES('1PI16BTE68','1PI16BTE68');
INSERT INTO student(usn,name,sem,dept,email,mob) VALUES('1PI16BTE69','lzbgi',5,'BTE','lzbgi@gmail.com',939385569);
INSERT INTO student_credential(usn,password)VALUES('1PI16BTE69','1PI16BTE69');
INSERT INTO student(usn,name,sem,dept,email,mob) VALUES('1PI16BTE70','qdscw',5,'BTE','qdscw@gmail.com',939385570);
INSERT INTO student_credential(usn,password)VALUES('1PI16BTE70','1PI16BTE70');
INSERT INTO student(usn,name,sem,dept,email,mob) VALUES('1PI16BTE71','tsbxx',5,'BTE','tsbxx@gmail.com',939385571);
INSERT INTO student_credential(usn,password)VALUES('1PI16BTE71','1PI16BTE71');
INSERT INTO student(usn,name,sem,dept,email,mob) VALUES('1PI16BTE72','zkghs',5,'BTE','zkghs@gmail.com',939385572);
INSERT INTO student_credential(usn,password)VALUES('1PI16BTE72','1PI16BTE72');
INSERT INTO student(usn,name,sem,dept,email,mob) VALUES('1PI16BTE73','kgexl',5,'BTE','kgexl@gmail.com',939385573);
INSERT INTO student_credential(usn,password)VALUES('1PI16BTE73','1PI16BTE73');
INSERT INTO student(usn,name,sem,dept,email,mob) VALUES('1PI16BTE74','evgxn',5,'BTE','evgxn@gmail.com',939385574);
INSERT INTO student_credential(usn,password)VALUES('1PI16BTE74','1PI16BTE74');
INSERT INTO student(usn,name,sem,dept,email,mob) VALUES('1PI16BTE75','ydqvt',5,'BTE','ydqvt@gmail.com',939385575);
INSERT INTO student_credential(usn,password)VALUES('1PI16BTE75','1PI16BTE75');
INSERT INTO student(usn,name,sem,dept,email,mob) VALUES('1PI16BTE76','yjsll',5,'BTE','yjsll@gmail.com',939385576);
INSERT INTO student_credential(usn,password)VALUES('1PI16BTE76','1PI16BTE76');
INSERT INTO student(usn,name,sem,dept,email,mob) VALUES('1PI16BTE77','qkeht',5,'BTE','qkeht@gmail.com',939385577);
INSERT INTO student_credential(usn,password)VALUES('1PI16BTE77','1PI16BTE77');
INSERT INTO student(usn,name,sem,dept,email,mob) VALUES('1PI16BTE78','liauy',5,'BTE','liauy@gmail.com',939385578);
INSERT INTO student_credential(usn,password)VALUES('1PI16BTE78','1PI16BTE78');
INSERT INTO student(usn,name,sem,dept,email,mob) VALUES('1PI16BTE79','iccqd',5,'BTE','iccqd@gmail.com',939385579);
INSERT INTO student_credential(usn,password)VALUES('1PI16BTE79','1PI16BTE79');
INSERT INTO student(usn,name,sem,dept,email,mob) VALUES('1PI16BTE80','mfiej',5,'BTE','mfiej@gmail.com',939385580);
INSERT INTO student_credential(usn,password)VALUES('1PI16BTE80','1PI16BTE80');
INSERT INTO student(usn,name,sem,dept,email,mob) VALUES('1PI16BTE81','rqnrn',5,'BTE','rqnrn@gmail.com',939385581);
INSERT INTO student_credential(usn,password)VALUES('1PI16BTE81','1PI16BTE81');
INSERT INTO student(usn,name,sem,dept,email,mob) VALUES('1PI16BTE82','azcrf',5,'BTE','azcrf@gmail.com',939385582);
INSERT INTO student_credential(usn,password)VALUES('1PI16BTE82','1PI16BTE82');
INSERT INTO student(usn,name,sem,dept,email,mob) VALUES('1PI16BTE83','hpbjm',5,'BTE','hpbjm@gmail.com',939385583);
INSERT INTO student_credential(usn,password)VALUES('1PI16BTE83','1PI16BTE83');
INSERT INTO student(usn,name,sem,dept,email,mob) VALUES('1PI16BTE84','rfbyq',5,'BTE','rfbyq@gmail.com',939385584);
INSERT INTO student_credential(usn,password)VALUES('1PI16BTE84','1PI16BTE84');
INSERT INTO student(usn,name,sem,dept,email,mob) VALUES('1PI16BTE85','mhdab',5,'BTE','mhdab@gmail.com',939385585);
INSERT INTO student_credential(usn,password)VALUES('1PI16BTE85','1PI16BTE85');
INSERT INTO student(usn,name,sem,dept,email,mob) VALUES('1PI16BTE86','alhti',5,'BTE','alhti@gmail.com',939385586);
INSERT INTO student_credential(usn,password)VALUES('1PI16BTE86','1PI16BTE86');
INSERT INTO student(usn,name,sem,dept,email,mob) VALUES('1PI16BTE87','gpqmw',5,'BTE','gpqmw@gmail.com',939385587);
INSERT INTO student_credential(usn,password)VALUES('1PI16BTE87','1PI16BTE87');
INSERT INTO student(usn,name,sem,dept,email,mob) VALUES('1PI16BTE88','fonte',5,'BTE','fonte@gmail.com',939385588);
INSERT INTO student_credential(usn,password)VALUES('1PI16BTE88','1PI16BTE88');
INSERT INTO student(usn,name,sem,dept,email,mob) VALUES('1PI16BTE89','prchd',5,'BTE','prchd@gmail.com',939385589);
INSERT INTO student_credential(usn,password)VALUES('1PI16BTE89','1PI16BTE89');
INSERT INTO student(usn,name,sem,dept,email,mob) VALUES('1PI16BTE90','dweqd',5,'BTE','dweqd@gmail.com',939385590);
INSERT INTO student_credential(usn,password)VALUES('1PI16BTE90','1PI16BTE90');
INSERT INTO student(usn,name,sem,dept,email,mob) VALUES('1PI16BTE91','ohspj',5,'BTE','ohspj@gmail.com',939385591);
INSERT INTO student_credential(usn,password)VALUES('1PI16BTE91','1PI16BTE91');
INSERT INTO student(usn,name,sem,dept,email,mob) VALUES('1PI16BTE92','dgvlz',5,'BTE','dgvlz@gmail.com',939385592);
INSERT INTO student_credential(usn,password)VALUES('1PI16BTE92','1PI16BTE92');
INSERT INTO student(usn,name,sem,dept,email,mob) VALUES('1PI16BTE93','mjbmw',5,'BTE','mjbmw@gmail.com',939385593);
INSERT INTO student_credential(usn,password)VALUES('1PI16BTE93','1PI16BTE93');
INSERT INTO student(usn,name,sem,dept,email,mob) VALUES('1PI16BTE94','eoile',5,'BTE','eoile@gmail.com',939385594);
INSERT INTO student_credential(usn,password)VALUES('1PI16BTE94','1PI16BTE94');
INSERT INTO student(usn,name,sem,dept,email,mob) VALUES('1PI16BTE95','jrpks',5,'BTE','jrpks@gmail.com',939385595);
INSERT INTO student_credential(usn,password)VALUES('1PI16BTE95','1PI16BTE95');
INSERT INTO student(usn,name,sem,dept,email,mob) VALUES('1PI16BTE96','bxees',5,'BTE','bxees@gmail.com',939385596);
INSERT INTO student_credential(usn,password)VALUES('1PI16BTE96','1PI16BTE96');
INSERT INTO student(usn,name,sem,dept,email,mob) VALUES('1PI16BTE97','tgpsm',5,'BTE','tgpsm@gmail.com',939385597);
INSERT INTO student_credential(usn,password)VALUES('1PI16BTE97','1PI16BTE97');
INSERT INTO student(usn,name,sem,dept,email,mob) VALUES('1PI16BTE98','nmalp',5,'BTE','nmalp@gmail.com',939385598);
INSERT INTO student_credential(usn,password)VALUES('1PI16BTE98','1PI16BTE98');
INSERT INTO student(usn,name,sem,dept,email,mob) VALUES('1PI16BTE99','uswib',5,'BTE','uswib@gmail.com',939385599);
INSERT INTO student_credential(usn,password)VALUES('1PI16BTE99','1PI16BTE99');
INSERT INTO student(usn,name,sem,dept,email,mob) VALUES('1PI18BTE0','ubaqv',3,'BTE','ubaqv@gmail.com',939385300);
INSERT INTO student_credential(usn,password)VALUES('1PI18BTE0','1PI18BTE0');
INSERT INTO student(usn,name,sem,dept,email,mob) VALUES('1PI18BTE1','otcay',3,'BTE','otcay@gmail.com',939385301);
INSERT INTO student_credential(usn,password)VALUES('1PI18BTE1','1PI18BTE1');
INSERT INTO student(usn,name,sem,dept,email,mob) VALUES('1PI18BTE2','tbtuz',3,'BTE','tbtuz@gmail.com',939385302);
INSERT INTO student_credential(usn,password)VALUES('1PI18BTE2','1PI18BTE2');
INSERT INTO student(usn,name,sem,dept,email,mob) VALUES('1PI18BTE3','dtwsy',3,'BTE','dtwsy@gmail.com',939385303);
INSERT INTO student_credential(usn,password)VALUES('1PI18BTE3','1PI18BTE3');
INSERT INTO student(usn,name,sem,dept,email,mob) VALUES('1PI18BTE4','sjrvr',3,'BTE','sjrvr@gmail.com',939385304);
INSERT INTO student_credential(usn,password)VALUES('1PI18BTE4','1PI18BTE4');
INSERT INTO student(usn,name,sem,dept,email,mob) VALUES('1PI18BTE5','wgixz',3,'BTE','wgixz@gmail.com',939385305);
INSERT INTO student_credential(usn,password)VALUES('1PI18BTE5','1PI18BTE5');
INSERT INTO student(usn,name,sem,dept,email,mob) VALUES('1PI18BTE6','hxwhi',3,'BTE','hxwhi@gmail.com',939385306);
INSERT INTO student_credential(usn,password)VALUES('1PI18BTE6','1PI18BTE6');
INSERT INTO student(usn,name,sem,dept,email,mob) VALUES('1PI18BTE7','uhvqt',3,'BTE','uhvqt@gmail.com',939385307);
INSERT INTO student_credential(usn,password)VALUES('1PI18BTE7','1PI18BTE7');
INSERT INTO student(usn,name,sem,dept,email,mob) VALUES('1PI18BTE8','kjpqz',3,'BTE','kjpqz@gmail.com',939385308);
INSERT INTO student_credential(usn,password)VALUES('1PI18BTE8','1PI18BTE8');
INSERT INTO student(usn,name,sem,dept,email,mob) VALUES('1PI18BTE9','yyhht',3,'BTE','yyhht@gmail.com',939385309);
INSERT INTO student_credential(usn,password)VALUES('1PI18BTE9','1PI18BTE9');
INSERT INTO student(usn,name,sem,dept,email,mob) VALUES('1PI18BTE10','xmjfm',3,'BTE','xmjfm@gmail.com',939385310);
INSERT INTO student_credential(usn,password)VALUES('1PI18BTE10','1PI18BTE10');
INSERT INTO student(usn,name,sem,dept,email,mob) VALUES('1PI18BTE11','qlfwz',3,'BTE','qlfwz@gmail.com',939385311);
INSERT INTO student_credential(usn,password)VALUES('1PI18BTE11','1PI18BTE11');
INSERT INTO student(usn,name,sem,dept,email,mob) VALUES('1PI18BTE12','jfqvb',3,'BTE','jfqvb@gmail.com',939385312);
INSERT INTO student_credential(usn,password)VALUES('1PI18BTE12','1PI18BTE12');
INSERT INTO student(usn,name,sem,dept,email,mob) VALUES('1PI18BTE13','enler',3,'BTE','enler@gmail.com',939385313);
INSERT INTO student_credential(usn,password)VALUES('1PI18BTE13','1PI18BTE13');
INSERT INTO student(usn,name,sem,dept,email,mob) VALUES('1PI18BTE14','lkyaw',3,'BTE','lkyaw@gmail.com',939385314);
INSERT INTO student_credential(usn,password)VALUES('1PI18BTE14','1PI18BTE14');
INSERT INTO student(usn,name,sem,dept,email,mob) VALUES('1PI18BTE15','olvbt',3,'BTE','olvbt@gmail.com',939385315);
INSERT INTO student_credential(usn,password)VALUES('1PI18BTE15','1PI18BTE15');
INSERT INTO student(usn,name,sem,dept,email,mob) VALUES('1PI18BTE16','yzgew',3,'BTE','yzgew@gmail.com',939385316);
INSERT INTO student_credential(usn,password)VALUES('1PI18BTE16','1PI18BTE16');
INSERT INTO student(usn,name,sem,dept,email,mob) VALUES('1PI18BTE17','xcchs',3,'BTE','xcchs@gmail.com',939385317);
INSERT INTO student_credential(usn,password)VALUES('1PI18BTE17','1PI18BTE17');
INSERT INTO student(usn,name,sem,dept,email,mob) VALUES('1PI18BTE18','wmwgh',3,'BTE','wmwgh@gmail.com',939385318);
INSERT INTO student_credential(usn,password)VALUES('1PI18BTE18','1PI18BTE18');
INSERT INTO student(usn,name,sem,dept,email,mob) VALUES('1PI18BTE19','bbanc',3,'BTE','bbanc@gmail.com',939385319);
INSERT INTO student_credential(usn,password)VALUES('1PI18BTE19','1PI18BTE19');
INSERT INTO student(usn,name,sem,dept,email,mob) VALUES('1PI18BTE20','uejvm',3,'BTE','uejvm@gmail.com',939385320);
INSERT INTO student_credential(usn,password)VALUES('1PI18BTE20','1PI18BTE20');
INSERT INTO student(usn,name,sem,dept,email,mob) VALUES('1PI18BTE21','wgsff',3,'BTE','wgsff@gmail.com',939385321);
INSERT INTO student_credential(usn,password)VALUES('1PI18BTE21','1PI18BTE21');
INSERT INTO student(usn,name,sem,dept,email,mob) VALUES('1PI18BTE22','vowdl',3,'BTE','vowdl@gmail.com',939385322);
INSERT INTO student_credential(usn,password)VALUES('1PI18BTE22','1PI18BTE22');
INSERT INTO student(usn,name,sem,dept,email,mob) VALUES('1PI18BTE23','ryinx',3,'BTE','ryinx@gmail.com',939385323);
INSERT INTO student_credential(usn,password)VALUES('1PI18BTE23','1PI18BTE23');
INSERT INTO student(usn,name,sem,dept,email,mob) VALUES('1PI18BTE24','fiwfh',3,'BTE','fiwfh@gmail.com',939385324);
INSERT INTO student_credential(usn,password)VALUES('1PI18BTE24','1PI18BTE24');
INSERT INTO student(usn,name,sem,dept,email,mob) VALUES('1PI18BTE25','tldyt',3,'BTE','tldyt@gmail.com',939385325);
INSERT INTO student_credential(usn,password)VALUES('1PI18BTE25','1PI18BTE25');
INSERT INTO student(usn,name,sem,dept,email,mob) VALUES('1PI18BTE26','ygqkx',3,'BTE','ygqkx@gmail.com',939385326);
INSERT INTO student_credential(usn,password)VALUES('1PI18BTE26','1PI18BTE26');
INSERT INTO student(usn,name,sem,dept,email,mob) VALUES('1PI18BTE27','rwdvr',3,'BTE','rwdvr@gmail.com',939385327);
INSERT INTO student_credential(usn,password)VALUES('1PI18BTE27','1PI18BTE27');
INSERT INTO student(usn,name,sem,dept,email,mob) VALUES('1PI18BTE28','kcoyt',3,'BTE','kcoyt@gmail.com',939385328);
INSERT INTO student_credential(usn,password)VALUES('1PI18BTE28','1PI18BTE28');
INSERT INTO student(usn,name,sem,dept,email,mob) VALUES('1PI18BTE29','xkcwe',3,'BTE','xkcwe@gmail.com',939385329);
INSERT INTO student_credential(usn,password)VALUES('1PI18BTE29','1PI18BTE29');
INSERT INTO student(usn,name,sem,dept,email,mob) VALUES('1PI18BTE30','agydm',3,'BTE','agydm@gmail.com',939385330);
INSERT INTO student_credential(usn,password)VALUES('1PI18BTE30','1PI18BTE30');
INSERT INTO student(usn,name,sem,dept,email,mob) VALUES('1PI18BTE31','hrpyq',3,'BTE','hrpyq@gmail.com',939385331);
INSERT INTO student_credential(usn,password)VALUES('1PI18BTE31','1PI18BTE31');
INSERT INTO student(usn,name,sem,dept,email,mob) VALUES('1PI18BTE32','uimwr',3,'BTE','uimwr@gmail.com',939385332);
INSERT INTO student_credential(usn,password)VALUES('1PI18BTE32','1PI18BTE32');
INSERT INTO student(usn,name,sem,dept,email,mob) VALUES('1PI18BTE33','bvezz',3,'BTE','bvezz@gmail.com',939385333);
INSERT INTO student_credential(usn,password)VALUES('1PI18BTE33','1PI18BTE33');
INSERT INTO student(usn,name,sem,dept,email,mob) VALUES('1PI18BTE34','vvjpg',3,'BTE','vvjpg@gmail.com',939385334);
INSERT INTO student_credential(usn,password)VALUES('1PI18BTE34','1PI18BTE34');
INSERT INTO student(usn,name,sem,dept,email,mob) VALUES('1PI18BTE35','ihcyf',3,'BTE','ihcyf@gmail.com',939385335);
INSERT INTO student_credential(usn,password)VALUES('1PI18BTE35','1PI18BTE35');
INSERT INTO student(usn,name,sem,dept,email,mob) VALUES('1PI18BTE36','qzvad',3,'BTE','qzvad@gmail.com',939385336);
INSERT INTO student_credential(usn,password)VALUES('1PI18BTE36','1PI18BTE36');
INSERT INTO student(usn,name,sem,dept,email,mob) VALUES('1PI18BTE37','tdfye',3,'BTE','tdfye@gmail.com',939385337);
INSERT INTO student_credential(usn,password)VALUES('1PI18BTE37','1PI18BTE37');
INSERT INTO student(usn,name,sem,dept,email,mob) VALUES('1PI18BTE38','mfqvy',3,'BTE','mfqvy@gmail.com',939385338);
INSERT INTO student_credential(usn,password)VALUES('1PI18BTE38','1PI18BTE38');
INSERT INTO student(usn,name,sem,dept,email,mob) VALUES('1PI18BTE39','nbdlr',3,'BTE','nbdlr@gmail.com',939385339);
INSERT INTO student_credential(usn,password)VALUES('1PI18BTE39','1PI18BTE39');
INSERT INTO student(usn,name,sem,dept,email,mob) VALUES('1PI18BTE40','qhvap',3,'BTE','qhvap@gmail.com',939385340);
INSERT INTO student_credential(usn,password)VALUES('1PI18BTE40','1PI18BTE40');
INSERT INTO student(usn,name,sem,dept,email,mob) VALUES('1PI18BTE41','gysgg',3,'BTE','gysgg@gmail.com',939385341);
INSERT INTO student_credential(usn,password)VALUES('1PI18BTE41','1PI18BTE41');
INSERT INTO student(usn,name,sem,dept,email,mob) VALUES('1PI18BTE42','xdork',3,'BTE','xdork@gmail.com',939385342);
INSERT INTO student_credential(usn,password)VALUES('1PI18BTE42','1PI18BTE42');
INSERT INTO student(usn,name,sem,dept,email,mob) VALUES('1PI18BTE43','vmvqe',3,'BTE','vmvqe@gmail.com',939385343);
INSERT INTO student_credential(usn,password)VALUES('1PI18BTE43','1PI18BTE43');
INSERT INTO student(usn,name,sem,dept,email,mob) VALUES('1PI18BTE44','xpjfg',3,'BTE','xpjfg@gmail.com',939385344);
INSERT INTO student_credential(usn,password)VALUES('1PI18BTE44','1PI18BTE44');
INSERT INTO student(usn,name,sem,dept,email,mob) VALUES('1PI18BTE45','vpify',3,'BTE','vpify@gmail.com',939385345);
INSERT INTO student_credential(usn,password)VALUES('1PI18BTE45','1PI18BTE45');
INSERT INTO student(usn,name,sem,dept,email,mob) VALUES('1PI18BTE46','idttg',3,'BTE','idttg@gmail.com',939385346);
INSERT INTO student_credential(usn,password)VALUES('1PI18BTE46','1PI18BTE46');
INSERT INTO student(usn,name,sem,dept,email,mob) VALUES('1PI18BTE47','gsdyj',3,'BTE','gsdyj@gmail.com',939385347);
INSERT INTO student_credential(usn,password)VALUES('1PI18BTE47','1PI18BTE47');
INSERT INTO student(usn,name,sem,dept,email,mob) VALUES('1PI18BTE48','bvolb',3,'BTE','bvolb@gmail.com',939385348);
INSERT INTO student_credential(usn,password)VALUES('1PI18BTE48','1PI18BTE48');
INSERT INTO student(usn,name,sem,dept,email,mob) VALUES('1PI18BTE49','mcgbr',3,'BTE','mcgbr@gmail.com',939385349);
INSERT INTO student_credential(usn,password)VALUES('1PI18BTE49','1PI18BTE49');
INSERT INTO student(usn,name,sem,dept,email,mob) VALUES('1PI18BTE50','rvkup',3,'BTE','rvkup@gmail.com',939385350);
INSERT INTO student_credential(usn,password)VALUES('1PI18BTE50','1PI18BTE50');
INSERT INTO student(usn,name,sem,dept,email,mob) VALUES('1PI18BTE51','tanlz',3,'BTE','tanlz@gmail.com',939385351);
INSERT INTO student_credential(usn,password)VALUES('1PI18BTE51','1PI18BTE51');
INSERT INTO student(usn,name,sem,dept,email,mob) VALUES('1PI18BTE52','osctf',3,'BTE','osctf@gmail.com',939385352);
INSERT INTO student_credential(usn,password)VALUES('1PI18BTE52','1PI18BTE52');
INSERT INTO student(usn,name,sem,dept,email,mob) VALUES('1PI18BTE53','nyszk',3,'BTE','nyszk@gmail.com',939385353);
INSERT INTO student_credential(usn,password)VALUES('1PI18BTE53','1PI18BTE53');
INSERT INTO student(usn,name,sem,dept,email,mob) VALUES('1PI18BTE54','lrnzr',3,'BTE','lrnzr@gmail.com',939385354);
INSERT INTO student_credential(usn,password)VALUES('1PI18BTE54','1PI18BTE54');
INSERT INTO student(usn,name,sem,dept,email,mob) VALUES('1PI18BTE55','kuxyj',3,'BTE','kuxyj@gmail.com',939385355);
INSERT INTO student_credential(usn,password)VALUES('1PI18BTE55','1PI18BTE55');
INSERT INTO student(usn,name,sem,dept,email,mob) VALUES('1PI18BTE56','pwwmi',3,'BTE','pwwmi@gmail.com',939385356);
INSERT INTO student_credential(usn,password)VALUES('1PI18BTE56','1PI18BTE56');
INSERT INTO student(usn,name,sem,dept,email,mob) VALUES('1PI18BTE57','nhplx',3,'BTE','nhplx@gmail.com',939385357);
INSERT INTO student_credential(usn,password)VALUES('1PI18BTE57','1PI18BTE57');
INSERT INTO student(usn,name,sem,dept,email,mob) VALUES('1PI18BTE58','gxwul',3,'BTE','gxwul@gmail.com',939385358);
INSERT INTO student_credential(usn,password)VALUES('1PI18BTE58','1PI18BTE58');
INSERT INTO student(usn,name,sem,dept,email,mob) VALUES('1PI18BTE59','gxhlm',3,'BTE','gxhlm@gmail.com',939385359);
INSERT INTO student_credential(usn,password)VALUES('1PI18BTE59','1PI18BTE59');
INSERT INTO student(usn,name,sem,dept,email,mob) VALUES('1PI18BTE60','sbzrq',3,'BTE','sbzrq@gmail.com',939385360);
INSERT INTO student_credential(usn,password)VALUES('1PI18BTE60','1PI18BTE60');
INSERT INTO student(usn,name,sem,dept,email,mob) VALUES('1PI18BTE61','uajua',3,'BTE','uajua@gmail.com',939385361);
INSERT INTO student_credential(usn,password)VALUES('1PI18BTE61','1PI18BTE61');
INSERT INTO student(usn,name,sem,dept,email,mob) VALUES('1PI18BTE62','xpdps',3,'BTE','xpdps@gmail.com',939385362);
INSERT INTO student_credential(usn,password)VALUES('1PI18BTE62','1PI18BTE62');
INSERT INTO student(usn,name,sem,dept,email,mob) VALUES('1PI18BTE63','mwiwx',3,'BTE','mwiwx@gmail.com',939385363);
INSERT INTO student_credential(usn,password)VALUES('1PI18BTE63','1PI18BTE63');
INSERT INTO student(usn,name,sem,dept,email,mob) VALUES('1PI18BTE64','xdvip',3,'BTE','xdvip@gmail.com',939385364);
INSERT INTO student_credential(usn,password)VALUES('1PI18BTE64','1PI18BTE64');
INSERT INTO student(usn,name,sem,dept,email,mob) VALUES('1PI18BTE65','ouxtl',3,'BTE','ouxtl@gmail.com',939385365);
INSERT INTO student_credential(usn,password)VALUES('1PI18BTE65','1PI18BTE65');
INSERT INTO student(usn,name,sem,dept,email,mob) VALUES('1PI18BTE66','kqwwo',3,'BTE','kqwwo@gmail.com',939385366);
INSERT INTO student_credential(usn,password)VALUES('1PI18BTE66','1PI18BTE66');
INSERT INTO student(usn,name,sem,dept,email,mob) VALUES('1PI18BTE67','wrqea',3,'BTE','wrqea@gmail.com',939385367);
INSERT INTO student_credential(usn,password)VALUES('1PI18BTE67','1PI18BTE67');
INSERT INTO student(usn,name,sem,dept,email,mob) VALUES('1PI18BTE68','tqbmm',3,'BTE','tqbmm@gmail.com',939385368);
INSERT INTO student_credential(usn,password)VALUES('1PI18BTE68','1PI18BTE68');
INSERT INTO student(usn,name,sem,dept,email,mob) VALUES('1PI18BTE69','ilpox',3,'BTE','ilpox@gmail.com',939385369);
INSERT INTO student_credential(usn,password)VALUES('1PI18BTE69','1PI18BTE69');
INSERT INTO student(usn,name,sem,dept,email,mob) VALUES('1PI18BTE70','bipww',3,'BTE','bipww@gmail.com',939385370);
INSERT INTO student_credential(usn,password)VALUES('1PI18BTE70','1PI18BTE70');
INSERT INTO student(usn,name,sem,dept,email,mob) VALUES('1PI18BTE71','eghtf',3,'BTE','eghtf@gmail.com',939385371);
INSERT INTO student_credential(usn,password)VALUES('1PI18BTE71','1PI18BTE71');
INSERT INTO student(usn,name,sem,dept,email,mob) VALUES('1PI18BTE72','iqjqk',3,'BTE','iqjqk@gmail.com',939385372);
INSERT INTO student_credential(usn,password)VALUES('1PI18BTE72','1PI18BTE72');
INSERT INTO student(usn,name,sem,dept,email,mob) VALUES('1PI18BTE73','bnjhx',3,'BTE','bnjhx@gmail.com',939385373);
INSERT INTO student_credential(usn,password)VALUES('1PI18BTE73','1PI18BTE73');
INSERT INTO student(usn,name,sem,dept,email,mob) VALUES('1PI18BTE74','dkune',3,'BTE','dkune@gmail.com',939385374);
INSERT INTO student_credential(usn,password)VALUES('1PI18BTE74','1PI18BTE74');
INSERT INTO student(usn,name,sem,dept,email,mob) VALUES('1PI18BTE75','bqgri',3,'BTE','bqgri@gmail.com',939385375);
INSERT INTO student_credential(usn,password)VALUES('1PI18BTE75','1PI18BTE75');
INSERT INTO student(usn,name,sem,dept,email,mob) VALUES('1PI18BTE76','zkekg',3,'BTE','zkekg@gmail.com',939385376);
INSERT INTO student_credential(usn,password)VALUES('1PI18BTE76','1PI18BTE76');
INSERT INTO student(usn,name,sem,dept,email,mob) VALUES('1PI18BTE77','erqql',3,'BTE','erqql@gmail.com',939385377);
INSERT INTO student_credential(usn,password)VALUES('1PI18BTE77','1PI18BTE77');
INSERT INTO student(usn,name,sem,dept,email,mob) VALUES('1PI18BTE78','yyfes',3,'BTE','yyfes@gmail.com',939385378);
INSERT INTO student_credential(usn,password)VALUES('1PI18BTE78','1PI18BTE78');
INSERT INTO student(usn,name,sem,dept,email,mob) VALUES('1PI18BTE79','oykmv',3,'BTE','oykmv@gmail.com',939385379);
INSERT INTO student_credential(usn,password)VALUES('1PI18BTE79','1PI18BTE79');
INSERT INTO student(usn,name,sem,dept,email,mob) VALUES('1PI18BTE80','ayqbn',3,'BTE','ayqbn@gmail.com',939385380);
INSERT INTO student_credential(usn,password)VALUES('1PI18BTE80','1PI18BTE80');
INSERT INTO student(usn,name,sem,dept,email,mob) VALUES('1PI18BTE81','kstmd',3,'BTE','kstmd@gmail.com',939385381);
INSERT INTO student_credential(usn,password)VALUES('1PI18BTE81','1PI18BTE81');
INSERT INTO student(usn,name,sem,dept,email,mob) VALUES('1PI18BTE82','efrmt',3,'BTE','efrmt@gmail.com',939385382);
INSERT INTO student_credential(usn,password)VALUES('1PI18BTE82','1PI18BTE82');
INSERT INTO student(usn,name,sem,dept,email,mob) VALUES('1PI18BTE83','wkyln',3,'BTE','wkyln@gmail.com',939385383);
INSERT INTO student_credential(usn,password)VALUES('1PI18BTE83','1PI18BTE83');
INSERT INTO student(usn,name,sem,dept,email,mob) VALUES('1PI18BTE84','onchi',3,'BTE','onchi@gmail.com',939385384);
INSERT INTO student_credential(usn,password)VALUES('1PI18BTE84','1PI18BTE84');
INSERT INTO student(usn,name,sem,dept,email,mob) VALUES('1PI18BTE85','gmtfb',3,'BTE','gmtfb@gmail.com',939385385);
INSERT INTO student_credential(usn,password)VALUES('1PI18BTE85','1PI18BTE85');
INSERT INTO student(usn,name,sem,dept,email,mob) VALUES('1PI18BTE86','ourzh',3,'BTE','ourzh@gmail.com',939385386);
INSERT INTO student_credential(usn,password)VALUES('1PI18BTE86','1PI18BTE86');
INSERT INTO student(usn,name,sem,dept,email,mob) VALUES('1PI18BTE87','mfffs',3,'BTE','mfffs@gmail.com',939385387);
INSERT INTO student_credential(usn,password)VALUES('1PI18BTE87','1PI18BTE87');
INSERT INTO student(usn,name,sem,dept,email,mob) VALUES('1PI18BTE88','rcbdz',3,'BTE','rcbdz@gmail.com',939385388);
INSERT INTO student_credential(usn,password)VALUES('1PI18BTE88','1PI18BTE88');
INSERT INTO student(usn,name,sem,dept,email,mob) VALUES('1PI18BTE89','dfbeo',3,'BTE','dfbeo@gmail.com',939385389);
INSERT INTO student_credential(usn,password)VALUES('1PI18BTE89','1PI18BTE89');
INSERT INTO student(usn,name,sem,dept,email,mob) VALUES('1PI18BTE90','stfvs',3,'BTE','stfvs@gmail.com',939385390);
INSERT INTO student_credential(usn,password)VALUES('1PI18BTE90','1PI18BTE90');
INSERT INTO student(usn,name,sem,dept,email,mob) VALUES('1PI18BTE91','krebt',3,'BTE','krebt@gmail.com',939385391);
INSERT INTO student_credential(usn,password)VALUES('1PI18BTE91','1PI18BTE91');
INSERT INTO student(usn,name,sem,dept,email,mob) VALUES('1PI18BTE92','ljhzk',3,'BTE','ljhzk@gmail.com',939385392);
INSERT INTO student_credential(usn,password)VALUES('1PI18BTE92','1PI18BTE92');
INSERT INTO student(usn,name,sem,dept,email,mob) VALUES('1PI18BTE93','rghts',3,'BTE','rghts@gmail.com',939385393);
INSERT INTO student_credential(usn,password)VALUES('1PI18BTE93','1PI18BTE93');
INSERT INTO student(usn,name,sem,dept,email,mob) VALUES('1PI18BTE94','gbbdh',3,'BTE','gbbdh@gmail.com',939385394);
INSERT INTO student_credential(usn,password)VALUES('1PI18BTE94','1PI18BTE94');
INSERT INTO student(usn,name,sem,dept,email,mob) VALUES('1PI18BTE95','lsicu',3,'BTE','lsicu@gmail.com',939385395);
INSERT INTO student_credential(usn,password)VALUES('1PI18BTE95','1PI18BTE95');
INSERT INTO student(usn,name,sem,dept,email,mob) VALUES('1PI18BTE96','tfmmj',3,'BTE','tfmmj@gmail.com',939385396);
INSERT INTO student_credential(usn,password)VALUES('1PI18BTE96','1PI18BTE96');
INSERT INTO student(usn,name,sem,dept,email,mob) VALUES('1PI18BTE97','outfv',3,'BTE','outfv@gmail.com',939385397);
INSERT INTO student_credential(usn,password)VALUES('1PI18BTE97','1PI18BTE97');
INSERT INTO student(usn,name,sem,dept,email,mob) VALUES('1PI18BTE98','exdcz',3,'BTE','exdcz@gmail.com',939385398);
INSERT INTO student_credential(usn,password)VALUES('1PI18BTE98','1PI18BTE98');
INSERT INTO student(usn,name,sem,dept,email,mob) VALUES('1PI18BTE99','schyt',3,'BTE','schyt@gmail.com',939385399);
INSERT INTO student_credential(usn,password)VALUES('1PI18BTE99','1PI18BTE99');
INSERT INTO student(usn,name,sem,dept,email,mob) VALUES('1PI20BTE0','bcrkl',1,'BTE','bcrkl@gmail.com',939385100);
INSERT INTO student_credential(usn,password)VALUES('1PI20BTE0','1PI20BTE0');
INSERT INTO student(usn,name,sem,dept,email,mob) VALUES('1PI20BTE1','iwcxk',1,'BTE','iwcxk@gmail.com',939385101);
INSERT INTO student_credential(usn,password)VALUES('1PI20BTE1','1PI20BTE1');
INSERT INTO student(usn,name,sem,dept,email,mob) VALUES('1PI20BTE2','goqvu',1,'BTE','goqvu@gmail.com',939385102);
INSERT INTO student_credential(usn,password)VALUES('1PI20BTE2','1PI20BTE2');
INSERT INTO student(usn,name,sem,dept,email,mob) VALUES('1PI20BTE3','fyogv',1,'BTE','fyogv@gmail.com',939385103);
INSERT INTO student_credential(usn,password)VALUES('1PI20BTE3','1PI20BTE3');
INSERT INTO student(usn,name,sem,dept,email,mob) VALUES('1PI20BTE4','frnym',1,'BTE','frnym@gmail.com',939385104);
INSERT INTO student_credential(usn,password)VALUES('1PI20BTE4','1PI20BTE4');
INSERT INTO student(usn,name,sem,dept,email,mob) VALUES('1PI20BTE5','opfwp',1,'BTE','opfwp@gmail.com',939385105);
INSERT INTO student_credential(usn,password)VALUES('1PI20BTE5','1PI20BTE5');
INSERT INTO student(usn,name,sem,dept,email,mob) VALUES('1PI20BTE6','nfuze',1,'BTE','nfuze@gmail.com',939385106);
INSERT INTO student_credential(usn,password)VALUES('1PI20BTE6','1PI20BTE6');
INSERT INTO student(usn,name,sem,dept,email,mob) VALUES('1PI20BTE7','ihxyx',1,'BTE','ihxyx@gmail.com',939385107);
INSERT INTO student_credential(usn,password)VALUES('1PI20BTE7','1PI20BTE7');
INSERT INTO student(usn,name,sem,dept,email,mob) VALUES('1PI20BTE8','anspr',1,'BTE','anspr@gmail.com',939385108);
INSERT INTO student_credential(usn,password)VALUES('1PI20BTE8','1PI20BTE8');
INSERT INTO student(usn,name,sem,dept,email,mob) VALUES('1PI20BTE9','ggwdy',1,'BTE','ggwdy@gmail.com',939385109);
INSERT INTO student_credential(usn,password)VALUES('1PI20BTE9','1PI20BTE9');
INSERT INTO student(usn,name,sem,dept,email,mob) VALUES('1PI20BTE10','afawq',1,'BTE','afawq@gmail.com',939385110);
INSERT INTO student_credential(usn,password)VALUES('1PI20BTE10','1PI20BTE10');
INSERT INTO student(usn,name,sem,dept,email,mob) VALUES('1PI20BTE11','gqbtd',1,'BTE','gqbtd@gmail.com',939385111);
INSERT INTO student_credential(usn,password)VALUES('1PI20BTE11','1PI20BTE11');
INSERT INTO student(usn,name,sem,dept,email,mob) VALUES('1PI20BTE12','gffce',1,'BTE','gffce@gmail.com',939385112);
INSERT INTO student_credential(usn,password)VALUES('1PI20BTE12','1PI20BTE12');
INSERT INTO student(usn,name,sem,dept,email,mob) VALUES('1PI20BTE13','gtpcy',1,'BTE','gtpcy@gmail.com',939385113);
INSERT INTO student_credential(usn,password)VALUES('1PI20BTE13','1PI20BTE13');
INSERT INTO student(usn,name,sem,dept,email,mob) VALUES('1PI20BTE14','bqvrq',1,'BTE','bqvrq@gmail.com',939385114);
INSERT INTO student_credential(usn,password)VALUES('1PI20BTE14','1PI20BTE14');
INSERT INTO student(usn,name,sem,dept,email,mob) VALUES('1PI20BTE15','usqsy',1,'BTE','usqsy@gmail.com',939385115);
INSERT INTO student_credential(usn,password)VALUES('1PI20BTE15','1PI20BTE15');
INSERT INTO student(usn,name,sem,dept,email,mob) VALUES('1PI20BTE16','dymvp',1,'BTE','dymvp@gmail.com',939385116);
INSERT INTO student_credential(usn,password)VALUES('1PI20BTE16','1PI20BTE16');
INSERT INTO student(usn,name,sem,dept,email,mob) VALUES('1PI20BTE17','eibgx',1,'BTE','eibgx@gmail.com',939385117);
INSERT INTO student_credential(usn,password)VALUES('1PI20BTE17','1PI20BTE17');
INSERT INTO student(usn,name,sem,dept,email,mob) VALUES('1PI20BTE18','ffnop',1,'BTE','ffnop@gmail.com',939385118);
INSERT INTO student_credential(usn,password)VALUES('1PI20BTE18','1PI20BTE18');
INSERT INTO student(usn,name,sem,dept,email,mob) VALUES('1PI20BTE19','fymrm',1,'BTE','fymrm@gmail.com',939385119);
INSERT INTO student_credential(usn,password)VALUES('1PI20BTE19','1PI20BTE19');
INSERT INTO student(usn,name,sem,dept,email,mob) VALUES('1PI20BTE20','qhucg',1,'BTE','qhucg@gmail.com',939385120);
INSERT INTO student_credential(usn,password)VALUES('1PI20BTE20','1PI20BTE20');
INSERT INTO student(usn,name,sem,dept,email,mob) VALUES('1PI20BTE21','omdiu',1,'BTE','omdiu@gmail.com',939385121);
INSERT INTO student_credential(usn,password)VALUES('1PI20BTE21','1PI20BTE21');
INSERT INTO student(usn,name,sem,dept,email,mob) VALUES('1PI20BTE22','xemxb',1,'BTE','xemxb@gmail.com',939385122);
INSERT INTO student_credential(usn,password)VALUES('1PI20BTE22','1PI20BTE22');
INSERT INTO student(usn,name,sem,dept,email,mob) VALUES('1PI20BTE23','zyslv',1,'BTE','zyslv@gmail.com',939385123);
INSERT INTO student_credential(usn,password)VALUES('1PI20BTE23','1PI20BTE23');
INSERT INTO student(usn,name,sem,dept,email,mob) VALUES('1PI20BTE24','litwu',1,'BTE','litwu@gmail.com',939385124);
INSERT INTO student_credential(usn,password)VALUES('1PI20BTE24','1PI20BTE24');
INSERT INTO student(usn,name,sem,dept,email,mob) VALUES('1PI20BTE25','bnspb',1,'BTE','bnspb@gmail.com',939385125);
INSERT INTO student_credential(usn,password)VALUES('1PI20BTE25','1PI20BTE25');
INSERT INTO student(usn,name,sem,dept,email,mob) VALUES('1PI20BTE26','mewwh',1,'BTE','mewwh@gmail.com',939385126);
INSERT INTO student_credential(usn,password)VALUES('1PI20BTE26','1PI20BTE26');
INSERT INTO student(usn,name,sem,dept,email,mob) VALUES('1PI20BTE27','gpmpr',1,'BTE','gpmpr@gmail.com',939385127);
INSERT INTO student_credential(usn,password)VALUES('1PI20BTE27','1PI20BTE27');
INSERT INTO student(usn,name,sem,dept,email,mob) VALUES('1PI20BTE28','kcyfd',1,'BTE','kcyfd@gmail.com',939385128);
INSERT INTO student_credential(usn,password)VALUES('1PI20BTE28','1PI20BTE28');
INSERT INTO student(usn,name,sem,dept,email,mob) VALUES('1PI20BTE29','xkmtu',1,'BTE','xkmtu@gmail.com',939385129);
INSERT INTO student_credential(usn,password)VALUES('1PI20BTE29','1PI20BTE29');
INSERT INTO student(usn,name,sem,dept,email,mob) VALUES('1PI20BTE30','hevoi',1,'BTE','hevoi@gmail.com',939385130);
INSERT INTO student_credential(usn,password)VALUES('1PI20BTE30','1PI20BTE30');
INSERT INTO student(usn,name,sem,dept,email,mob) VALUES('1PI20BTE31','xrwlm',1,'BTE','xrwlm@gmail.com',939385131);
INSERT INTO student_credential(usn,password)VALUES('1PI20BTE31','1PI20BTE31');
INSERT INTO student(usn,name,sem,dept,email,mob) VALUES('1PI20BTE32','xwgcn',1,'BTE','xwgcn@gmail.com',939385132);
INSERT INTO student_credential(usn,password)VALUES('1PI20BTE32','1PI20BTE32');
INSERT INTO student(usn,name,sem,dept,email,mob) VALUES('1PI20BTE33','oyzmm',1,'BTE','oyzmm@gmail.com',939385133);
INSERT INTO student_credential(usn,password)VALUES('1PI20BTE33','1PI20BTE33');
INSERT INTO student(usn,name,sem,dept,email,mob) VALUES('1PI20BTE34','yovrt',1,'BTE','yovrt@gmail.com',939385134);
INSERT INTO student_credential(usn,password)VALUES('1PI20BTE34','1PI20BTE34');
INSERT INTO student(usn,name,sem,dept,email,mob) VALUES('1PI20BTE35','epqti',1,'BTE','epqti@gmail.com',939385135);
INSERT INTO student_credential(usn,password)VALUES('1PI20BTE35','1PI20BTE35');
INSERT INTO student(usn,name,sem,dept,email,mob) VALUES('1PI20BTE36','bdvth',1,'BTE','bdvth@gmail.com',939385136);
INSERT INTO student_credential(usn,password)VALUES('1PI20BTE36','1PI20BTE36');
INSERT INTO student(usn,name,sem,dept,email,mob) VALUES('1PI20BTE37','mpoaq',1,'BTE','mpoaq@gmail.com',939385137);
INSERT INTO student_credential(usn,password)VALUES('1PI20BTE37','1PI20BTE37');
INSERT INTO student(usn,name,sem,dept,email,mob) VALUES('1PI20BTE38','yddqr',1,'BTE','yddqr@gmail.com',939385138);
INSERT INTO student_credential(usn,password)VALUES('1PI20BTE38','1PI20BTE38');
INSERT INTO student(usn,name,sem,dept,email,mob) VALUES('1PI20BTE39','xnvki',1,'BTE','xnvki@gmail.com',939385139);
INSERT INTO student_credential(usn,password)VALUES('1PI20BTE39','1PI20BTE39');
INSERT INTO student(usn,name,sem,dept,email,mob) VALUES('1PI20BTE40','yadvl',1,'BTE','yadvl@gmail.com',939385140);
INSERT INTO student_credential(usn,password)VALUES('1PI20BTE40','1PI20BTE40');
INSERT INTO student(usn,name,sem,dept,email,mob) VALUES('1PI20BTE41','oyemc',1,'BTE','oyemc@gmail.com',939385141);
INSERT INTO student_credential(usn,password)VALUES('1PI20BTE41','1PI20BTE41');
INSERT INTO student(usn,name,sem,dept,email,mob) VALUES('1PI20BTE42','ycfcp',1,'BTE','ycfcp@gmail.com',939385142);
INSERT INTO student_credential(usn,password)VALUES('1PI20BTE42','1PI20BTE42');
INSERT INTO student(usn,name,sem,dept,email,mob) VALUES('1PI20BTE43','yuwkz',1,'BTE','yuwkz@gmail.com',939385143);
INSERT INTO student_credential(usn,password)VALUES('1PI20BTE43','1PI20BTE43');
INSERT INTO student(usn,name,sem,dept,email,mob) VALUES('1PI20BTE44','ebcja',1,'BTE','ebcja@gmail.com',939385144);
INSERT INTO student_credential(usn,password)VALUES('1PI20BTE44','1PI20BTE44');
INSERT INTO student(usn,name,sem,dept,email,mob) VALUES('1PI20BTE45','edsbv',1,'BTE','edsbv@gmail.com',939385145);
INSERT INTO student_credential(usn,password)VALUES('1PI20BTE45','1PI20BTE45');
INSERT INTO student(usn,name,sem,dept,email,mob) VALUES('1PI20BTE46','qqijq',1,'BTE','qqijq@gmail.com',939385146);
INSERT INTO student_credential(usn,password)VALUES('1PI20BTE46','1PI20BTE46');
INSERT INTO student(usn,name,sem,dept,email,mob) VALUES('1PI20BTE47','lgjyc',1,'BTE','lgjyc@gmail.com',939385147);
INSERT INTO student_credential(usn,password)VALUES('1PI20BTE47','1PI20BTE47');
INSERT INTO student(usn,name,sem,dept,email,mob) VALUES('1PI20BTE48','jpkpx',1,'BTE','jpkpx@gmail.com',939385148);
INSERT INTO student_credential(usn,password)VALUES('1PI20BTE48','1PI20BTE48');
INSERT INTO student(usn,name,sem,dept,email,mob) VALUES('1PI20BTE49','flceo',1,'BTE','flceo@gmail.com',939385149);
INSERT INTO student_credential(usn,password)VALUES('1PI20BTE49','1PI20BTE49');
INSERT INTO student(usn,name,sem,dept,email,mob) VALUES('1PI20BTE50','niyvq',1,'BTE','niyvq@gmail.com',939385150);
INSERT INTO student_credential(usn,password)VALUES('1PI20BTE50','1PI20BTE50');
INSERT INTO student(usn,name,sem,dept,email,mob) VALUES('1PI20BTE51','vurdi',1,'BTE','vurdi@gmail.com',939385151);
INSERT INTO student_credential(usn,password)VALUES('1PI20BTE51','1PI20BTE51');
INSERT INTO student(usn,name,sem,dept,email,mob) VALUES('1PI20BTE52','aqmsr',1,'BTE','aqmsr@gmail.com',939385152);
INSERT INTO student_credential(usn,password)VALUES('1PI20BTE52','1PI20BTE52');
INSERT INTO student(usn,name,sem,dept,email,mob) VALUES('1PI20BTE53','tfgwt',1,'BTE','tfgwt@gmail.com',939385153);
INSERT INTO student_credential(usn,password)VALUES('1PI20BTE53','1PI20BTE53');
INSERT INTO student(usn,name,sem,dept,email,mob) VALUES('1PI20BTE54','pepun',1,'BTE','pepun@gmail.com',939385154);
INSERT INTO student_credential(usn,password)VALUES('1PI20BTE54','1PI20BTE54');
INSERT INTO student(usn,name,sem,dept,email,mob) VALUES('1PI20BTE55','ugeaj',1,'BTE','ugeaj@gmail.com',939385155);
INSERT INTO student_credential(usn,password)VALUES('1PI20BTE55','1PI20BTE55');
INSERT INTO student(usn,name,sem,dept,email,mob) VALUES('1PI20BTE56','dgzsj',1,'BTE','dgzsj@gmail.com',939385156);
INSERT INTO student_credential(usn,password)VALUES('1PI20BTE56','1PI20BTE56');
INSERT INTO student(usn,name,sem,dept,email,mob) VALUES('1PI20BTE57','ewsqr',1,'BTE','ewsqr@gmail.com',939385157);
INSERT INTO student_credential(usn,password)VALUES('1PI20BTE57','1PI20BTE57');
INSERT INTO student(usn,name,sem,dept,email,mob) VALUES('1PI20BTE58','mjzss',1,'BTE','mjzss@gmail.com',939385158);
INSERT INTO student_credential(usn,password)VALUES('1PI20BTE58','1PI20BTE58');
INSERT INTO student(usn,name,sem,dept,email,mob) VALUES('1PI20BTE59','bxjvo',1,'BTE','bxjvo@gmail.com',939385159);
INSERT INTO student_credential(usn,password)VALUES('1PI20BTE59','1PI20BTE59');
INSERT INTO student(usn,name,sem,dept,email,mob) VALUES('1PI20BTE60','tjvjq',1,'BTE','tjvjq@gmail.com',939385160);
INSERT INTO student_credential(usn,password)VALUES('1PI20BTE60','1PI20BTE60');
INSERT INTO student(usn,name,sem,dept,email,mob) VALUES('1PI20BTE61','cfqpt',1,'BTE','cfqpt@gmail.com',939385161);
INSERT INTO student_credential(usn,password)VALUES('1PI20BTE61','1PI20BTE61');
INSERT INTO student(usn,name,sem,dept,email,mob) VALUES('1PI20BTE62','bzgke',1,'BTE','bzgke@gmail.com',939385162);
INSERT INTO student_credential(usn,password)VALUES('1PI20BTE62','1PI20BTE62');
INSERT INTO student(usn,name,sem,dept,email,mob) VALUES('1PI20BTE63','tqkit',1,'BTE','tqkit@gmail.com',939385163);
INSERT INTO student_credential(usn,password)VALUES('1PI20BTE63','1PI20BTE63');
INSERT INTO student(usn,name,sem,dept,email,mob) VALUES('1PI20BTE64','trhyu',1,'BTE','trhyu@gmail.com',939385164);
INSERT INTO student_credential(usn,password)VALUES('1PI20BTE64','1PI20BTE64');
INSERT INTO student(usn,name,sem,dept,email,mob) VALUES('1PI20BTE65','bkewf',1,'BTE','bkewf@gmail.com',939385165);
INSERT INTO student_credential(usn,password)VALUES('1PI20BTE65','1PI20BTE65');
INSERT INTO student(usn,name,sem,dept,email,mob) VALUES('1PI20BTE66','ekrci',1,'BTE','ekrci@gmail.com',939385166);
INSERT INTO student_credential(usn,password)VALUES('1PI20BTE66','1PI20BTE66');
INSERT INTO student(usn,name,sem,dept,email,mob) VALUES('1PI20BTE67','hhxje',1,'BTE','hhxje@gmail.com',939385167);
INSERT INTO student_credential(usn,password)VALUES('1PI20BTE67','1PI20BTE67');
INSERT INTO student(usn,name,sem,dept,email,mob) VALUES('1PI20BTE68','igutw',1,'BTE','igutw@gmail.com',939385168);
INSERT INTO student_credential(usn,password)VALUES('1PI20BTE68','1PI20BTE68');
INSERT INTO student(usn,name,sem,dept,email,mob) VALUES('1PI20BTE69','igdbb',1,'BTE','igdbb@gmail.com',939385169);
INSERT INTO student_credential(usn,password)VALUES('1PI20BTE69','1PI20BTE69');
INSERT INTO student(usn,name,sem,dept,email,mob) VALUES('1PI20BTE70','dxrbw',1,'BTE','dxrbw@gmail.com',939385170);
INSERT INTO student_credential(usn,password)VALUES('1PI20BTE70','1PI20BTE70');
INSERT INTO student(usn,name,sem,dept,email,mob) VALUES('1PI20BTE71','mbrmb',1,'BTE','mbrmb@gmail.com',939385171);
INSERT INTO student_credential(usn,password)VALUES('1PI20BTE71','1PI20BTE71');
INSERT INTO student(usn,name,sem,dept,email,mob) VALUES('1PI20BTE72','vgaow',1,'BTE','vgaow@gmail.com',939385172);
INSERT INTO student_credential(usn,password)VALUES('1PI20BTE72','1PI20BTE72');
INSERT INTO student(usn,name,sem,dept,email,mob) VALUES('1PI20BTE73','lvdjy',1,'BTE','lvdjy@gmail.com',939385173);
INSERT INTO student_credential(usn,password)VALUES('1PI20BTE73','1PI20BTE73');
INSERT INTO student(usn,name,sem,dept,email,mob) VALUES('1PI20BTE74','ddyct',1,'BTE','ddyct@gmail.com',939385174);
INSERT INTO student_credential(usn,password)VALUES('1PI20BTE74','1PI20BTE74');
INSERT INTO student(usn,name,sem,dept,email,mob) VALUES('1PI20BTE75','cockm',1,'BTE','cockm@gmail.com',939385175);
INSERT INTO student_credential(usn,password)VALUES('1PI20BTE75','1PI20BTE75');
INSERT INTO student(usn,name,sem,dept,email,mob) VALUES('1PI20BTE76','gzvar',1,'BTE','gzvar@gmail.com',939385176);
INSERT INTO student_credential(usn,password)VALUES('1PI20BTE76','1PI20BTE76');
INSERT INTO student(usn,name,sem,dept,email,mob) VALUES('1PI20BTE77','pfobg',1,'BTE','pfobg@gmail.com',939385177);
INSERT INTO student_credential(usn,password)VALUES('1PI20BTE77','1PI20BTE77');
INSERT INTO student(usn,name,sem,dept,email,mob) VALUES('1PI20BTE78','mhpao',1,'BTE','mhpao@gmail.com',939385178);
INSERT INTO student_credential(usn,password)VALUES('1PI20BTE78','1PI20BTE78');
INSERT INTO student(usn,name,sem,dept,email,mob) VALUES('1PI20BTE79','joiqp',1,'BTE','joiqp@gmail.com',939385179);
INSERT INTO student_credential(usn,password)VALUES('1PI20BTE79','1PI20BTE79');
INSERT INTO student(usn,name,sem,dept,email,mob) VALUES('1PI20BTE80','qtxtu',1,'BTE','qtxtu@gmail.com',939385180);
INSERT INTO student_credential(usn,password)VALUES('1PI20BTE80','1PI20BTE80');
INSERT INTO student(usn,name,sem,dept,email,mob) VALUES('1PI20BTE81','crory',1,'BTE','crory@gmail.com',939385181);
INSERT INTO student_credential(usn,password)VALUES('1PI20BTE81','1PI20BTE81');
INSERT INTO student(usn,name,sem,dept,email,mob) VALUES('1PI20BTE82','smgtx',1,'BTE','smgtx@gmail.com',939385182);
INSERT INTO student_credential(usn,password)VALUES('1PI20BTE82','1PI20BTE82');
INSERT INTO student(usn,name,sem,dept,email,mob) VALUES('1PI20BTE83','cfzlb',1,'BTE','cfzlb@gmail.com',939385183);
INSERT INTO student_credential(usn,password)VALUES('1PI20BTE83','1PI20BTE83');
INSERT INTO student(usn,name,sem,dept,email,mob) VALUES('1PI20BTE84','jbipf',1,'BTE','jbipf@gmail.com',939385184);
INSERT INTO student_credential(usn,password)VALUES('1PI20BTE84','1PI20BTE84');
INSERT INTO student(usn,name,sem,dept,email,mob) VALUES('1PI20BTE85','imune',1,'BTE','imune@gmail.com',939385185);
INSERT INTO student_credential(usn,password)VALUES('1PI20BTE85','1PI20BTE85');
INSERT INTO student(usn,name,sem,dept,email,mob) VALUES('1PI20BTE86','zpqaq',1,'BTE','zpqaq@gmail.com',939385186);
INSERT INTO student_credential(usn,password)VALUES('1PI20BTE86','1PI20BTE86');
INSERT INTO student(usn,name,sem,dept,email,mob) VALUES('1PI20BTE87','jasix',1,'BTE','jasix@gmail.com',939385187);
INSERT INTO student_credential(usn,password)VALUES('1PI20BTE87','1PI20BTE87');
INSERT INTO student(usn,name,sem,dept,email,mob) VALUES('1PI20BTE88','vwoqy',1,'BTE','vwoqy@gmail.com',939385188);
INSERT INTO student_credential(usn,password)VALUES('1PI20BTE88','1PI20BTE88');
INSERT INTO student(usn,name,sem,dept,email,mob) VALUES('1PI20BTE89','jvxkh',1,'BTE','jvxkh@gmail.com',939385189);
INSERT INTO student_credential(usn,password)VALUES('1PI20BTE89','1PI20BTE89');
INSERT INTO student(usn,name,sem,dept,email,mob) VALUES('1PI20BTE90','cqpqi',1,'BTE','cqpqi@gmail.com',939385190);
INSERT INTO student_credential(usn,password)VALUES('1PI20BTE90','1PI20BTE90');
INSERT INTO student(usn,name,sem,dept,email,mob) VALUES('1PI20BTE91','abubq',1,'BTE','abubq@gmail.com',939385191);
INSERT INTO student_credential(usn,password)VALUES('1PI20BTE91','1PI20BTE91');
INSERT INTO student(usn,name,sem,dept,email,mob) VALUES('1PI20BTE92','qdofe',1,'BTE','qdofe@gmail.com',939385192);
INSERT INTO student_credential(usn,password)VALUES('1PI20BTE92','1PI20BTE92');
INSERT INTO student(usn,name,sem,dept,email,mob) VALUES('1PI20BTE93','hhjtz',1,'BTE','hhjtz@gmail.com',939385193);
INSERT INTO student_credential(usn,password)VALUES('1PI20BTE93','1PI20BTE93');
INSERT INTO student(usn,name,sem,dept,email,mob) VALUES('1PI20BTE94','yqktd',1,'BTE','yqktd@gmail.com',939385194);
INSERT INTO student_credential(usn,password)VALUES('1PI20BTE94','1PI20BTE94');
INSERT INTO student(usn,name,sem,dept,email,mob) VALUES('1PI20BTE95','mkaps',1,'BTE','mkaps@gmail.com',939385195);
INSERT INTO student_credential(usn,password)VALUES('1PI20BTE95','1PI20BTE95');
INSERT INTO student(usn,name,sem,dept,email,mob) VALUES('1PI20BTE96','pbmyk',1,'BTE','pbmyk@gmail.com',939385196);
INSERT INTO student_credential(usn,password)VALUES('1PI20BTE96','1PI20BTE96');
INSERT INTO student(usn,name,sem,dept,email,mob) VALUES('1PI20BTE97','oylpn',1,'BTE','oylpn@gmail.com',939385197);
INSERT INTO student_credential(usn,password)VALUES('1PI20BTE97','1PI20BTE97');
INSERT INTO student(usn,name,sem,dept,email,mob) VALUES('1PI20BTE98','zoipz',1,'BTE','zoipz@gmail.com',939385198);
INSERT INTO student_credential(usn,password)VALUES('1PI20BTE98','1PI20BTE98');
INSERT INTO student(usn,name,sem,dept,email,mob) VALUES('1PI20BTE99','wdmkr',1,'BTE','wdmkr@gmail.com',939385199);
INSERT INTO student_credential(usn,password)VALUES('1PI20BTE99','1PI20BTE99');
INSERT INTO student(usn,name,sem,dept,email,mob) VALUES('1PI14CVE0','bhdnt',7,'CVE','bhdnt@gmail.com',939386700);
INSERT INTO student_credential(usn,password)VALUES('1PI14CVE0','1PI14CVE0');
INSERT INTO student(usn,name,sem,dept,email,mob) VALUES('1PI14CVE1','dkvpd',7,'CVE','dkvpd@gmail.com',939386701);
INSERT INTO student_credential(usn,password)VALUES('1PI14CVE1','1PI14CVE1');
INSERT INTO student(usn,name,sem,dept,email,mob) VALUES('1PI14CVE2','elorq',7,'CVE','elorq@gmail.com',939386702);
INSERT INTO student_credential(usn,password)VALUES('1PI14CVE2','1PI14CVE2');
INSERT INTO student(usn,name,sem,dept,email,mob) VALUES('1PI14CVE3','cjkqz',7,'CVE','cjkqz@gmail.com',939386703);
INSERT INTO student_credential(usn,password)VALUES('1PI14CVE3','1PI14CVE3');
INSERT INTO student(usn,name,sem,dept,email,mob) VALUES('1PI14CVE4','zpino',7,'CVE','zpino@gmail.com',939386704);
INSERT INTO student_credential(usn,password)VALUES('1PI14CVE4','1PI14CVE4');
INSERT INTO student(usn,name,sem,dept,email,mob) VALUES('1PI14CVE5','qluib',7,'CVE','qluib@gmail.com',939386705);
INSERT INTO student_credential(usn,password)VALUES('1PI14CVE5','1PI14CVE5');
INSERT INTO student(usn,name,sem,dept,email,mob) VALUES('1PI14CVE6','jgnqq',7,'CVE','jgnqq@gmail.com',939386706);
INSERT INTO student_credential(usn,password)VALUES('1PI14CVE6','1PI14CVE6');
INSERT INTO student(usn,name,sem,dept,email,mob) VALUES('1PI14CVE7','lfewi',7,'CVE','lfewi@gmail.com',939386707);
INSERT INTO student_credential(usn,password)VALUES('1PI14CVE7','1PI14CVE7');
INSERT INTO student(usn,name,sem,dept,email,mob) VALUES('1PI14CVE8','oamgm',7,'CVE','oamgm@gmail.com',939386708);
INSERT INTO student_credential(usn,password)VALUES('1PI14CVE8','1PI14CVE8');
INSERT INTO student(usn,name,sem,dept,email,mob) VALUES('1PI14CVE9','rcemo',7,'CVE','rcemo@gmail.com',939386709);
INSERT INTO student_credential(usn,password)VALUES('1PI14CVE9','1PI14CVE9');
INSERT INTO student(usn,name,sem,dept,email,mob) VALUES('1PI14CVE10','axvuf',7,'CVE','axvuf@gmail.com',939386710);
INSERT INTO student_credential(usn,password)VALUES('1PI14CVE10','1PI14CVE10');
INSERT INTO student(usn,name,sem,dept,email,mob) VALUES('1PI14CVE11','yqypc',7,'CVE','yqypc@gmail.com',939386711);
INSERT INTO student_credential(usn,password)VALUES('1PI14CVE11','1PI14CVE11');
INSERT INTO student(usn,name,sem,dept,email,mob) VALUES('1PI14CVE12','hhgfm',7,'CVE','hhgfm@gmail.com',939386712);
INSERT INTO student_credential(usn,password)VALUES('1PI14CVE12','1PI14CVE12');
INSERT INTO student(usn,name,sem,dept,email,mob) VALUES('1PI14CVE13','izrck',7,'CVE','izrck@gmail.com',939386713);
INSERT INTO student_credential(usn,password)VALUES('1PI14CVE13','1PI14CVE13');
INSERT INTO student(usn,name,sem,dept,email,mob) VALUES('1PI14CVE14','lyhbp',7,'CVE','lyhbp@gmail.com',939386714);
INSERT INTO student_credential(usn,password)VALUES('1PI14CVE14','1PI14CVE14');
INSERT INTO student(usn,name,sem,dept,email,mob) VALUES('1PI14CVE15','jjzrr',7,'CVE','jjzrr@gmail.com',939386715);
INSERT INTO student_credential(usn,password)VALUES('1PI14CVE15','1PI14CVE15');
INSERT INTO student(usn,name,sem,dept,email,mob) VALUES('1PI14CVE16','ugofl',7,'CVE','ugofl@gmail.com',939386716);
INSERT INTO student_credential(usn,password)VALUES('1PI14CVE16','1PI14CVE16');
INSERT INTO student(usn,name,sem,dept,email,mob) VALUES('1PI14CVE17','uioiv',7,'CVE','uioiv@gmail.com',939386717);
INSERT INTO student_credential(usn,password)VALUES('1PI14CVE17','1PI14CVE17');
INSERT INTO student(usn,name,sem,dept,email,mob) VALUES('1PI14CVE18','ovxmr',7,'CVE','ovxmr@gmail.com',939386718);
INSERT INTO student_credential(usn,password)VALUES('1PI14CVE18','1PI14CVE18');
INSERT INTO student(usn,name,sem,dept,email,mob) VALUES('1PI14CVE19','awzsw',7,'CVE','awzsw@gmail.com',939386719);
INSERT INTO student_credential(usn,password)VALUES('1PI14CVE19','1PI14CVE19');
INSERT INTO student(usn,name,sem,dept,email,mob) VALUES('1PI14CVE20','pfncn',7,'CVE','pfncn@gmail.com',939386720);
INSERT INTO student_credential(usn,password)VALUES('1PI14CVE20','1PI14CVE20');
INSERT INTO student(usn,name,sem,dept,email,mob) VALUES('1PI14CVE21','fytmc',7,'CVE','fytmc@gmail.com',939386721);
INSERT INTO student_credential(usn,password)VALUES('1PI14CVE21','1PI14CVE21');
INSERT INTO student(usn,name,sem,dept,email,mob) VALUES('1PI14CVE22','fvwnr',7,'CVE','fvwnr@gmail.com',939386722);
INSERT INTO student_credential(usn,password)VALUES('1PI14CVE22','1PI14CVE22');
INSERT INTO student(usn,name,sem,dept,email,mob) VALUES('1PI14CVE23','mfzgp',7,'CVE','mfzgp@gmail.com',939386723);
INSERT INTO student_credential(usn,password)VALUES('1PI14CVE23','1PI14CVE23');
INSERT INTO student(usn,name,sem,dept,email,mob) VALUES('1PI14CVE24','zpolt',7,'CVE','zpolt@gmail.com',939386724);
INSERT INTO student_credential(usn,password)VALUES('1PI14CVE24','1PI14CVE24');
INSERT INTO student(usn,name,sem,dept,email,mob) VALUES('1PI14CVE25','vnbmv',7,'CVE','vnbmv@gmail.com',939386725);
INSERT INTO student_credential(usn,password)VALUES('1PI14CVE25','1PI14CVE25');
INSERT INTO student(usn,name,sem,dept,email,mob) VALUES('1PI14CVE26','wthjs',7,'CVE','wthjs@gmail.com',939386726);
INSERT INTO student_credential(usn,password)VALUES('1PI14CVE26','1PI14CVE26');
INSERT INTO student(usn,name,sem,dept,email,mob) VALUES('1PI14CVE27','vhbxs',7,'CVE','vhbxs@gmail.com',939386727);
INSERT INTO student_credential(usn,password)VALUES('1PI14CVE27','1PI14CVE27');
INSERT INTO student(usn,name,sem,dept,email,mob) VALUES('1PI14CVE28','ewqyc',7,'CVE','ewqyc@gmail.com',939386728);
INSERT INTO student_credential(usn,password)VALUES('1PI14CVE28','1PI14CVE28');
INSERT INTO student(usn,name,sem,dept,email,mob) VALUES('1PI14CVE29','kwexz',7,'CVE','kwexz@gmail.com',939386729);
INSERT INTO student_credential(usn,password)VALUES('1PI14CVE29','1PI14CVE29');
INSERT INTO student(usn,name,sem,dept,email,mob) VALUES('1PI14CVE30','pmiex',7,'CVE','pmiex@gmail.com',939386730);
INSERT INTO student_credential(usn,password)VALUES('1PI14CVE30','1PI14CVE30');
INSERT INTO student(usn,name,sem,dept,email,mob) VALUES('1PI14CVE31','grjxj',7,'CVE','grjxj@gmail.com',939386731);
INSERT INTO student_credential(usn,password)VALUES('1PI14CVE31','1PI14CVE31');
INSERT INTO student(usn,name,sem,dept,email,mob) VALUES('1PI14CVE32','mdwbq',7,'CVE','mdwbq@gmail.com',939386732);
INSERT INTO student_credential(usn,password)VALUES('1PI14CVE32','1PI14CVE32');
INSERT INTO student(usn,name,sem,dept,email,mob) VALUES('1PI14CVE33','yuipx',7,'CVE','yuipx@gmail.com',939386733);
INSERT INTO student_credential(usn,password)VALUES('1PI14CVE33','1PI14CVE33');
INSERT INTO student(usn,name,sem,dept,email,mob) VALUES('1PI14CVE34','arrbp',7,'CVE','arrbp@gmail.com',939386734);
INSERT INTO student_credential(usn,password)VALUES('1PI14CVE34','1PI14CVE34');
INSERT INTO student(usn,name,sem,dept,email,mob) VALUES('1PI14CVE35','hnzwk',7,'CVE','hnzwk@gmail.com',939386735);
INSERT INTO student_credential(usn,password)VALUES('1PI14CVE35','1PI14CVE35');
INSERT INTO student(usn,name,sem,dept,email,mob) VALUES('1PI14CVE36','bclgb',7,'CVE','bclgb@gmail.com',939386736);
INSERT INTO student_credential(usn,password)VALUES('1PI14CVE36','1PI14CVE36');
INSERT INTO student(usn,name,sem,dept,email,mob) VALUES('1PI14CVE37','vocyu',7,'CVE','vocyu@gmail.com',939386737);
INSERT INTO student_credential(usn,password)VALUES('1PI14CVE37','1PI14CVE37');
INSERT INTO student(usn,name,sem,dept,email,mob) VALUES('1PI14CVE38','zutzy',7,'CVE','zutzy@gmail.com',939386738);
INSERT INTO student_credential(usn,password)VALUES('1PI14CVE38','1PI14CVE38');
INSERT INTO student(usn,name,sem,dept,email,mob) VALUES('1PI14CVE39','piroc',7,'CVE','piroc@gmail.com',939386739);
INSERT INTO student_credential(usn,password)VALUES('1PI14CVE39','1PI14CVE39');
INSERT INTO student(usn,name,sem,dept,email,mob) VALUES('1PI14CVE40','yyucc',7,'CVE','yyucc@gmail.com',939386740);
INSERT INTO student_credential(usn,password)VALUES('1PI14CVE40','1PI14CVE40');
INSERT INTO student(usn,name,sem,dept,email,mob) VALUES('1PI14CVE41','lqzcx',7,'CVE','lqzcx@gmail.com',939386741);
INSERT INTO student_credential(usn,password)VALUES('1PI14CVE41','1PI14CVE41');
INSERT INTO student(usn,name,sem,dept,email,mob) VALUES('1PI14CVE42','tawhx',7,'CVE','tawhx@gmail.com',939386742);
INSERT INTO student_credential(usn,password)VALUES('1PI14CVE42','1PI14CVE42');
INSERT INTO student(usn,name,sem,dept,email,mob) VALUES('1PI14CVE43','khalp',7,'CVE','khalp@gmail.com',939386743);
INSERT INTO student_credential(usn,password)VALUES('1PI14CVE43','1PI14CVE43');
INSERT INTO student(usn,name,sem,dept,email,mob) VALUES('1PI14CVE44','ukjrm',7,'CVE','ukjrm@gmail.com',939386744);
INSERT INTO student_credential(usn,password)VALUES('1PI14CVE44','1PI14CVE44');
INSERT INTO student(usn,name,sem,dept,email,mob) VALUES('1PI14CVE45','gsxoc',7,'CVE','gsxoc@gmail.com',939386745);
INSERT INTO student_credential(usn,password)VALUES('1PI14CVE45','1PI14CVE45');
INSERT INTO student(usn,name,sem,dept,email,mob) VALUES('1PI14CVE46','kdraa',7,'CVE','kdraa@gmail.com',939386746);
INSERT INTO student_credential(usn,password)VALUES('1PI14CVE46','1PI14CVE46');
INSERT INTO student(usn,name,sem,dept,email,mob) VALUES('1PI14CVE47','uacxk',7,'CVE','uacxk@gmail.com',939386747);
INSERT INTO student_credential(usn,password)VALUES('1PI14CVE47','1PI14CVE47');
INSERT INTO student(usn,name,sem,dept,email,mob) VALUES('1PI14CVE48','pmrfl',7,'CVE','pmrfl@gmail.com',939386748);
INSERT INTO student_credential(usn,password)VALUES('1PI14CVE48','1PI14CVE48');
INSERT INTO student(usn,name,sem,dept,email,mob) VALUES('1PI14CVE49','spdlq',7,'CVE','spdlq@gmail.com',939386749);
INSERT INTO student_credential(usn,password)VALUES('1PI14CVE49','1PI14CVE49');
INSERT INTO student(usn,name,sem,dept,email,mob) VALUES('1PI14CVE50','kewyq',7,'CVE','kewyq@gmail.com',939386750);
INSERT INTO student_credential(usn,password)VALUES('1PI14CVE50','1PI14CVE50');
INSERT INTO student(usn,name,sem,dept,email,mob) VALUES('1PI14CVE51','jftfw',7,'CVE','jftfw@gmail.com',939386751);
INSERT INTO student_credential(usn,password)VALUES('1PI14CVE51','1PI14CVE51');
INSERT INTO student(usn,name,sem,dept,email,mob) VALUES('1PI14CVE52','ahgqo',7,'CVE','ahgqo@gmail.com',939386752);
INSERT INTO student_credential(usn,password)VALUES('1PI14CVE52','1PI14CVE52');
INSERT INTO student(usn,name,sem,dept,email,mob) VALUES('1PI14CVE53','hkqnk',7,'CVE','hkqnk@gmail.com',939386753);
INSERT INTO student_credential(usn,password)VALUES('1PI14CVE53','1PI14CVE53');
INSERT INTO student(usn,name,sem,dept,email,mob) VALUES('1PI14CVE54','ttiqf',7,'CVE','ttiqf@gmail.com',939386754);
INSERT INTO student_credential(usn,password)VALUES('1PI14CVE54','1PI14CVE54');
INSERT INTO student(usn,name,sem,dept,email,mob) VALUES('1PI14CVE55','yrhds',7,'CVE','yrhds@gmail.com',939386755);
INSERT INTO student_credential(usn,password)VALUES('1PI14CVE55','1PI14CVE55');
INSERT INTO student(usn,name,sem,dept,email,mob) VALUES('1PI14CVE56','geuei',7,'CVE','geuei@gmail.com',939386756);
INSERT INTO student_credential(usn,password)VALUES('1PI14CVE56','1PI14CVE56');
INSERT INTO student(usn,name,sem,dept,email,mob) VALUES('1PI14CVE57','vkrne',7,'CVE','vkrne@gmail.com',939386757);
INSERT INTO student_credential(usn,password)VALUES('1PI14CVE57','1PI14CVE57');
INSERT INTO student(usn,name,sem,dept,email,mob) VALUES('1PI14CVE58','zumci',7,'CVE','zumci@gmail.com',939386758);
INSERT INTO student_credential(usn,password)VALUES('1PI14CVE58','1PI14CVE58');
INSERT INTO student(usn,name,sem,dept,email,mob) VALUES('1PI14CVE59','rzfqx',7,'CVE','rzfqx@gmail.com',939386759);
INSERT INTO student_credential(usn,password)VALUES('1PI14CVE59','1PI14CVE59');
INSERT INTO student(usn,name,sem,dept,email,mob) VALUES('1PI14CVE60','ozfcu',7,'CVE','ozfcu@gmail.com',939386760);
INSERT INTO student_credential(usn,password)VALUES('1PI14CVE60','1PI14CVE60');
INSERT INTO student(usn,name,sem,dept,email,mob) VALUES('1PI14CVE61','hcnsc',7,'CVE','hcnsc@gmail.com',939386761);
INSERT INTO student_credential(usn,password)VALUES('1PI14CVE61','1PI14CVE61');
INSERT INTO student(usn,name,sem,dept,email,mob) VALUES('1PI14CVE62','qkcjb',7,'CVE','qkcjb@gmail.com',939386762);
INSERT INTO student_credential(usn,password)VALUES('1PI14CVE62','1PI14CVE62');
INSERT INTO student(usn,name,sem,dept,email,mob) VALUES('1PI14CVE63','chvrs',7,'CVE','chvrs@gmail.com',939386763);
INSERT INTO student_credential(usn,password)VALUES('1PI14CVE63','1PI14CVE63');
INSERT INTO student(usn,name,sem,dept,email,mob) VALUES('1PI14CVE64','pzotk',7,'CVE','pzotk@gmail.com',939386764);
INSERT INTO student_credential(usn,password)VALUES('1PI14CVE64','1PI14CVE64');
INSERT INTO student(usn,name,sem,dept,email,mob) VALUES('1PI14CVE65','dbidw',7,'CVE','dbidw@gmail.com',939386765);
INSERT INTO student_credential(usn,password)VALUES('1PI14CVE65','1PI14CVE65');
INSERT INTO student(usn,name,sem,dept,email,mob) VALUES('1PI14CVE66','wygow',7,'CVE','wygow@gmail.com',939386766);
INSERT INTO student_credential(usn,password)VALUES('1PI14CVE66','1PI14CVE66');
INSERT INTO student(usn,name,sem,dept,email,mob) VALUES('1PI14CVE67','wqhnz',7,'CVE','wqhnz@gmail.com',939386767);
INSERT INTO student_credential(usn,password)VALUES('1PI14CVE67','1PI14CVE67');
INSERT INTO student(usn,name,sem,dept,email,mob) VALUES('1PI14CVE68','fjqhf',7,'CVE','fjqhf@gmail.com',939386768);
INSERT INTO student_credential(usn,password)VALUES('1PI14CVE68','1PI14CVE68');
INSERT INTO student(usn,name,sem,dept,email,mob) VALUES('1PI14CVE69','gimwj',7,'CVE','gimwj@gmail.com',939386769);
INSERT INTO student_credential(usn,password)VALUES('1PI14CVE69','PI14CVE69');
INSERT INTO student(usn,name,sem,dept,email,mob) VALUES('1PI14CVE70','grjvq',7,'CVE','grjvq@gmail.com',939386770);
INSERT INTO student_credential(usn,password)VALUES('1PI14CVE70','1PI14CVE70');
INSERT INTO student(usn,name,sem,dept,email,mob) VALUES('1PI14CVE71','spoos',7,'CVE','spoos@gmail.com',939386771);
INSERT INTO student_credential(usn,password)VALUES('1PI14CVE71','1PI14CVE71');
INSERT INTO student(usn,name,sem,dept,email,mob) VALUES('1PI14CVE72','laqkx',7,'CVE','laqkx@gmail.com',939386772);
INSERT INTO student_credential(usn,password)VALUES('1PI14CVE72','1PI14CVE72');
INSERT INTO student(usn,name,sem,dept,email,mob) VALUES('1PI14CVE73','zehze',7,'CVE','zehze@gmail.com',939386773);
INSERT INTO student_credential(usn,password)VALUES('1PI14CVE73','1PI14CVE73');
INSERT INTO student(usn,name,sem,dept,email,mob) VALUES('1PI14CVE74','gkwut',7,'CVE','gkwut@gmail.com',939386774);
INSERT INTO student_credential(usn,password)VALUES('1PI14CVE74','1PI14CVE74');
INSERT INTO student(usn,name,sem,dept,email,mob) VALUES('1PI14CVE75','iypzv',7,'CVE','iypzv@gmail.com',939386775);
INSERT INTO student_credential(usn,password)VALUES('1PI14CVE75','1PI14CVE75');
INSERT INTO student(usn,name,sem,dept,email,mob) VALUES('1PI14CVE76','vztdu',7,'CVE','vztdu@gmail.com',939386776);
INSERT INTO student_credential(usn,password)VALUES('1PI14CVE76','1PI14CVE76');
INSERT INTO student(usn,name,sem,dept,email,mob) VALUES('1PI14CVE77','rgodx',7,'CVE','rgodx@gmail.com',939386777);
INSERT INTO student_credential(usn,password)VALUES('1PI14CVE77','1PI14CVE77');
INSERT INTO student(usn,name,sem,dept,email,mob) VALUES('1PI14CVE78','vaahg',7,'CVE','vaahg@gmail.com',939386778);
INSERT INTO student_credential(usn,password)VALUES('1PI14CVE78','1PI14CVE78');
INSERT INTO student(usn,name,sem,dept,email,mob) VALUES('1PI14CVE79','uigps',7,'CVE','uigps@gmail.com',939386779);
INSERT INTO student_credential(usn,password)VALUES('1PI14CVE79','1PI14CVE79');
INSERT INTO student(usn,name,sem,dept,email,mob) VALUES('1PI14CVE80','glhab',7,'CVE','glhab@gmail.com',939386780);
INSERT INTO student_credential(usn,password)VALUES('1PI14CVE80','1PI14CVE80');
INSERT INTO student(usn,name,sem,dept,email,mob) VALUES('1PI14CVE81','nqbwt',7,'CVE','nqbwt@gmail.com',939386781);
INSERT INTO student_credential(usn,password)VALUES('1PI14CVE81','1PI14CVE81');
INSERT INTO student(usn,name,sem,dept,email,mob) VALUES('1PI14CVE82','qmbds',7,'CVE','qmbds@gmail.com',939386782);
INSERT INTO student_credential(usn,password)VALUES('1PI14CVE82','1PI14CVE82');
INSERT INTO student(usn,name,sem,dept,email,mob) VALUES('1PI14CVE83','mbfzt',7,'CVE','mbfzt@gmail.com',939386783);
INSERT INTO student_credential(usn,password)VALUES('1PI14CVE83','1PI14CVE83');
INSERT INTO student(usn,name,sem,dept,email,mob) VALUES('1PI14CVE84','hyumq',7,'CVE','hyumq@gmail.com',939386784);
INSERT INTO student_credential(usn,password)VALUES('1PI14CVE84','1PI14CVE84');
INSERT INTO student(usn,name,sem,dept,email,mob) VALUES('1PI14CVE85','uowld',7,'CVE','uowld@gmail.com',939386785);
INSERT INTO student_credential(usn,password)VALUES('1PI14CVE85','1PI14CVE85');
INSERT INTO student(usn,name,sem,dept,email,mob) VALUES('1PI14CVE86','novuc',7,'CVE','novuc@gmail.com',939386786);
INSERT INTO student_credential(usn,password)VALUES('1PI14CVE86','1PI14CVE86');
INSERT INTO student(usn,name,sem,dept,email,mob) VALUES('1PI14CVE87','oimmq',7,'CVE','oimmq@gmail.com',939386787);
INSERT INTO student_credential(usn,password)VALUES('1PI14CVE87','1PI14CVE87');
INSERT INTO student(usn,name,sem,dept,email,mob) VALUES('1PI14CVE88','szmsr',7,'CVE','szmsr@gmail.com',939386788);
INSERT INTO student_credential(usn,password)VALUES('1PI14CVE88','1PI14CVE88');
INSERT INTO student(usn,name,sem,dept,email,mob) VALUES('1PI14CVE89','zqpma',7,'CVE','zqpma@gmail.com',939386789);
INSERT INTO student_credential(usn,password)VALUES('1PI14CVE89','1PI14CVE89');
INSERT INTO student(usn,name,sem,dept,email,mob) VALUES('1PI14CVE90','ddcvh',7,'CVE','ddcvh@gmail.com',939386790);
INSERT INTO student_credential(usn,password)VALUES('1PI14CVE90','1PI14CVE90');
INSERT INTO student(usn,name,sem,dept,email,mob) VALUES('1PI14CVE91','injjd',7,'CVE','injjd@gmail.com',939386791);
INSERT INTO student_credential(usn,password)VALUES('1PI14CVE91','1PI14CVE91');
INSERT INTO student(usn,name,sem,dept,email,mob) VALUES('1PI14CVE92','fywrw',7,'CVE','fywrw@gmail.com',939386792);
INSERT INTO student_credential(usn,password)VALUES('1PI14CVE92','1PI14CVE92');
INSERT INTO student(usn,name,sem,dept,email,mob) VALUES('1PI14CVE93','sdagm',7,'CVE','sdagm@gmail.com',939386793);
INSERT INTO student_credential(usn,password)VALUES('1PI14CVE93','1PI14CVE93');
INSERT INTO student(usn,name,sem,dept,email,mob) VALUES('1PI14CVE94','vyqht',7,'CVE','vyqht@gmail.com',939386794);
INSERT INTO student_credential(usn,password)VALUES('1PI14CVE94','1PI14CVE94');
INSERT INTO student(usn,name,sem,dept,email,mob) VALUES('1PI14CVE95','qwfyi',7,'CVE','qwfyi@gmail.com',939386795);
INSERT INTO student_credential(usn,password)VALUES('1PI14CVE95','1PI14CVE95');
INSERT INTO student(usn,name,sem,dept,email,mob) VALUES('1PI14CVE96','aistv',7,'CVE','aistv@gmail.com',939386796);
INSERT INTO student_credential(usn,password)VALUES('1PI14CVE96','1PI14CVE96');
INSERT INTO student(usn,name,sem,dept,email,mob) VALUES('1PI14CVE97','hbzvr',7,'CVE','hbzvr@gmail.com',939386797);
INSERT INTO student_credential(usn,password)VALUES('1PI14CVE97','1PI14CVE97');
INSERT INTO student(usn,name,sem,dept,email,mob) VALUES('1PI14CVE98','oovjf',7,'CVE','oovjf@gmail.com',939386798);
INSERT INTO student_credential(usn,password)VALUES('1PI14CVE98','1PI14CVE98');
INSERT INTO student(usn,name,sem,dept,email,mob) VALUES('1PI14CVE99','tegsk',7,'CVE','tegsk@gmail.com',939386799);
INSERT INTO student_credential(usn,password)VALUES('1PI14CVE99','1PI14CVE99');
INSERT INTO student(usn,name,sem,dept,email,mob) VALUES('1PI16CVE0','jrjyn',5,'CVE','jrjyn@gmail.com',939386500);
INSERT INTO student_credential(usn,password)VALUES('1PI16CVE0','1PI16CVE0');
INSERT INTO student(usn,name,sem,dept,email,mob) VALUES('1PI16CVE1','glssh',5,'CVE','glssh@gmail.com',939386501);
INSERT INTO student_credential(usn,password)VALUES('1PI16CVE1','1PI16CVE1');
INSERT INTO student(usn,name,sem,dept,email,mob) VALUES('1PI16CVE2','itxzg',5,'CVE','itxzg@gmail.com',939386502);
INSERT INTO student_credential(usn,password)VALUES('1PI16CVE2','1PI16CVE2');
INSERT INTO student(usn,name,sem,dept,email,mob) VALUES('1PI16CVE3','fwawl',5,'CVE','fwawl@gmail.com',939386503);
INSERT INTO student_credential(usn,password)VALUES('1PI16CVE3','1PI16CVE3');
INSERT INTO student(usn,name,sem,dept,email,mob) VALUES('1PI16CVE4','yzgkx',5,'CVE','yzgkx@gmail.com',939386504);
INSERT INTO student_credential(usn,password)VALUES('1PI16CVE4','1PI16CVE4');
INSERT INTO student(usn,name,sem,dept,email,mob) VALUES('1PI16CVE5','yspek',5,'CVE','yspek@gmail.com',939386505);
INSERT INTO student_credential(usn,password)VALUES('1PI16CVE5','1PI16CVE5');
INSERT INTO student(usn,name,sem,dept,email,mob) VALUES('1PI16CVE6','darme',5,'CVE','darme@gmail.com',939386506);
INSERT INTO student_credential(usn,password)VALUES('1PI16CVE6','1PI16CVE6');
INSERT INTO student(usn,name,sem,dept,email,mob) VALUES('1PI16CVE7','qdkxj',5,'CVE','qdkxj@gmail.com',939386507);
INSERT INTO student_credential(usn,password)VALUES('1PI16CVE7','1PI16CVE7');
INSERT INTO student(usn,name,sem,dept,email,mob) VALUES('1PI16CVE8','flkjw',5,'CVE','flkjw@gmail.com',939386508);
INSERT INTO student_credential(usn,password)VALUES('1PI16CVE8','1PI16CVE8');
INSERT INTO student(usn,name,sem,dept,email,mob) VALUES('1PI16CVE9','nwwfz',5,'CVE','nwwfz@gmail.com',939386509);
INSERT INTO student_credential(usn,password)VALUES('1PI16CVE9','1PI16CVE9');
INSERT INTO student(usn,name,sem,dept,email,mob) VALUES('1PI16CVE10','inwtx',5,'CVE','inwtx@gmail.com',939386510);
INSERT INTO student_credential(usn,password)VALUES('1PI16CVE10','1PI16CVE10');
INSERT INTO student(usn,name,sem,dept,email,mob) VALUES('1PI16CVE11','scjbp',5,'CVE','scjbp@gmail.com',939386511);
INSERT INTO student_credential(usn,password)VALUES('1PI16CVE11','1PI16CVE11');
INSERT INTO student(usn,name,sem,dept,email,mob) VALUES('1PI16CVE12','awnhb',5,'CVE','awnhb@gmail.com',939386512);
INSERT INTO student_credential(usn,password)VALUES('1PI16CVE12','1PI16CVE12');
INSERT INTO student(usn,name,sem,dept,email,mob) VALUES('1PI16CVE13','skilh',5,'CVE','skilh@gmail.com',939386513);
INSERT INTO student_credential(usn,password)VALUES('1PI16CVE13','1PI16CVE13');
INSERT INTO student(usn,name,sem,dept,email,mob) VALUES('1PI16CVE14','sduds',5,'CVE','sduds@gmail.com',939386514);
INSERT INTO student_credential(usn,password)VALUES('1PI16CVE14','1PI16CVE14');
INSERT INTO student(usn,name,sem,dept,email,mob) VALUES('1PI16CVE15','lmcrf',5,'CVE','lmcrf@gmail.com',939386515);
INSERT INTO student_credential(usn,password)VALUES('1PI16CVE15','1PI16CVE15');
INSERT INTO student(usn,name,sem,dept,email,mob) VALUES('1PI16CVE16','ipqqb',5,'CVE','ipqqb@gmail.com',939386516);
INSERT INTO student_credential(usn,password)VALUES('1PI16CVE16','1PI16CVE16');
INSERT INTO student(usn,name,sem,dept,email,mob) VALUES('1PI16CVE17','pbfgc',5,'CVE','pbfgc@gmail.com',939386517);
INSERT INTO student_credential(usn,password)VALUES('1PI16CVE17','1PI16CVE17');
INSERT INTO student(usn,name,sem,dept,email,mob) VALUES('1PI16CVE18','qyxej',5,'CVE','qyxej@gmail.com',939386518);
INSERT INTO student_credential(usn,password)VALUES('1PI16CVE18','1PI16CVE18');
INSERT INTO student(usn,name,sem,dept,email,mob) VALUES('1PI16CVE19','hgahx',5,'CVE','hgahx@gmail.com',939386519);
INSERT INTO student_credential(usn,password)VALUES('1PI16CVE19','1PI16CVE19');
INSERT INTO student(usn,name,sem,dept,email,mob) VALUES('1PI16CVE20','wjmsk',5,'CVE','wjmsk@gmail.com',939386520);
INSERT INTO student_credential(usn,password)VALUES('1PI16CVE20','1PI16CVE20');
INSERT INTO student(usn,name,sem,dept,email,mob) VALUES('1PI16CVE21','gaplc',5,'CVE','gaplc@gmail.com',939386521);
INSERT INTO student_credential(usn,password)VALUES('1PI16CVE21','1PI16CVE21');
INSERT INTO student(usn,name,sem,dept,email,mob) VALUES('1PI16CVE22','jjltq',5,'CVE','jjltq@gmail.com',939386522);
INSERT INTO student_credential(usn,password)VALUES('1PI16CVE22','1PI16CVE22');
INSERT INTO student(usn,name,sem,dept,email,mob) VALUES('1PI16CVE23','troza',5,'CVE','troza@gmail.com',939386523);
INSERT INTO student_credential(usn,password)VALUES('1PI16CVE23','1PI16CVE23');
INSERT INTO student(usn,name,sem,dept,email,mob) VALUES('1PI16CVE24','muiny',5,'CVE','muiny@gmail.com',939386524);
INSERT INTO student_credential(usn,password)VALUES('1PI16CVE24','1PI16CVE24');
INSERT INTO student(usn,name,sem,dept,email,mob) VALUES('1PI16CVE25','stpkl',5,'CVE','stpkl@gmail.com',939386525);
INSERT INTO student_credential(usn,password)VALUES('1PI16CVE25','1PI16CVE25');
INSERT INTO student(usn,name,sem,dept,email,mob) VALUES('1PI16CVE26','zlivf',5,'CVE','zlivf@gmail.com',939386526);
INSERT INTO student_credential(usn,password)VALUES('1PI16CVE26','1PI16CVE26');
INSERT INTO student(usn,name,sem,dept,email,mob) VALUES('1PI16CVE27','hvsjt',5,'CVE','hvsjt@gmail.com',939386527);
INSERT INTO student_credential(usn,password)VALUES('1PI16CVE27','1PI16CVE27');
INSERT INTO student(usn,name,sem,dept,email,mob) VALUES('1PI16CVE28','kzmnk',5,'CVE','kzmnk@gmail.com',939386528);
INSERT INTO student_credential(usn,password)VALUES('1PI16CVE28','1PI16CVE28');
INSERT INTO student(usn,name,sem,dept,email,mob) VALUES('1PI16CVE29','abbal',5,'CVE','abbal@gmail.com',939386529);
INSERT INTO student_credential(usn,password)VALUES('1PI16CVE29','1PI16CVE29');
INSERT INTO student(usn,name,sem,dept,email,mob) VALUES('1PI16CVE30','eiztj',5,'CVE','eiztj@gmail.com',939386530);
INSERT INTO student_credential(usn,password)VALUES('1PI16CVE30','1PI16CVE30');
INSERT INTO student(usn,name,sem,dept,email,mob) VALUES('1PI16CVE31','pzhzt',5,'CVE','pzhzt@gmail.com',939386531);
INSERT INTO student_credential(usn,password)VALUES('1PI16CVE31','1PI16CVE31');
INSERT INTO student(usn,name,sem,dept,email,mob) VALUES('1PI16CVE32','qhvns',5,'CVE','qhvns@gmail.com',939386532);
INSERT INTO student_credential(usn,password)VALUES('1PI16CVE32','1PI16CVE32');
INSERT INTO student(usn,name,sem,dept,email,mob) VALUES('1PI16CVE33','jbjul',5,'CVE','jbjul@gmail.com',939386533);
INSERT INTO student_credential(usn,password)VALUES('1PI16CVE33','1PI16CVE33');
INSERT INTO student(usn,name,sem,dept,email,mob) VALUES('1PI16CVE34','usjty',5,'CVE','usjty@gmail.com',939386534);
INSERT INTO student_credential(usn,password)VALUES('1PI16CVE34','1PI16CVE34');
INSERT INTO student(usn,name,sem,dept,email,mob) VALUES('1PI16CVE35','ynqgp',5,'CVE','ynqgp@gmail.com',939386535);
INSERT INTO student_credential(usn,password)VALUES('1PI16CVE35','1PI16CVE35');
INSERT INTO student(usn,name,sem,dept,email,mob) VALUES('1PI16CVE36','ysval',5,'CVE','ysval@gmail.com',939386536);
INSERT INTO student_credential(usn,password)VALUES('1PI16CVE36','1PI16CVE36');
INSERT INTO student(usn,name,sem,dept,email,mob) VALUES('1PI16CVE37','zdfed',5,'CVE','zdfed@gmail.com',939386537);
INSERT INTO student_credential(usn,password)VALUES('1PI16CVE37','1PI16CVE37');
INSERT INTO student(usn,name,sem,dept,email,mob) VALUES('1PI16CVE38','gaufc',5,'CVE','gaufc@gmail.com',939386538);
INSERT INTO student_credential(usn,password)VALUES('1PI16CVE38','1PI16CVE38');
INSERT INTO student(usn,name,sem,dept,email,mob) VALUES('1PI16CVE39','hgkgx',5,'CVE','hgkgx@gmail.com',939386539);
INSERT INTO student_credential(usn,password)VALUES('1PI16CVE39','1PI16CVE39');
INSERT INTO student(usn,name,sem,dept,email,mob) VALUES('1PI16CVE40','apvwb',5,'CVE','apvwb@gmail.com',939386540);
INSERT INTO student_credential(usn,password)VALUES('1PI16CVE40','1PI16CVE40');
INSERT INTO student(usn,name,sem,dept,email,mob) VALUES('1PI16CVE41','nuhym',5,'CVE','nuhym@gmail.com',939386541);
INSERT INTO student_credential(usn,password)VALUES('1PI16CVE41','1PI16CVE41');
INSERT INTO student(usn,name,sem,dept,email,mob) VALUES('1PI16CVE42','eahsc',5,'CVE','eahsc@gmail.com',939386542);
INSERT INTO student_credential(usn,password)VALUES('1PI16CVE42','1PI16CVE42');
INSERT INTO student(usn,name,sem,dept,email,mob) VALUES('1PI16CVE43','snsii',5,'CVE','snsii@gmail.com',939386543);
INSERT INTO student_credential(usn,password)VALUES('1PI16CVE43','1PI16CVE43');
INSERT INTO student(usn,name,sem,dept,email,mob) VALUES('1PI16CVE44','mbmtj',5,'CVE','mbmtj@gmail.com',939386544);
INSERT INTO student_credential(usn,password)VALUES('1PI16CVE44','1PI16CVE44');
INSERT INTO student(usn,name,sem,dept,email,mob) VALUES('1PI16CVE45','stpvr',5,'CVE','stpvr@gmail.com',939386545);
INSERT INTO student_credential(usn,password)VALUES('1PI16CVE45','1PI16CVE45');
INSERT INTO student(usn,name,sem,dept,email,mob) VALUES('1PI16CVE46','jufsi',5,'CVE','jufsi@gmail.com',939386546);
INSERT INTO student_credential(usn,password)VALUES('1PI16CVE46','1PI16CVE46');
INSERT INTO student(usn,name,sem,dept,email,mob) VALUES('1PI16CVE47','kdvwy',5,'CVE','kdvwy@gmail.com',939386547);
INSERT INTO student_credential(usn,password)VALUES('1PI16CVE47','1PI16CVE47');
INSERT INTO student(usn,name,sem,dept,email,mob) VALUES('1PI16CVE48','rizub',5,'CVE','rizub@gmail.com',939386548);
INSERT INTO student_credential(usn,password)VALUES('1PI16CVE48','1PI16CVE48');
INSERT INTO student(usn,name,sem,dept,email,mob) VALUES('1PI16CVE49','lbbgw',5,'CVE','lbbgw@gmail.com',939386549);
INSERT INTO student_credential(usn,password)VALUES('1PI16CVE49','1PI16CVE49');
INSERT INTO student(usn,name,sem,dept,email,mob) VALUES('1PI16CVE50','adbfz',5,'CVE','adbfz@gmail.com',939386550);
INSERT INTO student_credential(usn,password)VALUES('1PI16CVE50','1PI16CVE50');
INSERT INTO student(usn,name,sem,dept,email,mob) VALUES('1PI16CVE51','rwmoh',5,'CVE','rwmoh@gmail.com',939386551);
INSERT INTO student_credential(usn,password)VALUES('1PI16CVE51','1PI16CVE51');
INSERT INTO student(usn,name,sem,dept,email,mob) VALUES('1PI16CVE52','scfwy',5,'CVE','scfwy@gmail.com',939386552);
INSERT INTO student_credential(usn,password)VALUES('1PI16CVE52','1PI16CVE52');
INSERT INTO student(usn,name,sem,dept,email,mob) VALUES('1PI16CVE53','gavzj',5,'CVE','gavzj@gmail.com',939386553);
INSERT INTO student_credential(usn,password)VALUES('1PI16CVE53','1PI16CVE53');
INSERT INTO student(usn,name,sem,dept,email,mob) VALUES('1PI16CVE54','aoxrd',5,'CVE','aoxrd@gmail.com',939386554);
INSERT INTO student_credential(usn,password)VALUES('1PI16CVE54','1PI16CVE54');
INSERT INTO student(usn,name,sem,dept,email,mob) VALUES('1PI16CVE55','ilpom',5,'CVE','ilpom@gmail.com',939386555);
INSERT INTO student_credential(usn,password)VALUES('1PI16CVE55','1PI16CVE55');
INSERT INTO student(usn,name,sem,dept,email,mob) VALUES('1PI16CVE56','oisjj',5,'CVE','oisjj@gmail.com',939386556);
INSERT INTO student_credential(usn,password)VALUES('1PI16CVE56','1PI16CVE56');
INSERT INTO student(usn,name,sem,dept,email,mob) VALUES('1PI16CVE57','swfdy',5,'CVE','swfdy@gmail.com',939386557);
INSERT INTO student_credential(usn,password)VALUES('1PI16CVE57','1PI16CVE57');
INSERT INTO student(usn,name,sem,dept,email,mob) VALUES('1PI16CVE58','ynvlq',5,'CVE','ynvlq@gmail.com',939386558);
INSERT INTO student_credential(usn,password)VALUES('1PI16CVE58','1PI16CVE58');
INSERT INTO student(usn,name,sem,dept,email,mob) VALUES('1PI16CVE59','rmhjc',5,'CVE','rmhjc@gmail.com',939386559);
INSERT INTO student_credential(usn,password)VALUES('1PI16CVE59','1PI16CVE59');
INSERT INTO student(usn,name,sem,dept,email,mob) VALUES('1PI16CVE60','szfrz',5,'CVE','szfrz@gmail.com',939386560);
INSERT INTO student_credential(usn,password)VALUES('1PI16CVE60','1PI16CVE60');
INSERT INTO student(usn,name,sem,dept,email,mob) VALUES('1PI16CVE61','psfcc',5,'CVE','psfcc@gmail.com',939386561);
INSERT INTO student_credential(usn,password)VALUES('1PI16CVE61','1PI16CVE61');
INSERT INTO student(usn,name,sem,dept,email,mob) VALUES('1PI16CVE62','tayvf',5,'CVE','tayvf@gmail.com',939386562);
INSERT INTO student_credential(usn,password)VALUES('1PI16CVE62','1PI16CVE62');
INSERT INTO student(usn,name,sem,dept,email,mob) VALUES('1PI16CVE63','icqbe',5,'CVE','icqbe@gmail.com',939386563);
INSERT INTO student_credential(usn,password)VALUES('1PI16CVE63','1PI16CVE63');
INSERT INTO student(usn,name,sem,dept,email,mob) VALUES('1PI16CVE64','bazkl',5,'CVE','bazkl@gmail.com',939386564);
INSERT INTO student_credential(usn,password)VALUES('1PI16CVE64','1PI16CVE64');
INSERT INTO student(usn,name,sem,dept,email,mob) VALUES('1PI16CVE65','eewjy',5,'CVE','eewjy@gmail.com',939386565);
INSERT INTO student_credential(usn,password)VALUES('1PI16CVE65','1PI16CVE65');
INSERT INTO student(usn,name,sem,dept,email,mob) VALUES('1PI16CVE66','nezrx',5,'CVE','nezrx@gmail.com',939386566);
INSERT INTO student_credential(usn,password)VALUES('1PI16CVE66','1PI16CVE66');
INSERT INTO student(usn,name,sem,dept,email,mob) VALUES('1PI16CVE67','dmfqy',5,'CVE','dmfqy@gmail.com',939386567);
INSERT INTO student_credential(usn,password)VALUES('1PI16CVE67','1PI16CVE67');
INSERT INTO student(usn,name,sem,dept,email,mob) VALUES('1PI16CVE68','wohwh',5,'CVE','wohwh@gmail.com',939386568);
INSERT INTO student_credential(usn,password)VALUES('1PI16CVE68','1PI16CVE68');
INSERT INTO student(usn,name,sem,dept,email,mob) VALUES('1PI16CVE69','rgvtz',5,'CVE','rgvtz@gmail.com',939386569);
INSERT INTO student_credential(usn,password)VALUES('1PI16CVE69','1PI16CVE69');
INSERT INTO student(usn,name,sem,dept,email,mob) VALUES('1PI16CVE70','cdvsf',5,'CVE','cdvsf@gmail.com',939386570);
INSERT INTO student_credential(usn,password)VALUES('1PI16CVE70','1PI16CVE70');
INSERT INTO student(usn,name,sem,dept,email,mob) VALUES('1PI16CVE71','dvhpv',5,'CVE','dvhpv@gmail.com',939386571);
INSERT INTO student_credential(usn,password)VALUES('1PI16CVE71','1PI16CVE71');
INSERT INTO student(usn,name,sem,dept,email,mob) VALUES('1PI16CVE72','snlcw',5,'CVE','snlcw@gmail.com',939386572);
INSERT INTO student_credential(usn,password)VALUES('1PI16CVE72','1PI16CVE72');
INSERT INTO student(usn,name,sem,dept,email,mob) VALUES('1PI16CVE73','nndae',5,'CVE','nndae@gmail.com',939386573);
INSERT INTO student_credential(usn,password)VALUES('1PI16CVE73','1PI16CVE73');
INSERT INTO student(usn,name,sem,dept,email,mob) VALUES('1PI16CVE74','fgenz',5,'CVE','fgenz@gmail.com',939386574);
INSERT INTO student_credential(usn,password)VALUES('1PI16CVE74','1PI16CVE74');
INSERT INTO student(usn,name,sem,dept,email,mob) VALUES('1PI16CVE75','glnxh',5,'CVE','glnxh@gmail.com',939386575);
INSERT INTO student_credential(usn,password)VALUES('1PI16CVE75','1PI16CVE75');
INSERT INTO student(usn,name,sem,dept,email,mob) VALUES('1PI16CVE76','omksi',5,'CVE','omksi@gmail.com',939386576);
INSERT INTO student_credential(usn,password)VALUES('1PI16CVE76','1PI16CVE76');
INSERT INTO student(usn,name,sem,dept,email,mob) VALUES('1PI16CVE77','gnqhq',5,'CVE','gnqhq@gmail.com',939386577);
INSERT INTO student_credential(usn,password)VALUES('1PI16CVE77','1PI16CVE77');
INSERT INTO student(usn,name,sem,dept,email,mob) VALUES('1PI16CVE78','gxatp',5,'CVE','gxatp@gmail.com',939386578);
INSERT INTO student_credential(usn,password)VALUES('1PI16CVE78','1PI16CVE78');
INSERT INTO student(usn,name,sem,dept,email,mob) VALUES('1PI16CVE79','xwlds',5,'CVE','xwlds@gmail.com',939386579);
INSERT INTO student_credential(usn,password)VALUES('1PI16CVE79','1PI16CVE79');
INSERT INTO student(usn,name,sem,dept,email,mob) VALUES('1PI16CVE80','xufan',5,'CVE','xufan@gmail.com',939386580);
INSERT INTO student_credential(usn,password)VALUES('1PI16CVE80','1PI16CVE80');
INSERT INTO student(usn,name,sem,dept,email,mob) VALUES('1PI16CVE81','nebav',5,'CVE','nebav@gmail.com',939386581);
INSERT INTO student_credential(usn,password)VALUES('1PI16CVE81','1PI16CVE81');
INSERT INTO student(usn,name,sem,dept,email,mob) VALUES('1PI16CVE82','spetv',5,'CVE','spetv@gmail.com',939386582);
INSERT INTO student_credential(usn,password)VALUES('1PI16CVE82','1PI16CVE82');
INSERT INTO student(usn,name,sem,dept,email,mob) VALUES('1PI16CVE83','uczjm',5,'CVE','uczjm@gmail.com',939386583);
INSERT INTO student_credential(usn,password)VALUES('1PI16CVE83','1PI16CVE83');
INSERT INTO student(usn,name,sem,dept,email,mob) VALUES('1PI16CVE84','utkxz',5,'CVE','utkxz@gmail.com',939386584);
INSERT INTO student_credential(usn,password)VALUES('1PI16CVE84','1PI16CVE84');
INSERT INTO student(usn,name,sem,dept,email,mob) VALUES('1PI16CVE85','ybnie',5,'CVE','ybnie@gmail.com',939386585);
INSERT INTO student_credential(usn,password)VALUES('1PI16CVE85','1PI16CVE85');
INSERT INTO student(usn,name,sem,dept,email,mob) VALUES('1PI16CVE86','huesb',5,'CVE','huesb@gmail.com',939386586);
INSERT INTO student_credential(usn,password)VALUES('1PI16CVE86','1PI16CVE86');
INSERT INTO student(usn,name,sem,dept,email,mob) VALUES('1PI16CVE87','lhlpx',5,'CVE','lhlpx@gmail.com',939386587);
INSERT INTO student_credential(usn,password)VALUES('1PI16CVE87','1PI16CVE87');
INSERT INTO student(usn,name,sem,dept,email,mob) VALUES('1PI16CVE88','npoym',5,'CVE','npoym@gmail.com',939386588);
INSERT INTO student_credential(usn,password)VALUES('1PI16CVE88','1PI16CVE88');
INSERT INTO student(usn,name,sem,dept,email,mob) VALUES('1PI16CVE89','jeebh',5,'CVE','jeebh@gmail.com',939386589);
INSERT INTO student_credential(usn,password)VALUES('1PI16CVE89','1PI16CVE89');
INSERT INTO student(usn,name,sem,dept,email,mob) VALUES('1PI16CVE90','djhtj',5,'CVE','djhtj@gmail.com',939386590);
INSERT INTO student_credential(usn,password)VALUES('1PI16CVE90','1PI16CVE90');
INSERT INTO student(usn,name,sem,dept,email,mob) VALUES('1PI16CVE91','qfjkh',5,'CVE','qfjkh@gmail.com',939386591);
INSERT INTO student_credential(usn,password)VALUES('1PI16CVE91','1PI16CVE91');
INSERT INTO student(usn,name,sem,dept,email,mob) VALUES('1PI16CVE92','awwtk',5,'CVE','awwtk@gmail.com',939386592);
INSERT INTO student_credential(usn,password)VALUES('1PI16CVE92','1PI16CVE92');
INSERT INTO student(usn,name,sem,dept,email,mob) VALUES('1PI16CVE93','guwtz',5,'CVE','guwtz@gmail.com',939386593);
INSERT INTO student_credential(usn,password)VALUES('1PI16CVE93','1PI16CVE93');
INSERT INTO student(usn,name,sem,dept,email,mob) VALUES('1PI16CVE94','efpxp',5,'CVE','efpxp@gmail.com',939386594);
INSERT INTO student_credential(usn,password)VALUES('1PI16CVE94','1PI16CVE94');
INSERT INTO student(usn,name,sem,dept,email,mob) VALUES('1PI16CVE95','bdrxf',5,'CVE','bdrxf@gmail.com',939386595);
INSERT INTO student_credential(usn,password)VALUES('1PI16CVE95','1PI16CVE95');
INSERT INTO student(usn,name,sem,dept,email,mob) VALUES('1PI16CVE96','utvbu',5,'CVE','utvbu@gmail.com',939386596);
INSERT INTO student_credential(usn,password)VALUES('1PI16CVE96','1PI16CVE96');
INSERT INTO student(usn,name,sem,dept,email,mob) VALUES('1PI16CVE97','ufjvg',5,'CVE','ufjvg@gmail.com',939386597);
INSERT INTO student_credential(usn,password)VALUES('1PI16CVE97','1PI16CVE97');
INSERT INTO student(usn,name,sem,dept,email,mob) VALUES('1PI16CVE98','zpdfs',5,'CVE','zpdfs@gmail.com',939386598);
INSERT INTO student_credential(usn,password)VALUES('1PI16CVE98','1PI16CVE98');
INSERT INTO student(usn,name,sem,dept,email,mob) VALUES('1PI16CVE99','crzsw',5,'CVE','crzsw@gmail.com',939386599);
INSERT INTO student_credential(usn,password)VALUES('1PI16CVE99','1PI16CVE99');
INSERT INTO student(usn,name,sem,dept,email,mob) VALUES('1PI18CVE0','pqdbd',3,'CVE','pqdbd@gmail.com',939386300);
INSERT INTO student_credential(usn,password)VALUES('1PI18CVE0','1PI18CVE0');
INSERT INTO student(usn,name,sem,dept,email,mob) VALUES('1PI18CVE1','zvnjd',3,'CVE','zvnjd@gmail.com',939386301);
INSERT INTO student_credential(usn,password)VALUES('1PI18CVE1','1PI18CVE1');
INSERT INTO student(usn,name,sem,dept,email,mob) VALUES('1PI18CVE2','akgvq',3,'CVE','akgvq@gmail.com',939386302);
INSERT INTO student_credential(usn,password)VALUES('1PI18CVE2','1PI18CVE2');
INSERT INTO student(usn,name,sem,dept,email,mob) VALUES('1PI18CVE3','xhgka',3,'CVE','xhgka@gmail.com',939386303);
INSERT INTO student_credential(usn,password)VALUES('1PI18CVE3','1PI18CVE3');
INSERT INTO student(usn,name,sem,dept,email,mob) VALUES('1PI18CVE4','sgyrk',3,'CVE','sgyrk@gmail.com',939386304);
INSERT INTO student_credential(usn,password)VALUES('1PI18CVE4','1PI18CVE4');
INSERT INTO student(usn,name,sem,dept,email,mob) VALUES('1PI18CVE5','pczgb',3,'CVE','pczgb@gmail.com',939386305);
INSERT INTO student_credential(usn,password)VALUES('1PI18CVE5','1PI18CVE5');
INSERT INTO student(usn,name,sem,dept,email,mob) VALUES('1PI18CVE6','hhevo',3,'CVE','hhevo@gmail.com',939386306);
INSERT INTO student_credential(usn,password)VALUES('1PI18CVE6','1PI18CVE6');
INSERT INTO student(usn,name,sem,dept,email,mob) VALUES('1PI18CVE7','okfpd',3,'CVE','okfpd@gmail.com',939386307);
INSERT INTO student_credential(usn,password)VALUES('1PI18CVE7','1PI18CVE7');
INSERT INTO student(usn,name,sem,dept,email,mob) VALUES('1PI18CVE8','eqkoh',3,'CVE','eqkoh@gmail.com',939386308);
INSERT INTO student_credential(usn,password)VALUES('1PI18CVE8','1PI18CVE8');
INSERT INTO student(usn,name,sem,dept,email,mob) VALUES('1PI18CVE9','ktevf',3,'CVE','ktevf@gmail.com',939386309);
INSERT INTO student_credential(usn,password)VALUES('1PI18CVE9','1PI18CVE9');
INSERT INTO student(usn,name,sem,dept,email,mob) VALUES('1PI18CVE10','norjb',3,'CVE','norjb@gmail.com',939386310);
INSERT INTO student_credential(usn,password)VALUES('1PI18CVE10','1PI18CVE10');
INSERT INTO student(usn,name,sem,dept,email,mob) VALUES('1PI18CVE11','ezawp',3,'CVE','ezawp@gmail.com',939386311);
INSERT INTO student_credential(usn,password)VALUES('1PI18CVE11','1PI18CVE11');
INSERT INTO student(usn,name,sem,dept,email,mob) VALUES('1PI18CVE12','yzaud',3,'CVE','yzaud@gmail.com',939386312);
INSERT INTO student_credential(usn,password)VALUES('1PI18CVE12','1PI18CVE12');
INSERT INTO student(usn,name,sem,dept,email,mob) VALUES('1PI18CVE13','wuxql',3,'CVE','wuxql@gmail.com',939386313);
INSERT INTO student_credential(usn,password)VALUES('1PI18CVE13','1PI18CVE13');
INSERT INTO student(usn,name,sem,dept,email,mob) VALUES('1PI18CVE14','djwjr',3,'CVE','djwjr@gmail.com',939386314);
INSERT INTO student_credential(usn,password)VALUES('1PI18CVE14','1PI18CVE14');
INSERT INTO student(usn,name,sem,dept,email,mob) VALUES('1PI18CVE15','iqaqs',3,'CVE','iqaqs@gmail.com',939386315);
INSERT INTO student_credential(usn,password)VALUES('1PI18CVE15','1PI18CVE15');
INSERT INTO student(usn,name,sem,dept,email,mob) VALUES('1PI18CVE16','jrqjg',3,'CVE','jrqjg@gmail.com',939386316);
INSERT INTO student_credential(usn,password)VALUES('1PI18CVE16','1PI18CVE16');
INSERT INTO student(usn,name,sem,dept,email,mob) VALUES('1PI18CVE17','oaxiu',3,'CVE','oaxiu@gmail.com',939386317);
INSERT INTO student_credential(usn,password)VALUES('1PI18CVE17','1PI18CVE17');
INSERT INTO student(usn,name,sem,dept,email,mob) VALUES('1PI18CVE18','sxhar',3,'CVE','sxhar@gmail.com',939386318);
INSERT INTO student_credential(usn,password)VALUES('1PI18CVE18','1PI18CVE18');
INSERT INTO student(usn,name,sem,dept,email,mob) VALUES('1PI18CVE19','yevoz',3,'CVE','yevoz@gmail.com',939386319);
INSERT INTO student_credential(usn,password)VALUES('1PI18CVE19','1PI18CVE19');
INSERT INTO student(usn,name,sem,dept,email,mob) VALUES('1PI18CVE20','nqgqb',3,'CVE','nqgqb@gmail.com',939386320);
INSERT INTO student_credential(usn,password)VALUES('1PI18CVE20','1PI18CVE20');
INSERT INTO student(usn,name,sem,dept,email,mob) VALUES('1PI18CVE21','teqmp',3,'CVE','teqmp@gmail.com',939386321);
INSERT INTO student_credential(usn,password)VALUES('1PI18CVE21','1PI18CVE21');
INSERT INTO student(usn,name,sem,dept,email,mob) VALUES('1PI18CVE22','pciid',3,'CVE','pciid@gmail.com',939386322);
INSERT INTO student_credential(usn,password)VALUES('1PI18CVE22','1PI18CVE22');
INSERT INTO student(usn,name,sem,dept,email,mob) VALUES('1PI18CVE23','gzfvg',3,'CVE','gzfvg@gmail.com',939386323);
INSERT INTO student_credential(usn,password)VALUES('1PI18CVE23','1PI18CVE23');
INSERT INTO student(usn,name,sem,dept,email,mob) VALUES('1PI18CVE24','qvzee',3,'CVE','qvzee@gmail.com',939386324);
INSERT INTO student_credential(usn,password)VALUES('1PI18CVE24','1PI18CVE24');
INSERT INTO student(usn,name,sem,dept,email,mob) VALUES('1PI18CVE25','mwwaz',3,'CVE','mwwaz@gmail.com',939386325);
INSERT INTO student_credential(usn,password)VALUES('1PI18CVE25','1PI18CVE25');
INSERT INTO student(usn,name,sem,dept,email,mob) VALUES('1PI18CVE26','stqoc',3,'CVE','stqoc@gmail.com',939386326);
INSERT INTO student_credential(usn,password)VALUES('1PI18CVE26','1PI18CVE26');
INSERT INTO student(usn,name,sem,dept,email,mob) VALUES('1PI18CVE27','wvntd',3,'CVE','wvntd@gmail.com',939386327);
INSERT INTO student_credential(usn,password)VALUES('1PI18CVE27','1PI18CVE27');
INSERT INTO student(usn,name,sem,dept,email,mob) VALUES('1PI18CVE28','naqyb',3,'CVE','naqyb@gmail.com',939386328);
INSERT INTO student_credential(usn,password)VALUES('1PI18CVE28','1PI18CVE28');
INSERT INTO student(usn,name,sem,dept,email,mob) VALUES('1PI18CVE29','cfrmn',3,'CVE','cfrmn@gmail.com',939386329);
INSERT INTO student_credential(usn,password)VALUES('1PI18CVE29','1PI18CVE29');
INSERT INTO student(usn,name,sem,dept,email,mob) VALUES('1PI18CVE30','zrslr',3,'CVE','zrslr@gmail.com',939386330);
INSERT INTO student_credential(usn,password)VALUES('1PI18CVE30','1PI18CVE30');
INSERT INTO student(usn,name,sem,dept,email,mob) VALUES('1PI18CVE31','dexup',3,'CVE','dexup@gmail.com',939386331);
INSERT INTO student_credential(usn,password)VALUES('1PI18CVE31','1PI18CVE31');
INSERT INTO student(usn,name,sem,dept,email,mob) VALUES('1PI18CVE32','sxuha',3,'CVE','sxuha@gmail.com',939386332);
INSERT INTO student_credential(usn,password)VALUES('1PI18CVE32','1PI18CVE32');
INSERT INTO student(usn,name,sem,dept,email,mob) VALUES('1PI18CVE33','cpttd',3,'CVE','cpttd@gmail.com',939386333);
INSERT INTO student_credential(usn,password)VALUES('1PI18CVE33','1PI18CVE33');
INSERT INTO student(usn,name,sem,dept,email,mob) VALUES('1PI18CVE34','yfaqw',3,'CVE','yfaqw@gmail.com',939386334);
INSERT INTO student_credential(usn,password)VALUES('1PI18CVE34','1PI18CVE34');
INSERT INTO student(usn,name,sem,dept,email,mob) VALUES('1PI18CVE35','cgpwv',3,'CVE','cgpwv@gmail.com',939386335);
INSERT INTO student_credential(usn,password)VALUES('1PI18CVE35','1PI18CVE35');
INSERT INTO student(usn,name,sem,dept,email,mob) VALUES('1PI18CVE36','nkrvk',3,'CVE','nkrvk@gmail.com',939386336);
INSERT INTO student_credential(usn,password)VALUES('1PI18CVE36','1PI18CVE36');
INSERT INTO student(usn,name,sem,dept,email,mob) VALUES('1PI18CVE37','cofdg',3,'CVE','cofdg@gmail.com',939386337);
INSERT INTO student_credential(usn,password)VALUES('1PI18CVE37','1PI18CVE37');
INSERT INTO student(usn,name,sem,dept,email,mob) VALUES('1PI18CVE38','bbgpd',3,'CVE','bbgpd@gmail.com',939386338);
INSERT INTO student_credential(usn,password)VALUES('1PI18CVE38','1PI18CVE38');
INSERT INTO student(usn,name,sem,dept,email,mob) VALUES('1PI18CVE39','oxjuu',3,'CVE','oxjuu@gmail.com',939386339);
INSERT INTO student_credential(usn,password)VALUES('1PI18CVE39','1PI18CVE39');
INSERT INTO student(usn,name,sem,dept,email,mob) VALUES('1PI18CVE40','yycki',3,'CVE','yycki@gmail.com',939386340);
INSERT INTO student_credential(usn,password)VALUES('1PI18CVE40','1PI18CVE40');
INSERT INTO student(usn,name,sem,dept,email,mob) VALUES('1PI18CVE41','tfdrc',3,'CVE','tfdrc@gmail.com',939386341);
INSERT INTO student_credential(usn,password)VALUES('1PI18CVE41','1PI18CVE41');
INSERT INTO student(usn,name,sem,dept,email,mob) VALUES('1PI18CVE42','lzmsh',3,'CVE','lzmsh@gmail.com',939386342);
INSERT INTO student_credential(usn,password)VALUES('1PI18CVE42','1PI18CVE42');
INSERT INTO student(usn,name,sem,dept,email,mob) VALUES('1PI18CVE43','ghtlf',3,'CVE','ghtlf@gmail.com',939386343);
INSERT INTO student_credential(usn,password)VALUES('1PI18CVE43','1PI18CVE43');
INSERT INTO student(usn,name,sem,dept,email,mob) VALUES('1PI18CVE44','spjhc',3,'CVE','spjhc@gmail.com',939386344);
INSERT INTO student_credential(usn,password)VALUES('1PI18CVE44','1PI18CVE44');
INSERT INTO student(usn,name,sem,dept,email,mob) VALUES('1PI18CVE45','gfasd',3,'CVE','gfasd@gmail.com',939386345);
INSERT INTO student_credential(usn,password)VALUES('1PI18CVE45','1PI18CVE45');
INSERT INTO student(usn,name,sem,dept,email,mob) VALUES('1PI18CVE46','vwjgp',3,'CVE','vwjgp@gmail.com',939386346);
INSERT INTO student_credential(usn,password)VALUES('1PI18CVE46','1PI18CVE46');
INSERT INTO student(usn,name,sem,dept,email,mob) VALUES('1PI18CVE47','lbqzj',3,'CVE','lbqzj@gmail.com',939386347);
INSERT INTO student_credential(usn,password)VALUES('1PI18CVE47','1PI18CVE47');
INSERT INTO student(usn,name,sem,dept,email,mob) VALUES('1PI18CVE48','bbllf',3,'CVE','bbllf@gmail.com',939386348);
INSERT INTO student_credential(usn,password)VALUES('1PI18CVE48','1PI18CVE48');
INSERT INTO student(usn,name,sem,dept,email,mob) VALUES('1PI18CVE49','hnhec',3,'CVE','hnhec@gmail.com',939386349);
INSERT INTO student_credential(usn,password)VALUES('1PI18CVE49','1PI18CVE49');
INSERT INTO student(usn,name,sem,dept,email,mob) VALUES('1PI18CVE50','bjsnt',3,'CVE','bjsnt@gmail.com',939386350);
INSERT INTO student_credential(usn,password)VALUES('1PI18CVE50','1PI18CVE50');
INSERT INTO student(usn,name,sem,dept,email,mob) VALUES('1PI18CVE51','zziox',3,'CVE','zziox@gmail.com',939386351);
INSERT INTO student_credential(usn,password)VALUES('1PI18CVE51','1PI18CVE51');
INSERT INTO student(usn,name,sem,dept,email,mob) VALUES('1PI18CVE52','auwzk',3,'CVE','auwzk@gmail.com',939386352);
INSERT INTO student_credential(usn,password)VALUES('1PI18CVE52','1PI18CVE52');
INSERT INTO student(usn,name,sem,dept,email,mob) VALUES('1PI18CVE53','jzhzd',3,'CVE','jzhzd@gmail.com',939386353);
INSERT INTO student_credential(usn,password)VALUES('1PI18CVE53','1PI18CVE53');
INSERT INTO student(usn,name,sem,dept,email,mob) VALUES('1PI18CVE54','fwdsv',3,'CVE','fwdsv@gmail.com',939386354);
INSERT INTO student_credential(usn,password)VALUES('1PI18CVE54','1PI18CVE54');
INSERT INTO student(usn,name,sem,dept,email,mob) VALUES('1PI18CVE55','wyxgh',3,'CVE','wyxgh@gmail.com',939386355);
INSERT INTO student_credential(usn,password)VALUES('1PI18CVE55','1PI18CVE55');
INSERT INTO student(usn,name,sem,dept,email,mob) VALUES('1PI18CVE56','qilwn',3,'CVE','qilwn@gmail.com',939386356);
INSERT INTO student_credential(usn,password)VALUES('1PI18CVE56','1PI18CVE56');
INSERT INTO student(usn,name,sem,dept,email,mob) VALUES('1PI18CVE57','cnkij',3,'CVE','cnkij@gmail.com',939386357);
INSERT INTO student_credential(usn,password)VALUES('1PI18CVE57','1PI18CVE57');
INSERT INTO student(usn,name,sem,dept,email,mob) VALUES('1PI18CVE58','capby',3,'CVE','capby@gmail.com',939386358);
INSERT INTO student_credential(usn,password)VALUES('1PI18CVE58','1PI18CVE58');
INSERT INTO student(usn,name,sem,dept,email,mob) VALUES('1PI18CVE59','quxve',3,'CVE','quxve@gmail.com',939386359);
INSERT INTO student_credential(usn,password)VALUES('1PI18CVE59','1PI18CVE59');
INSERT INTO student(usn,name,sem,dept,email,mob) VALUES('1PI18CVE60','jeciz',3,'CVE','jeciz@gmail.com',939386360);
INSERT INTO student_credential(usn,password)VALUES('1PI18CVE60','1PI18CVE60');
INSERT INTO student(usn,name,sem,dept,email,mob) VALUES('1PI18CVE61','vvizt',3,'CVE','vvizt@gmail.com',939386361);
INSERT INTO student_credential(usn,password)VALUES('1PI18CVE61','1PI18CVE61');
INSERT INTO student(usn,name,sem,dept,email,mob) VALUES('1PI18CVE62','cbdoq',3,'CVE','cbdoq@gmail.com',939386362);
INSERT INTO student_credential(usn,password)VALUES('1PI18CVE62','1PI18CVE62');
INSERT INTO student(usn,name,sem,dept,email,mob) VALUES('1PI18CVE63','jhvei',3,'CVE','jhvei@gmail.com',939386363);
INSERT INTO student_credential(usn,password)VALUES('1PI18CVE63','1PI18CVE63');
INSERT INTO student(usn,name,sem,dept,email,mob) VALUES('1PI18CVE64','gvekk',3,'CVE','gvekk@gmail.com',939386364);
INSERT INTO student_credential(usn,password)VALUES('1PI18CVE64','1PI18CVE64');
INSERT INTO student(usn,name,sem,dept,email,mob) VALUES('1PI18CVE65','fkznc',3,'CVE','fkznc@gmail.com',939386365);
INSERT INTO student_credential(usn,password)VALUES('1PI18CVE65','1PI18CVE65');
INSERT INTO student(usn,name,sem,dept,email,mob) VALUES('1PI18CVE66','nkyvo',3,'CVE','nkyvo@gmail.com',939386366);
INSERT INTO student_credential(usn,password)VALUES('1PI18CVE66','1PI18CVE66');
INSERT INTO student(usn,name,sem,dept,email,mob) VALUES('1PI18CVE67','guwpi',3,'CVE','guwpi@gmail.com',939386367);
INSERT INTO student_credential(usn,password)VALUES('1PI18CVE67','1PI18CVE67');
INSERT INTO student(usn,name,sem,dept,email,mob) VALUES('1PI18CVE68','iktaj',3,'CVE','iktaj@gmail.com',939386368);
INSERT INTO student_credential(usn,password)VALUES('1PI18CVE68','1PI18CVE68');
INSERT INTO student(usn,name,sem,dept,email,mob) VALUES('1PI18CVE69','djnts',3,'CVE','djnts@gmail.com',939386369);
INSERT INTO student_credential(usn,password)VALUES('1PI18CVE69','1PI18CVE69');
INSERT INTO student(usn,name,sem,dept,email,mob) VALUES('1PI18CVE70','giecr',3,'CVE','giecr@gmail.com',939386370);
INSERT INTO student_credential(usn,password)VALUES('1PI18CVE70','1PI18CVE70');
INSERT INTO student(usn,name,sem,dept,email,mob) VALUES('1PI18CVE71','pwinb',3,'CVE','pwinb@gmail.com',939386371);
INSERT INTO student_credential(usn,password)VALUES('1PI18CVE71','1PI18CVE71');
INSERT INTO student(usn,name,sem,dept,email,mob) VALUES('1PI18CVE72','umvkt',3,'CVE','umvkt@gmail.com',939386372);
INSERT INTO student_credential(usn,password)VALUES('1PI18CVE72','1PI18CVE72');
INSERT INTO student(usn,name,sem,dept,email,mob) VALUES('1PI18CVE73','izkxn',3,'CVE','izkxn@gmail.com',939386373);
INSERT INTO student_credential(usn,password)VALUES('1PI18CVE73','1PI18CVE73');
INSERT INTO student(usn,name,sem,dept,email,mob) VALUES('1PI18CVE74','rsdkq',3,'CVE','rsdkq@gmail.com',939386374);
INSERT INTO student_credential(usn,password)VALUES('1PI18CVE74','1PI18CVE74');
INSERT INTO student(usn,name,sem,dept,email,mob) VALUES('1PI18CVE75','bvapl',3,'CVE','bvapl@gmail.com',939386375);
INSERT INTO student_credential(usn,password)VALUES('1PI18CVE75','1PI18CVE75');
INSERT INTO student(usn,name,sem,dept,email,mob) VALUES('1PI18CVE76','udlbe',3,'CVE','udlbe@gmail.com',939386376);
INSERT INTO student_credential(usn,password)VALUES('1PI18CVE76','1PI18CVE76');
INSERT INTO student(usn,name,sem,dept,email,mob) VALUES('1PI18CVE77','gdrhp',3,'CVE','gdrhp@gmail.com',939386377);
INSERT INTO student_credential(usn,password)VALUES('1PI18CVE77','1PI18CVE77');
INSERT INTO student(usn,name,sem,dept,email,mob) VALUES('1PI18CVE78','tkwpi',3,'CVE','tkwpi@gmail.com',939386378);
INSERT INTO student_credential(usn,password)VALUES('1PI18CVE78','1PI18CVE78');
INSERT INTO student(usn,name,sem,dept,email,mob) VALUES('1PI18CVE79','gfrcd',3,'CVE','gfrcd@gmail.com',939386379);
INSERT INTO student_credential(usn,password)VALUES('1PI18CVE79','1PI18CVE79');
INSERT INTO student(usn,name,sem,dept,email,mob) VALUES('1PI18CVE80','mgzje',3,'CVE','mgzje@gmail.com',939386380);
INSERT INTO student_credential(usn,password)VALUES('1PI18CVE80','1PI18CVE80');
INSERT INTO student(usn,name,sem,dept,email,mob) VALUES('1PI18CVE81','ibter',3,'CVE','ibter@gmail.com',939386381);
INSERT INTO student_credential(usn,password)VALUES('1PI18CVE81','1PI18CVE81');
INSERT INTO student(usn,name,sem,dept,email,mob) VALUES('1PI18CVE82','rwdlc',3,'CVE','rwdlc@gmail.com',939386382);
INSERT INTO student_credential(usn,password)VALUES('1PI18CVE82','1PI18CVE82');
INSERT INTO student(usn,name,sem,dept,email,mob) VALUES('1PI18CVE83','eczot',3,'CVE','eczot@gmail.com',939386383);
INSERT INTO student_credential(usn,password)VALUES('1PI18CVE83','1PI18CVE83');
INSERT INTO student(usn,name,sem,dept,email,mob) VALUES('1PI18CVE84','viwlp',3,'CVE','viwlp@gmail.com',939386384);
INSERT INTO student_credential(usn,password)VALUES('1PI18CVE84','1PI18CVE84');
INSERT INTO student(usn,name,sem,dept,email,mob) VALUES('1PI18CVE85','fibya',3,'CVE','fibya@gmail.com',939386385);
INSERT INTO student_credential(usn,password)VALUES('1PI18CVE85','1PI18CVE85');
INSERT INTO student(usn,name,sem,dept,email,mob) VALUES('1PI18CVE86','nraah',3,'CVE','nraah@gmail.com',939386386);
INSERT INTO student_credential(usn,password)VALUES('1PI18CVE86','1PI18CVE86');
INSERT INTO student(usn,name,sem,dept,email,mob) VALUES('1PI18CVE87','oawom',3,'CVE','oawom@gmail.com',939386387);
INSERT INTO student_credential(usn,password)VALUES('1PI18CVE87','1PI18CVE87');
INSERT INTO student(usn,name,sem,dept,email,mob) VALUES('1PI18CVE88','xzorz',3,'CVE','xzorz@gmail.com',939386388);
INSERT INTO student_credential(usn,password)VALUES('1PI18CVE88','1PI18CVE88');
INSERT INTO student(usn,name,sem,dept,email,mob) VALUES('1PI18CVE89','gvkti',3,'CVE','gvkti@gmail.com',939386389);
INSERT INTO student_credential(usn,password)VALUES('1PI18CVE89','1PI18CVE89');
INSERT INTO student(usn,name,sem,dept,email,mob) VALUES('1PI18CVE90','azlzy',3,'CVE','azlzy@gmail.com',939386390);
INSERT INTO student_credential(usn,password)VALUES('1PI18CVE90','1PI18CVE90');
INSERT INTO student(usn,name,sem,dept,email,mob) VALUES('1PI18CVE91','nkmwb',3,'CVE','nkmwb@gmail.com',939386391);
INSERT INTO student_credential(usn,password)VALUES('1PI18CVE91','1PI18CVE91');
INSERT INTO student(usn,name,sem,dept,email,mob) VALUES('1PI18CVE92','crujp',3,'CVE','crujp@gmail.com',939386392);
INSERT INTO student_credential(usn,password)VALUES('1PI18CVE92','1PI18CVE92');
INSERT INTO student(usn,name,sem,dept,email,mob) VALUES('1PI18CVE93','dzqsg',3,'CVE','dzqsg@gmail.com',939386393);
INSERT INTO student_credential(usn,password)VALUES('1PI18CVE93','1PI18CVE93');
INSERT INTO student(usn,name,sem,dept,email,mob) VALUES('1PI18CVE94','qlaom',3,'CVE','qlaom@gmail.com',939386394);
INSERT INTO student_credential(usn,password)VALUES('1PI18CVE94','1PI18CVE94');
INSERT INTO student(usn,name,sem,dept,email,mob) VALUES('1PI18CVE95','tkvbh',3,'CVE','tkvbh@gmail.com',939386395);
INSERT INTO student_credential(usn,password)VALUES('1PI18CVE95','1PI18CVE95');
INSERT INTO student(usn,name,sem,dept,email,mob) VALUES('1PI18CVE96','gfsei',3,'CVE','gfsei@gmail.com',939386396);
INSERT INTO student_credential(usn,password)VALUES('1PI18CVE96','1PI18CVE96');
INSERT INTO student(usn,name,sem,dept,email,mob) VALUES('1PI18CVE97','exvjv',3,'CVE','exvjv@gmail.com',939386397);
INSERT INTO student_credential(usn,password)VALUES('1PI18CVE97','1PI18CVE97');
INSERT INTO student(usn,name,sem,dept,email,mob) VALUES('1PI18CVE98','wwkas',3,'CVE','wwkas@gmail.com',939386398);
INSERT INTO student_credential(usn,password)VALUES('1PI18CVE98','1PI18CVE98');
INSERT INTO student(usn,name,sem,dept,email,mob) VALUES('1PI18CVE99','ymwia',3,'CVE','ymwia@gmail.com',939386399);
INSERT INTO student_credential(usn,password)VALUES('1PI18CVE99','1PI18CVE99');
INSERT INTO student(usn,name,sem,dept,email,mob) VALUES('1PI20CVE0','mmkem',1,'CVE','mmkem@gmail.com',939386100);
INSERT INTO student_credential(usn,password)VALUES('1PI20CVE0','1PI20CVE0');
INSERT INTO student(usn,name,sem,dept,email,mob) VALUES('1PI20CVE1','pnjqc',1,'CVE','pnjqc@gmail.com',939386101);
INSERT INTO student_credential(usn,password)VALUES('1PI20CVE1','1PI20CVE1');
INSERT INTO student(usn,name,sem,dept,email,mob) VALUES('1PI20CVE2','aelfy',1,'CVE','aelfy@gmail.com',939386102);
INSERT INTO student_credential(usn,password)VALUES('1PI20CVE2','1PI20CVE2');
INSERT INTO student(usn,name,sem,dept,email,mob) VALUES('1PI20CVE3','yvpym',1,'CVE','yvpym@gmail.com',939386103);
INSERT INTO student_credential(usn,password)VALUES('1PI20CVE3','1PI20CVE3');
INSERT INTO student(usn,name,sem,dept,email,mob) VALUES('1PI20CVE4','rgujz',1,'CVE','rgujz@gmail.com',939386104);
INSERT INTO student_credential(usn,password)VALUES('1PI20CVE4','1PI20CVE4');
INSERT INTO student(usn,name,sem,dept,email,mob) VALUES('1PI20CVE5','atfsn',1,'CVE','atfsn@gmail.com',939386105);
INSERT INTO student_credential(usn,password)VALUES('1PI20CVE5','1PI20CVE5');
INSERT INTO student(usn,name,sem,dept,email,mob) VALUES('1PI20CVE6','htniw',1,'CVE','htniw@gmail.com',939386106);
INSERT INTO student_credential(usn,password)VALUES('1PI20CVE6','1PI20CVE6');
INSERT INTO student(usn,name,sem,dept,email,mob) VALUES('1PI20CVE7','lwsdf',1,'CVE','lwsdf@gmail.com',939386107);
INSERT INTO student_credential(usn,password)VALUES('1PI20CVE7','1PI20CVE7');
INSERT INTO student(usn,name,sem,dept,email,mob) VALUES('1PI20CVE8','wyijf',1,'CVE','wyijf@gmail.com',939386108);
INSERT INTO student_credential(usn,password)VALUES('1PI20CVE8','1PI20CVE8');
INSERT INTO student(usn,name,sem,dept,email,mob) VALUES('1PI20CVE9','zshte',1,'CVE','zshte@gmail.com',939386109);
INSERT INTO student_credential(usn,password)VALUES('1PI20CVE9','1PI20CVE9');
INSERT INTO student(usn,name,sem,dept,email,mob) VALUES('1PI20CVE10','pejvt',1,'CVE','pejvt@gmail.com',939386110);
INSERT INTO student_credential(usn,password)VALUES('1PI20CVE10','1PI20CVE10');
INSERT INTO student(usn,name,sem,dept,email,mob) VALUES('1PI20CVE11','znhvp',1,'CVE','znhvp@gmail.com',939386111);
INSERT INTO student_credential(usn,password)VALUES('1PI20CVE11','1PI20CVE11');
INSERT INTO student(usn,name,sem,dept,email,mob) VALUES('1PI20CVE12','fhati',1,'CVE','fhati@gmail.com',939386112);
INSERT INTO student_credential(usn,password)VALUES('1PI20CVE12','1PI20CVE12');
INSERT INTO student(usn,name,sem,dept,email,mob) VALUES('1PI20CVE13','cqjes',1,'CVE','cqjes@gmail.com',939386113);
INSERT INTO student_credential(usn,password)VALUES('1PI20CVE13','1PI20CVE13');
INSERT INTO student(usn,name,sem,dept,email,mob) VALUES('1PI20CVE14','fyhni',1,'CVE','fyhni@gmail.com',939386114);
INSERT INTO student_credential(usn,password)VALUES('1PI20CVE14','1PI20CVE14');
INSERT INTO student(usn,name,sem,dept,email,mob) VALUES('1PI20CVE15','dzhvm',1,'CVE','dzhvm@gmail.com',939386115);
INSERT INTO student_credential(usn,password)VALUES('1PI20CVE15','1PI20CVE15');
INSERT INTO student(usn,name,sem,dept,email,mob) VALUES('1PI20CVE16','uggaz',1,'CVE','uggaz@gmail.com',939386116);
INSERT INTO student_credential(usn,password)VALUES('1PI20CVE16','1PI20CVE16');
INSERT INTO student(usn,name,sem,dept,email,mob) VALUES('1PI20CVE17','mnupb',1,'CVE','mnupb@gmail.com',939386117);
INSERT INTO student_credential(usn,password)VALUES('1PI20CVE17','1PI20CVE17');
INSERT INTO student(usn,name,sem,dept,email,mob) VALUES('1PI20CVE18','pkmsz',1,'CVE','pkmsz@gmail.com',939386118);
INSERT INTO student_credential(usn,password)VALUES('1PI20CVE18','1PI20CVE18');
INSERT INTO student(usn,name,sem,dept,email,mob) VALUES('1PI20CVE19','dbnof',1,'CVE','dbnof@gmail.com',939386119);
INSERT INTO student_credential(usn,password)VALUES('1PI20CVE19','1PI20CVE19');
INSERT INTO student(usn,name,sem,dept,email,mob) VALUES('1PI20CVE20','ajljb',1,'CVE','ajljb@gmail.com',939386120);
INSERT INTO student_credential(usn,password)VALUES('1PI20CVE20','1PI20CVE20');
INSERT INTO student(usn,name,sem,dept,email,mob) VALUES('1PI20CVE21','roert',1,'CVE','roert@gmail.com',939386121);
INSERT INTO student_credential(usn,password)VALUES('1PI20CVE21','1PI20CVE21');
INSERT INTO student(usn,name,sem,dept,email,mob) VALUES('1PI20CVE22','esefx',1,'CVE','esefx@gmail.com',939386122);
INSERT INTO student_credential(usn,password)VALUES('1PI20CVE22','1PI20CVE22');
INSERT INTO student(usn,name,sem,dept,email,mob) VALUES('1PI20CVE23','nippe',1,'CVE','nippe@gmail.com',939386123);
INSERT INTO student_credential(usn,password)VALUES('1PI20CVE23','1PI20CVE23');
INSERT INTO student(usn,name,sem,dept,email,mob) VALUES('1PI20CVE24','woxvk',1,'CVE','woxvk@gmail.com',939386124);
INSERT INTO student_credential(usn,password)VALUES('1PI20CVE24','1PI20CVE24');
INSERT INTO student(usn,name,sem,dept,email,mob) VALUES('1PI20CVE25','zdnrl',1,'CVE','zdnrl@gmail.com',939386125);
INSERT INTO student_credential(usn,password)VALUES('1PI20CVE25','1PI20CVE25');
INSERT INTO student(usn,name,sem,dept,email,mob) VALUES('1PI20CVE26','uzlwf',1,'CVE','uzlwf@gmail.com',939386126);
INSERT INTO student_credential(usn,password)VALUES('1PI20CVE26','1PI20CVE26');
INSERT INTO student(usn,name,sem,dept,email,mob) VALUES('1PI20CVE27','hlmwu',1,'CVE','hlmwu@gmail.com',939386127);
INSERT INTO student_credential(usn,password)VALUES('1PI20CVE27','1PI20CVE27');
INSERT INTO student(usn,name,sem,dept,email,mob) VALUES('1PI20CVE28','mclzy',1,'CVE','mclzy@gmail.com',939386128);
INSERT INTO student_credential(usn,password)VALUES('1PI20CVE28','1PI20CVE28');
INSERT INTO student(usn,name,sem,dept,email,mob) VALUES('1PI20CVE29','stoxj',1,'CVE','stoxj@gmail.com',939386129);
INSERT INTO student_credential(usn,password)VALUES('1PI20CVE29','1PI20CVE29');
INSERT INTO student(usn,name,sem,dept,email,mob) VALUES('1PI20CVE30','rsoqf',1,'CVE','rsoqf@gmail.com',939386130);
INSERT INTO student_credential(usn,password)VALUES('1PI20CVE30','1PI20CVE30');
INSERT INTO student(usn,name,sem,dept,email,mob) VALUES('1PI20CVE31','wlueh',1,'CVE','wlueh@gmail.com',939386131);
INSERT INTO student_credential(usn,password)VALUES('1PI20CVE31','1PI20CVE31');
INSERT INTO student(usn,name,sem,dept,email,mob) VALUES('1PI20CVE32','qfrnc',1,'CVE','qfrnc@gmail.com',939386132);
INSERT INTO student_credential(usn,password)VALUES('1PI20CVE32','1PI20CVE32');
INSERT INTO student(usn,name,sem,dept,email,mob) VALUES('1PI20CVE33','fkpys',1,'CVE','fkpys@gmail.com',939386133);
INSERT INTO student_credential(usn,password)VALUES('1PI20CVE33','1PI20CVE33');
INSERT INTO student(usn,name,sem,dept,email,mob) VALUES('1PI20CVE34','qlhla',1,'CVE','qlhla@gmail.com',939386134);
INSERT INTO student_credential(usn,password)VALUES('1PI20CVE34','1PI20CVE34');
INSERT INTO student(usn,name,sem,dept,email,mob) VALUES('1PI20CVE35','nrocc',1,'CVE','nrocc@gmail.com',939386135);
INSERT INTO student_credential(usn,password)VALUES('1PI20CVE35','1PI20CVE35');
INSERT INTO student(usn,name,sem,dept,email,mob) VALUES('1PI20CVE36','wzlik',1,'CVE','wzlik@gmail.com',939386136);
INSERT INTO student_credential(usn,password)VALUES('1PI20CVE36','1PI20CVE36');
INSERT INTO student(usn,name,sem,dept,email,mob) VALUES('1PI20CVE37','umoyy',1,'CVE','umoyy@gmail.com',939386137);
INSERT INTO student_credential(usn,password)VALUES('1PI20CVE37','1PI20CVE37');
INSERT INTO student(usn,name,sem,dept,email,mob) VALUES('1PI20CVE38','okhao',1,'CVE','okhao@gmail.com',939386138);
INSERT INTO student_credential(usn,password)VALUES('1PI20CVE38','1PI20CVE38');
INSERT INTO student(usn,name,sem,dept,email,mob) VALUES('1PI20CVE39','kilpe',1,'CVE','kilpe@gmail.com',939386139);
INSERT INTO student_credential(usn,password)VALUES('1PI20CVE39','1PI20CVE39');
INSERT INTO student(usn,name,sem,dept,email,mob) VALUES('1PI20CVE40','emnqy',1,'CVE','emnqy@gmail.com',939386140);
INSERT INTO student_credential(usn,password)VALUES('1PI20CVE40','1PI20CVE40');
INSERT INTO student(usn,name,sem,dept,email,mob) VALUES('1PI20CVE41','gsfjn',1,'CVE','gsfjn@gmail.com',939386141);
INSERT INTO student_credential(usn,password)VALUES('1PI20CVE41','1PI20CVE41');
INSERT INTO student(usn,name,sem,dept,email,mob) VALUES('1PI20CVE42','yuctk',1,'CVE','yuctk@gmail.com',939386142);
INSERT INTO student_credential(usn,password)VALUES('1PI20CVE42','1PI20CVE42');
INSERT INTO student(usn,name,sem,dept,email,mob) VALUES('1PI20CVE43','fzblt',1,'CVE','fzblt@gmail.com',939386143);
INSERT INTO student_credential(usn,password)VALUES('1PI20CVE43','1PI20CVE43');
INSERT INTO student(usn,name,sem,dept,email,mob) VALUES('1PI20CVE44','inmzb',1,'CVE','inmzb@gmail.com',939386144);
INSERT INTO student_credential(usn,password)VALUES('1PI20CVE44','1PI20CVE44');
INSERT INTO student(usn,name,sem,dept,email,mob) VALUES('1PI20CVE45','kjylq',1,'CVE','kjylq@gmail.com',939386145);
INSERT INTO student_credential(usn,password)VALUES('1PI20CVE45','1PI20CVE45');
INSERT INTO student(usn,name,sem,dept,email,mob) VALUES('1PI20CVE46','wjiam',1,'CVE','wjiam@gmail.com',939386146);
INSERT INTO student_credential(usn,password)VALUES('1PI20CVE46','1PI20CVE46');
INSERT INTO student(usn,name,sem,dept,email,mob) VALUES('1PI20CVE47','fkofj',1,'CVE','fkofj@gmail.com',939386147);
INSERT INTO student_credential(usn,password)VALUES('1PI20CVE47','1PI20CVE47');
INSERT INTO student(usn,name,sem,dept,email,mob) VALUES('1PI20CVE48','jjjrj',1,'CVE','jjjrj@gmail.com',939386148);
INSERT INTO student_credential(usn,password)VALUES('1PI20CVE48','1PI20CVE48');
INSERT INTO student(usn,name,sem,dept,email,mob) VALUES('1PI20CVE49','uuurr',1,'CVE','uuurr@gmail.com',939386149);
INSERT INTO student_credential(usn,password)VALUES('1PI20CVE49','1PI20CVE49');
INSERT INTO student(usn,name,sem,dept,email,mob) VALUES('1PI20CVE50','ychyi',1,'CVE','ychyi@gmail.com',939386150);
INSERT INTO student_credential(usn,password)VALUES('1PI20CVE50','1PI20CVE50');
INSERT INTO student(usn,name,sem,dept,email,mob) VALUES('1PI20CVE51','vifya',1,'CVE','vifya@gmail.com',939386151);
INSERT INTO student_credential(usn,password)VALUES('1PI20CVE51','1PI20CVE51');
INSERT INTO student(usn,name,sem,dept,email,mob) VALUES('1PI20CVE52','xlhwa',1,'CVE','xlhwa@gmail.com',939386152);
INSERT INTO student_credential(usn,password)VALUES('1PI20CVE52','1PI20CVE52');
INSERT INTO student(usn,name,sem,dept,email,mob) VALUES('1PI20CVE53','bbswj',1,'CVE','bbswj@gmail.com',939386153);
INSERT INTO student_credential(usn,password)VALUES('1PI20CVE53','1PI20CVE53');
INSERT INTO student(usn,name,sem,dept,email,mob) VALUES('1PI20CVE54','dysej',1,'CVE','dysej@gmail.com',939386154);
INSERT INTO student_credential(usn,password)VALUES('1PI20CVE54','1PI20CVE54');
INSERT INTO student(usn,name,sem,dept,email,mob) VALUES('1PI20CVE55','wswzs',1,'CVE','wswzs@gmail.com',939386155);
INSERT INTO student_credential(usn,password)VALUES('1PI20CVE55','1PI20CVE55');
INSERT INTO student(usn,name,sem,dept,email,mob) VALUES('1PI20CVE56','lxvyi',1,'CVE','lxvyi@gmail.com',939386156);
INSERT INTO student_credential(usn,password)VALUES('1PI20CVE56','1PI20CVE56');
INSERT INTO student(usn,name,sem,dept,email,mob) VALUES('1PI20CVE57','lclpg',1,'CVE','lclpg@gmail.com',939386157);
INSERT INTO student_credential(usn,password)VALUES('1PI20CVE57','1PI20CVE57');
INSERT INTO student(usn,name,sem,dept,email,mob) VALUES('1PI20CVE58','qlakd',1,'CVE','qlakd@gmail.com',939386158);
INSERT INTO student_credential(usn,password)VALUES('1PI20CVE58','1PI20CVE58');
INSERT INTO student(usn,name,sem,dept,email,mob) VALUES('1PI20CVE59','knfao',1,'CVE','knfao@gmail.com',939386159);
INSERT INTO student_credential(usn,password)VALUES('1PI20CVE59','1PI20CVE59');
INSERT INTO student(usn,name,sem,dept,email,mob) VALUES('1PI20CVE60','yzqrq',1,'CVE','yzqrq@gmail.com',939386160);
INSERT INTO student_credential(usn,password)VALUES('1PI20CVE60','1PI20CVE60');
INSERT INTO student(usn,name,sem,dept,email,mob) VALUES('1PI20CVE61','ivmed',1,'CVE','ivmed@gmail.com',939386161);
INSERT INTO student_credential(usn,password)VALUES('1PI20CVE61','1PI20CVE61');
INSERT INTO student(usn,name,sem,dept,email,mob) VALUES('1PI20CVE62','burfw',1,'CVE','burfw@gmail.com',939386162);
INSERT INTO student_credential(usn,password)VALUES('1PI20CVE62','1PI20CVE62');
INSERT INTO student(usn,name,sem,dept,email,mob) VALUES('1PI20CVE63','kbkrd',1,'CVE','kbkrd@gmail.com',939386163);
INSERT INTO student_credential(usn,password)VALUES('1PI20CVE63','1PI20CVE63');
INSERT INTO student(usn,name,sem,dept,email,mob) VALUES('1PI20CVE64','xwpwe',1,'CVE','xwpwe@gmail.com',939386164);
INSERT INTO student_credential(usn,password)VALUES('1PI20CVE64','1PI20CVE64');
INSERT INTO student(usn,name,sem,dept,email,mob) VALUES('1PI20CVE65','faucl',1,'CVE','faucl@gmail.com',939386165);
INSERT INTO student_credential(usn,password)VALUES('1PI20CVE65','1PI20CVE65');
INSERT INTO student(usn,name,sem,dept,email,mob) VALUES('1PI20CVE66','tzwsx',1,'CVE','tzwsx@gmail.com',939386166);
INSERT INTO student_credential(usn,password)VALUES('1PI20CVE66','1PI20CVE66');
INSERT INTO student(usn,name,sem,dept,email,mob) VALUES('1PI20CVE67','zimwd',1,'CVE','zimwd@gmail.com',939386167);
INSERT INTO student_credential(usn,password)VALUES('1PI20CVE67','1PI20CVE67');
INSERT INTO student(usn,name,sem,dept,email,mob) VALUES('1PI20CVE68','lhfec',1,'CVE','lhfec@gmail.com',939386168);
INSERT INTO student_credential(usn,password)VALUES('1PI20CVE68','1PI20CVE68');
INSERT INTO student(usn,name,sem,dept,email,mob) VALUES('1PI20CVE69','viflj',1,'CVE','viflj@gmail.com',939386169);
INSERT INTO student_credential(usn,password)VALUES('1PI20CVE69','1PI20CVE69');
INSERT INTO student(usn,name,sem,dept,email,mob) VALUES('1PI20CVE70','zuspr',1,'CVE','zuspr@gmail.com',939386170);
INSERT INTO student_credential(usn,password)VALUES('1PI20CVE70','1PI20CVE70');
INSERT INTO student(usn,name,sem,dept,email,mob) VALUES('1PI20CVE71','olqkn',1,'CVE','olqkn@gmail.com',939386171);
INSERT INTO student_credential(usn,password)VALUES('1PI20CVE71','1PI20CVE71');
INSERT INTO student(usn,name,sem,dept,email,mob) VALUES('1PI20CVE72','jxfmz',1,'CVE','jxfmz@gmail.com',939386172);
INSERT INTO student_credential(usn,password)VALUES('1PI20CVE72','1PI20CVE72');
INSERT INTO student(usn,name,sem,dept,email,mob) VALUES('1PI20CVE73','mhbzf',1,'CVE','mhbzf@gmail.com',939386173);
INSERT INTO student_credential(usn,password)VALUES('1PI20CVE73','1PI20CVE73');
INSERT INTO student(usn,name,sem,dept,email,mob) VALUES('1PI20CVE74','pqics',1,'CVE','pqics@gmail.com',939386174);
INSERT INTO student_credential(usn,password)VALUES('1PI20CVE74','1PI20CVE74');
INSERT INTO student(usn,name,sem,dept,email,mob) VALUES('1PI20CVE75','brlpr',1,'CVE','brlpr@gmail.com',939386175);
INSERT INTO student_credential(usn,password)VALUES('1PI20CVE75','1PI20CVE75');
INSERT INTO student(usn,name,sem,dept,email,mob) VALUES('1PI20CVE76','birdv',1,'CVE','birdv@gmail.com',939386176);
INSERT INTO student_credential(usn,password)VALUES('1PI20CVE76','1PI20CVE76');
INSERT INTO student(usn,name,sem,dept,email,mob) VALUES('1PI20CVE77','slyhr',1,'CVE','slyhr@gmail.com',939386177);
INSERT INTO student_credential(usn,password)VALUES('1PI20CVE77','1PI20CVE77');
INSERT INTO student(usn,name,sem,dept,email,mob) VALUES('1PI20CVE78','sehxz',1,'CVE','sehxz@gmail.com',939386178);
INSERT INTO student_credential(usn,password)VALUES('1PI20CVE78','1PI20CVE78');
INSERT INTO student(usn,name,sem,dept,email,mob) VALUES('1PI20CVE79','uenms',1,'CVE','uenms@gmail.com',939386179);
INSERT INTO student_credential(usn,password)VALUES('1PI20CVE79','1PI20CVE79');
INSERT INTO student(usn,name,sem,dept,email,mob) VALUES('1PI20CVE80','dpake',1,'CVE','dpake@gmail.com',939386180);
INSERT INTO student_credential(usn,password)VALUES('1PI20CVE80','1PI20CVE80');
INSERT INTO student(usn,name,sem,dept,email,mob) VALUES('1PI20CVE81','earmh',1,'CVE','earmh@gmail.com',939386181);
INSERT INTO student_credential(usn,password)VALUES('1PI20CVE81','1PI20CVE81');
INSERT INTO student(usn,name,sem,dept,email,mob) VALUES('1PI20CVE82','lffbp',1,'CVE','lffbp@gmail.com',939386182);
INSERT INTO student_credential(usn,password)VALUES('1PI20CVE82','1PI20CVE82');
INSERT INTO student(usn,name,sem,dept,email,mob) VALUES('1PI20CVE83','nshtj',1,'CVE','nshtj@gmail.com',939386183);
INSERT INTO student_credential(usn,password)VALUES('1PI20CVE83','1PI20CVE83');
INSERT INTO student(usn,name,sem,dept,email,mob) VALUES('1PI20CVE84','sbiav',1,'CVE','sbiav@gmail.com',939386184);
INSERT INTO student_credential(usn,password)VALUES('1PI20CVE84','1PI20CVE84');
INSERT INTO student(usn,name,sem,dept,email,mob) VALUES('1PI20CVE85','exuur',1,'CVE','exuur@gmail.com',939386185);
INSERT INTO student_credential(usn,password)VALUES('1PI20CVE85','1PI20CVE85');
INSERT INTO student(usn,name,sem,dept,email,mob) VALUES('1PI20CVE86','spatt',1,'CVE','spatt@gmail.com',939386186);
INSERT INTO student_credential(usn,password)VALUES('1PI20CVE86','1PI20CVE86');
INSERT INTO student(usn,name,sem,dept,email,mob) VALUES('1PI20CVE87','alnfb',1,'CVE','alnfb@gmail.com',939386187);
INSERT INTO student_credential(usn,password)VALUES('1PI20CVE87','1PI20CVE87');
INSERT INTO student(usn,name,sem,dept,email,mob) VALUES('1PI20CVE88','qzron',1,'CVE','qzron@gmail.com',939386188);
INSERT INTO student_credential(usn,password)VALUES('1PI20CVE88','1PI20CVE88');
INSERT INTO student(usn,name,sem,dept,email,mob) VALUES('1PI20CVE89','mfdwg',1,'CVE','mfdwg@gmail.com',939386189);
INSERT INTO student_credential(usn,password)VALUES('1PI20CVE89','1PI20CVE89');
INSERT INTO student(usn,name,sem,dept,email,mob) VALUES('1PI20CVE90','pbepe',1,'CVE','pbepe@gmail.com',939386190);
INSERT INTO student_credential(usn,password)VALUES('1PI20CVE90','1PI20CVE90');
INSERT INTO student(usn,name,sem,dept,email,mob) VALUES('1PI20CVE91','uhgbj',1,'CVE','uhgbj@gmail.com',939386191);
INSERT INTO student_credential(usn,password)VALUES('1PI20CVE91','1PI20CVE91');
INSERT INTO student(usn,name,sem,dept,email,mob) VALUES('1PI20CVE92','bvnax',1,'CVE','bvnax@gmail.com',939386192);
INSERT INTO student_credential(usn,password)VALUES('1PI20CVE92','1PI20CVE92');
INSERT INTO student(usn,name,sem,dept,email,mob) VALUES('1PI20CVE93','rhrvu',1,'CVE','rhrvu@gmail.com',939386193);
INSERT INTO student_credential(usn,password)VALUES('1PI20CVE93','1PI20CVE93');
INSERT INTO student(usn,name,sem,dept,email,mob) VALUES('1PI20CVE94','wptsb',1,'CVE','wptsb@gmail.com',939386194);
INSERT INTO student_credential(usn,password)VALUES('1PI20CVE94','1PI20CVE94');
INSERT INTO student(usn,name,sem,dept,email,mob) VALUES('1PI20CVE95','zakok',1,'CVE','zakok@gmail.com',939386195);
INSERT INTO student_credential(usn,password)VALUES('1PI20CVE95','1PI20CVE95');
INSERT INTO student(usn,name,sem,dept,email,mob) VALUES('1PI20CVE96','kpatu',1,'CVE','kpatu@gmail.com',939386196);
INSERT INTO student_credential(usn,password)VALUES('1PI20CVE96','1PI20CVE96');
INSERT INTO student(usn,name,sem,dept,email,mob) VALUES('1PI20CVE97','tbdje',1,'CVE','tbdje@gmail.com',939386197);
INSERT INTO student_credential(usn,password)VALUES('1PI20CVE97','1PI20CVE97');
INSERT INTO student(usn,name,sem,dept,email,mob) VALUES('1PI20CVE98','vvjjo',1,'CVE','vvjjo@gmail.com',939386198);
INSERT INTO student_credential(usn,password)VALUES('1PI20CVE98','1PI20CVE98');
INSERT INTO student(usn,name,sem,dept,email,mob) VALUES('1PI20CVE99','qrbma',1,'CVE','qrbma@gmail.com',939386199);
INSERT INTO student_credential(usn,password)VALUES('1PI20CVE99','1PI20CVE99');
INSERT INTO faculty(fid,name,dept,email,mob) VALUES('CSE70','qvjqk','CSE','qvjqk@gmail.com',939380140);
INSERT INTO faculty_credential(fid,password)VALUES('CSE70','CSE70');
INSERT INTO faculty(fid,name,dept,email,mob) VALUES('CSE71','qwhap','CSE','qwhap@gmail.com',939380141);
INSERT INTO faculty_credential(fid,password)VALUES('CSE71','CSE71');
INSERT INTO faculty(fid,name,dept,email,mob) VALUES('CSE72','ahwex','CSE','ahwex@gmail.com',939380142);
INSERT INTO faculty_credential(fid,password)VALUES('CSE72','CSE72');
INSERT INTO faculty(fid,name,dept,email,mob) VALUES('CSE73','tjgxw','CSE','tjgxw@gmail.com',939380143);
INSERT INTO faculty_credential(fid,password)VALUES('CSE73','CSE73');
INSERT INTO faculty(fid,name,dept,email,mob) VALUES('CSE74','tcklk','CSE','tcklk@gmail.com',939380144);
INSERT INTO faculty_credential(fid,password)VALUES('CSE74','CSE74');
INSERT INTO faculty(fid,name,dept,email,mob) VALUES('CSE75','daoxf','CSE','daoxf@gmail.com',939380145);
INSERT INTO faculty_credential(fid,password)VALUES('CSE75','CSE75');
INSERT INTO faculty(fid,name,dept,email,mob) VALUES('CSE76','qkayc','CSE','qkayc@gmail.com',939380146);
INSERT INTO faculty_credential(fid,password)VALUES('CSE76','CSE76');
INSERT INTO faculty(fid,name,dept,email,mob) VALUES('CSE50','roesd','CSE','roesd@gmail.com',939380100);
INSERT INTO faculty_credential(fid,password)VALUES('CSE50','CSE50');
INSERT INTO faculty(fid,name,dept,email,mob) VALUES('CSE51','tdlzt','CSE','tdlzt@gmail.com',939380101);
INSERT INTO faculty_credential(fid,password)VALUES('CSE51','CSE51');
INSERT INTO faculty(fid,name,dept,email,mob) VALUES('CSE52','hujqu','CSE','hujqu@gmail.com',939380102);
INSERT INTO faculty_credential(fid,password)VALUES('CSE52','CSE52');
INSERT INTO faculty(fid,name,dept,email,mob) VALUES('CSE53','pnrrk','CSE','pnrrk@gmail.com',939380103);
INSERT INTO faculty_credential(fid,password)VALUES('CSE53','CSE53');
INSERT INTO faculty(fid,name,dept,email,mob) VALUES('CSE54','aklcx','CSE','aklcx@gmail.com',939380104);
INSERT INTO faculty_credential(fid,password)VALUES('CSE54','CSE54');
INSERT INTO faculty(fid,name,dept,email,mob) VALUES('CSE55','gdcgt','CSE','gdcgt@gmail.com',939380105);
INSERT INTO faculty_credential(fid,password)VALUES('CSE55','CSE55');
INSERT INTO faculty(fid,name,dept,email,mob) VALUES('CSE56','foxkp','CSE','foxkp@gmail.com',939380106);
INSERT INTO faculty_credential(fid,password)VALUES('CSE56','CSE56');
INSERT INTO faculty(fid,name,dept,email,mob) VALUES('CSE30','jmrci','CSE','jmrci@gmail.com',93938060);
INSERT INTO faculty_credential(fid,password)VALUES('CSE30','CSE30');
INSERT INTO faculty(fid,name,dept,email,mob) VALUES('CSE31','xnsdo','CSE','xnsdo@gmail.com',93938061);
INSERT INTO faculty_credential(fid,password)VALUES('CSE31','CSE31');
INSERT INTO faculty(fid,name,dept,email,mob) VALUES('CSE32','ljzxh','CSE','ljzxh@gmail.com',93938062);
INSERT INTO faculty_credential(fid,password)VALUES('CSE32','CSE32');
INSERT INTO faculty(fid,name,dept,email,mob) VALUES('CSE33','ppxll','CSE','ppxll@gmail.com',93938063);
INSERT INTO faculty_credential(fid,password)VALUES('CSE33','CSE33');
INSERT INTO faculty(fid,name,dept,email,mob) VALUES('CSE34','zwwsm','CSE','zwwsm@gmail.com',93938064);
INSERT INTO faculty_credential(fid,password)VALUES('CSE34','CSE34');
INSERT INTO faculty(fid,name,dept,email,mob) VALUES('CSE35','ztolx','CSE','ztolx@gmail.com',93938065);
INSERT INTO faculty_credential(fid,password)VALUES('CSE35','CSE35');
INSERT INTO faculty(fid,name,dept,email,mob) VALUES('CSE36','glqtl','CSE','glqtl@gmail.com',93938066);
INSERT INTO faculty_credential(fid,password)VALUES('CSE36','CSE36');
INSERT INTO faculty(fid,name,dept,email,mob) VALUES('CSE10','mcjvr','CSE','mcjvr@gmail.com',93938020);
INSERT INTO faculty_credential(fid,password)VALUES('CSE10','CSE10');
INSERT INTO faculty(fid,name,dept,email,mob) VALUES('CSE11','qlohv','CSE','qlohv@gmail.com',93938021);
INSERT INTO faculty_credential(fid,password)VALUES('CSE11','CSE11');
INSERT INTO faculty(fid,name,dept,email,mob) VALUES('CSE12','zxwai','CSE','zxwai@gmail.com',93938022);
INSERT INTO faculty_credential(fid,password)VALUES('CSE12','CSE12');
INSERT INTO faculty(fid,name,dept,email,mob) VALUES('CSE13','pjwiv','CSE','pjwiv@gmail.com',93938023);
INSERT INTO faculty_credential(fid,password)VALUES('CSE13','CSE13');
INSERT INTO faculty(fid,name,dept,email,mob) VALUES('CSE14','mnvqj','CSE','mnvqj@gmail.com',93938024);
INSERT INTO faculty_credential(fid,password)VALUES('CSE14','CSE14');
INSERT INTO faculty(fid,name,dept,email,mob) VALUES('CSE15','bzkqf','CSE','bzkqf@gmail.com',93938025);
INSERT INTO faculty_credential(fid,password)VALUES('CSE15','CSE15');
INSERT INTO faculty(fid,name,dept,email,mob) VALUES('CSE16','jjhwe','CSE','jjhwe@gmail.com',93938026);
INSERT INTO faculty_credential(fid,password)VALUES('CSE16','CSE16');
INSERT INTO faculty(fid,name,dept,email,mob) VALUES('ISE70','cxfco','ISE','cxfco@gmail.com',939381140);
INSERT INTO faculty_credential(fid,password)VALUES('ISE70','ISE70');
INSERT INTO faculty(fid,name,dept,email,mob) VALUES('ISE71','eskfk','ISE','eskfk@gmail.com',939381141);
INSERT INTO faculty_credential(fid,password)VALUES('ISE71','ISE71');
INSERT INTO faculty(fid,name,dept,email,mob) VALUES('ISE72','adchw','ISE','adchw@gmail.com',939381142);
INSERT INTO faculty_credential(fid,password)VALUES('ISE72','ISE72');
INSERT INTO faculty(fid,name,dept,email,mob) VALUES('ISE73','qsqtx','ISE','qsqtx@gmail.com',939381143);
INSERT INTO faculty_credential(fid,password)VALUES('ISE73','ISE73');
INSERT INTO faculty(fid,name,dept,email,mob) VALUES('ISE74','muncw','ISE','muncw@gmail.com',939381144);
INSERT INTO faculty_credential(fid,password)VALUES('ISE74','ISE74');
INSERT INTO faculty(fid,name,dept,email,mob) VALUES('ISE75','iregv','ISE','iregv@gmail.com',939381145);
INSERT INTO faculty_credential(fid,password)VALUES('ISE75','ISE75');
INSERT INTO faculty(fid,name,dept,email,mob) VALUES('ISE76','ulrwl','ISE','ulrwl@gmail.com',939381146);
INSERT INTO faculty_credential(fid,password)VALUES('ISE76','ISE76');
INSERT INTO faculty(fid,name,dept,email,mob) VALUES('ISE50','zwhif','ISE','zwhif@gmail.com',939381100);
INSERT INTO faculty_credential(fid,password)VALUES('ISE50','ISE50');
INSERT INTO faculty(fid,name,dept,email,mob) VALUES('ISE51','hdnqu','ISE','hdnqu@gmail.com',939381101);
INSERT INTO faculty_credential(fid,password)VALUES('ISE51','ISE51');
INSERT INTO faculty(fid,name,dept,email,mob) VALUES('ISE52','bwbwt','ISE','bwbwt@gmail.com',939381102);
INSERT INTO faculty_credential(fid,password)VALUES('ISE52','ISE52');
INSERT INTO faculty(fid,name,dept,email,mob) VALUES('ISE53','cyxwu','ISE','cyxwu@gmail.com',939381103);
INSERT INTO faculty_credential(fid,password)VALUES('ISE53','ISE53');
INSERT INTO faculty(fid,name,dept,email,mob) VALUES('ISE54','jmjqh','ISE','jmjqh@gmail.com',939381104);
INSERT INTO faculty_credential(fid,password)VALUES('ISE54','ISE54');
INSERT INTO faculty(fid,name,dept,email,mob) VALUES('ISE55','bjmjy','ISE','bjmjy@gmail.com',939381105);
INSERT INTO faculty_credential(fid,password)VALUES('ISE55','ISE55');
INSERT INTO faculty(fid,name,dept,email,mob) VALUES('ISE56','fvtbm','ISE','fvtbm@gmail.com',939381106);
INSERT INTO faculty_credential(fid,password)VALUES('ISE56','ISE56');
INSERT INTO faculty(fid,name,dept,email,mob) VALUES('ISE30','vwhqz','ISE','vwhqz@gmail.com',93938160);
INSERT INTO faculty_credential(fid,password)VALUES('ISE30','ISE30');
INSERT INTO faculty(fid,name,dept,email,mob) VALUES('ISE31','jqrfb','ISE','jqrfb@gmail.com',93938161);
INSERT INTO faculty_credential(fid,password)VALUES('ISE31','ISE31');
INSERT INTO faculty(fid,name,dept,email,mob) VALUES('ISE32','fdxdx','ISE','fdxdx@gmail.com',93938162);
INSERT INTO faculty_credential(fid,password)VALUES('ISE32','ISE32');
INSERT INTO faculty(fid,name,dept,email,mob) VALUES('ISE33','gmfkw','ISE','gmfkw@gmail.com',93938163);
INSERT INTO faculty_credential(fid,password)VALUES('ISE33','ISE33');
INSERT INTO faculty(fid,name,dept,email,mob) VALUES('ISE34','mlplk','ISE','mlplk@gmail.com',93938164);
INSERT INTO faculty_credential(fid,password)VALUES('ISE34','ISE34');
INSERT INTO faculty(fid,name,dept,email,mob) VALUES('ISE35','prltg','ISE','prltg@gmail.com',93938165);
INSERT INTO faculty_credential(fid,password)VALUES('ISE35','ISE35');
INSERT INTO faculty(fid,name,dept,email,mob) VALUES('ISE36','xgibt','ISE','xgibt@gmail.com',93938166);
INSERT INTO faculty_credential(fid,password)VALUES('ISE36','ISE36');
INSERT INTO faculty(fid,name,dept,email,mob) VALUES('ISE10','afvdi','ISE','afvdi@gmail.com',93938120);
INSERT INTO faculty_credential(fid,password)VALUES('ISE10','ISE10');
INSERT INTO faculty(fid,name,dept,email,mob) VALUES('ISE11','rjmss','ISE','rjmss@gmail.com',93938121);
INSERT INTO faculty_credential(fid,password)VALUES('ISE11','ISE11');
INSERT INTO faculty(fid,name,dept,email,mob) VALUES('ISE12','zgabd','ISE','zgabd@gmail.com',93938122);
INSERT INTO faculty_credential(fid,password)VALUES('ISE12','ISE12');
INSERT INTO faculty(fid,name,dept,email,mob) VALUES('ISE13','vxilm','ISE','vxilm@gmail.com',93938123);
INSERT INTO faculty_credential(fid,password)VALUES('ISE13','ISE13');
INSERT INTO faculty(fid,name,dept,email,mob) VALUES('ISE14','gqaql','ISE','gqaql@gmail.com',93938124);
INSERT INTO faculty_credential(fid,password)VALUES('ISE14','ISE14');
INSERT INTO faculty(fid,name,dept,email,mob) VALUES('ISE15','xfimf','ISE','xfimf@gmail.com',93938125);
INSERT INTO faculty_credential(fid,password)VALUES('ISE15','ISE15');
INSERT INTO faculty(fid,name,dept,email,mob) VALUES('ISE16','dzxxa','ISE','dzxxa@gmail.com',93938126);
INSERT INTO faculty_credential(fid,password)VALUES('ISE16','ISE16');
INSERT INTO faculty(fid,name,dept,email,mob) VALUES('MEE70','ywmvy','MEE','ywmvy@gmail.com',939382140);
INSERT INTO faculty_credential(fid,password)VALUES('MEE70','MEE70');
INSERT INTO faculty(fid,name,dept,email,mob) VALUES('MEE71','kpwxl','MEE','kpwxl@gmail.com',939382141);
INSERT INTO faculty_credential(fid,password)VALUES('MEE71','MEE71');
INSERT INTO faculty(fid,name,dept,email,mob) VALUES('MEE72','zione','MEE','zione@gmail.com',939382142);
INSERT INTO faculty_credential(fid,password)VALUES('MEE72','MEE72');
INSERT INTO faculty(fid,name,dept,email,mob) VALUES('MEE73','myrdb','MEE','myrdb@gmail.com',939382143);
INSERT INTO faculty_credential(fid,password)VALUES('MEE73','MEE73');
INSERT INTO faculty(fid,name,dept,email,mob) VALUES('MEE74','vowpg','MEE','vowpg@gmail.com',939382144);
INSERT INTO faculty_credential(fid,password)VALUES('MEE74','MEE74');
INSERT INTO faculty(fid,name,dept,email,mob) VALUES('MEE75','wmooq','MEE','wmooq@gmail.com',939382145);
INSERT INTO faculty_credential(fid,password)VALUES('MEE75','MEE75');
INSERT INTO faculty(fid,name,dept,email,mob) VALUES('MEE76','rlntg','MEE','rlntg@gmail.com',939382146);
INSERT INTO faculty_credential(fid,password)VALUES('MEE76','MEE76');
INSERT INTO faculty(fid,name,dept,email,mob) VALUES('MEE50','rrtzh','MEE','rrtzh@gmail.com',939382100);
INSERT INTO faculty_credential(fid,password)VALUES('MEE50','MEE50');
INSERT INTO faculty(fid,name,dept,email,mob) VALUES('MEE51','zlolm','MEE','zlolm@gmail.com',939382101);
INSERT INTO faculty_credential(fid,password)VALUES('MEE51','MEE51');
INSERT INTO faculty(fid,name,dept,email,mob) VALUES('MEE52','cgvru','MEE','cgvru@gmail.com',939382102);
INSERT INTO faculty_credential(fid,password)VALUES('MEE52','MEE52');
INSERT INTO faculty(fid,name,dept,email,mob) VALUES('MEE53','ncmaw','MEE','ncmaw@gmail.com',939382103);
INSERT INTO faculty_credential(fid,password)VALUES('MEE53','MEE53');
INSERT INTO faculty(fid,name,dept,email,mob) VALUES('MEE54','flyqr','MEE','flyqr@gmail.com',939382104);
INSERT INTO faculty_credential(fid,password)VALUES('MEE54','MEE54');
INSERT INTO faculty(fid,name,dept,email,mob) VALUES('MEE55','tbboh','MEE','tbboh@gmail.com',939382105);
INSERT INTO faculty_credential(fid,password)VALUES('MEE55','MEE55');
INSERT INTO faculty(fid,name,dept,email,mob) VALUES('MEE56','dymig','MEE','dymig@gmail.com',939382106);
INSERT INTO faculty_credential(fid,password)VALUES('MEE56','MEE56');
INSERT INTO faculty(fid,name,dept,email,mob) VALUES('MEE30','gavyt','MEE','gavyt@gmail.com',93938260);
INSERT INTO faculty_credential(fid,password)VALUES('MEE30','MEE30');
INSERT INTO faculty(fid,name,dept,email,mob) VALUES('MEE31','lbrrb','MEE','lbrrb@gmail.com',93938261);
INSERT INTO faculty_credential(fid,password)VALUES('MEE31','MEE31');
INSERT INTO faculty(fid,name,dept,email,mob) VALUES('MEE32','blygy','MEE','blygy@gmail.com',93938262);
INSERT INTO faculty_credential(fid,password)VALUES('MEE32','MEE32');
INSERT INTO faculty(fid,name,dept,email,mob) VALUES('MEE33','ehefi','MEE','ehefi@gmail.com',93938263);
INSERT INTO faculty_credential(fid,password)VALUES('MEE33','MEE33');
INSERT INTO faculty(fid,name,dept,email,mob) VALUES('MEE34','hvfew','MEE','hvfew@gmail.com',93938264);
INSERT INTO faculty_credential(fid,password)VALUES('MEE34','MEE34');
INSERT INTO faculty(fid,name,dept,email,mob) VALUES('MEE35','licdp','MEE','licdp@gmail.com',93938265);
INSERT INTO faculty_credential(fid,password)VALUES('MEE35','MEE35');
INSERT INTO faculty(fid,name,dept,email,mob) VALUES('MEE36','qromv','MEE','qromv@gmail.com',93938266);
INSERT INTO faculty_credential(fid,password)VALUES('MEE36','MEE36');
INSERT INTO faculty(fid,name,dept,email,mob) VALUES('MEE10','utbxu','MEE','utbxu@gmail.com',93938220);
INSERT INTO faculty_credential(fid,password)VALUES('MEE10','MEE10');
INSERT INTO faculty(fid,name,dept,email,mob) VALUES('MEE11','jqyyo','MEE','jqyyo@gmail.com',93938221);
INSERT INTO faculty_credential(fid,password)VALUES('MEE11','MEE11');
INSERT INTO faculty(fid,name,dept,email,mob) VALUES('MEE12','kcjgb','MEE','kcjgb@gmail.com',93938222);
INSERT INTO faculty_credential(fid,password)VALUES('MEE12','MEE12');
INSERT INTO faculty(fid,name,dept,email,mob) VALUES('MEE13','ecatm','MEE','ecatm@gmail.com',93938223);
INSERT INTO faculty_credential(fid,password)VALUES('MEE13','MEE13');
INSERT INTO faculty(fid,name,dept,email,mob) VALUES('MEE14','jdvma','MEE','jdvma@gmail.com',93938224);
INSERT INTO faculty_credential(fid,password)VALUES('MEE14','MEE14');
INSERT INTO faculty(fid,name,dept,email,mob) VALUES('MEE15','jkpvu','MEE','jkpvu@gmail.com',93938225);
INSERT INTO faculty_credential(fid,password)VALUES('MEE15','MEE15');
INSERT INTO faculty(fid,name,dept,email,mob) VALUES('MEE16','nlgcb','MEE','nlgcb@gmail.com',93938226);
INSERT INTO faculty_credential(fid,password)VALUES('MEE16','MEE16');
INSERT INTO faculty(fid,name,dept,email,mob) VALUES('EEE70','nwwvm','EEE','nwwvm@gmail.com',939383140);
INSERT INTO faculty_credential(fid,password)VALUES('EEE70','EEE70');
INSERT INTO faculty(fid,name,dept,email,mob) VALUES('EEE71','lqtzz','EEE','lqtzz@gmail.com',939383141);
INSERT INTO faculty_credential(fid,password)VALUES('EEE71','EEE71');
INSERT INTO faculty(fid,name,dept,email,mob) VALUES('EEE72','rbuoi','EEE','rbuoi@gmail.com',939383142);
INSERT INTO faculty_credential(fid,password)VALUES('EEE72','EEE72');
INSERT INTO faculty(fid,name,dept,email,mob) VALUES('EEE73','wqqyp','EEE','wqqyp@gmail.com',939383143);
INSERT INTO faculty_credential(fid,password)VALUES('EEE73','EEE73');
INSERT INTO faculty(fid,name,dept,email,mob) VALUES('EEE74','fiiyz','EEE','fiiyz@gmail.com',939383144);
INSERT INTO faculty_credential(fid,password)VALUES('EEE74','EEE74');
INSERT INTO faculty(fid,name,dept,email,mob) VALUES('EEE75','uroca','EEE','uroca@gmail.com',939383145);
INSERT INTO faculty_credential(fid,password)VALUES('EEE75','EEE75');
INSERT INTO faculty(fid,name,dept,email,mob) VALUES('EEE76','cwepx','EEE','cwepx@gmail.com',939383146);
INSERT INTO faculty_credential(fid,password)VALUES('EEE76','EEE76');
INSERT INTO faculty(fid,name,dept,email,mob) VALUES('EEE50','ejxxf','EEE','ejxxf@gmail.com',939383100);
INSERT INTO faculty_credential(fid,password)VALUES('EEE50','EEE50');
INSERT INTO faculty(fid,name,dept,email,mob) VALUES('EEE51','vjegl','EEE','vjegl@gmail.com',939383101);
INSERT INTO faculty_credential(fid,password)VALUES('EEE51','EEE51');
INSERT INTO faculty(fid,name,dept,email,mob) VALUES('EEE52','kctga','EEE','kctga@gmail.com',939383102);
INSERT INTO faculty_credential(fid,password)VALUES('EEE52','EEE52');
INSERT INTO faculty(fid,name,dept,email,mob) VALUES('EEE53','vrygk','EEE','vrygk@gmail.com',939383103);
INSERT INTO faculty_credential(fid,password)VALUES('EEE53','EEE53');
INSERT INTO faculty(fid,name,dept,email,mob) VALUES('EEE54','jnhzq','EEE','jnhzq@gmail.com',939383104);
INSERT INTO faculty_credential(fid,password)VALUES('EEE54','EEE54');
INSERT INTO faculty(fid,name,dept,email,mob) VALUES('EEE55','nxntt','EEE','nxntt@gmail.com',939383105);
INSERT INTO faculty_credential(fid,password)VALUES('EEE55','EEE55');
INSERT INTO faculty(fid,name,dept,email,mob) VALUES('EEE56','ihvni','EEE','ihvni@gmail.com',939383106);
INSERT INTO faculty_credential(fid,password)VALUES('EEE56','EEE56');
INSERT INTO faculty(fid,name,dept,email,mob) VALUES('EEE30','ogbjm','EEE','ogbjm@gmail.com',93938360);
INSERT INTO faculty_credential(fid,password)VALUES('EEE30','EEE30');
INSERT INTO faculty(fid,name,dept,email,mob) VALUES('EEE31','vivgg','EEE','vivgg@gmail.com',93938361);
INSERT INTO faculty_credential(fid,password)VALUES('EEE31','EEE31');
INSERT INTO faculty(fid,name,dept,email,mob) VALUES('EEE32','jzqxv','EEE','jzqxv@gmail.com',93938362);
INSERT INTO faculty_credential(fid,password)VALUES('EEE32','EEE32');
INSERT INTO faculty(fid,name,dept,email,mob) VALUES('EEE33','dkgqy','EEE','dkgqy@gmail.com',93938363);
INSERT INTO faculty_credential(fid,password)VALUES('EEE33','EEE33');
INSERT INTO faculty(fid,name,dept,email,mob) VALUES('EEE34','ygmju','EEE','ygmju@gmail.com',93938364);
INSERT INTO faculty_credential(fid,password)VALUES('EEE34','EEE34');
INSERT INTO faculty(fid,name,dept,email,mob) VALUES('EEE35','xmvgr','EEE','xmvgr@gmail.com',93938365);
INSERT INTO faculty_credential(fid,password)VALUES('EEE35','EEE35');
INSERT INTO faculty(fid,name,dept,email,mob) VALUES('EEE36','rpsmn','EEE','rpsmn@gmail.com',93938366);
INSERT INTO faculty_credential(fid,password)VALUES('EEE36','EEE36');
INSERT INTO faculty(fid,name,dept,email,mob) VALUES('EEE10','ruicl','EEE','ruicl@gmail.com',93938320);
INSERT INTO faculty_credential(fid,password)VALUES('EEE10','EEE10');
INSERT INTO faculty(fid,name,dept,email,mob) VALUES('EEE11','cipom','EEE','cipom@gmail.com',93938321);
INSERT INTO faculty_credential(fid,password)VALUES('EEE11','EEE11');
INSERT INTO faculty(fid,name,dept,email,mob) VALUES('EEE12','csijv','EEE','csijv@gmail.com',93938322);
INSERT INTO faculty_credential(fid,password)VALUES('EEE12','EEE12');
INSERT INTO faculty(fid,name,dept,email,mob) VALUES('EEE13','jvdfe','EEE','jvdfe@gmail.com',93938323);
INSERT INTO faculty_credential(fid,password)VALUES('EEE13','EEE13');
INSERT INTO faculty(fid,name,dept,email,mob) VALUES('EEE14','vwrhj','EEE','vwrhj@gmail.com',93938324);
INSERT INTO faculty_credential(fid,password)VALUES('EEE14','EEE14');
INSERT INTO faculty(fid,name,dept,email,mob) VALUES('EEE15','mrcsu','EEE','mrcsu@gmail.com',93938325);
INSERT INTO faculty_credential(fid,password)VALUES('EEE15','EEE15');
INSERT INTO faculty(fid,name,dept,email,mob) VALUES('EEE16','rucsd','EEE','rucsd@gmail.com',93938326);
INSERT INTO faculty_credential(fid,password)VALUES('EEE16','EEE16');
INSERT INTO faculty(fid,name,dept,email,mob) VALUES('ECE70','skgxb','ECE','skgxb@gmail.com',939384140);
INSERT INTO faculty_credential(fid,password)VALUES('ECE70','ECE70');
INSERT INTO faculty(fid,name,dept,email,mob) VALUES('ECE71','otwux','ECE','otwux@gmail.com',939384141);
INSERT INTO faculty_credential(fid,password)VALUES('ECE71','ECE71');
INSERT INTO faculty(fid,name,dept,email,mob) VALUES('ECE72','hbxvs','ECE','hbxvs@gmail.com',939384142);
INSERT INTO faculty_credential(fid,password)VALUES('ECE72','ECE72');
INSERT INTO faculty(fid,name,dept,email,mob) VALUES('ECE73','vands','ECE','vands@gmail.com',939384143);
INSERT INTO faculty_credential(fid,password)VALUES('ECE73','ECE73');
INSERT INTO faculty(fid,name,dept,email,mob) VALUES('ECE74','ewrnf','ECE','ewrnf@gmail.com',939384144);
INSERT INTO faculty_credential(fid,password)VALUES('ECE74','ECE74');
INSERT INTO faculty(fid,name,dept,email,mob) VALUES('ECE75','wnszw','ECE','wnszw@gmail.com',939384145);
INSERT INTO faculty_credential(fid,password)VALUES('ECE75','ECE75');
INSERT INTO faculty(fid,name,dept,email,mob) VALUES('ECE76','gdugn','ECE','gdugn@gmail.com',939384146);
INSERT INTO faculty_credential(fid,password)VALUES('ECE76','ECE76');
INSERT INTO faculty(fid,name,dept,email,mob) VALUES('ECE50','uqfbk','ECE','uqfbk@gmail.com',939384100);
INSERT INTO faculty_credential(fid,password)VALUES('ECE50','ECE50');
INSERT INTO faculty(fid,name,dept,email,mob) VALUES('ECE51','ooqpo','ECE','ooqpo@gmail.com',939384101);
INSERT INTO faculty_credential(fid,password)VALUES('ECE51','ECE51');
INSERT INTO faculty(fid,name,dept,email,mob) VALUES('ECE52','wbpuf','ECE','wbpuf@gmail.com',939384102);
INSERT INTO faculty_credential(fid,password)VALUES('ECE52','ECE52');
INSERT INTO faculty(fid,name,dept,email,mob) VALUES('ECE53','jlhob','ECE','jlhob@gmail.com',939384103);
INSERT INTO faculty_credential(fid,password)VALUES('ECE53','ECE53');
INSERT INTO faculty(fid,name,dept,email,mob) VALUES('ECE54','dwxad','ECE','dwxad@gmail.com',939384104);
INSERT INTO faculty_credential(fid,password)VALUES('ECE54','ECE54');
INSERT INTO faculty(fid,name,dept,email,mob) VALUES('ECE55','ysonq','ECE','ysonq@gmail.com',939384105);
INSERT INTO faculty_credential(fid,password)VALUES('ECE55','ECE55');
INSERT INTO faculty(fid,name,dept,email,mob) VALUES('ECE56','dgbnp','ECE','dgbnp@gmail.com',939384106);
INSERT INTO faculty_credential(fid,password)VALUES('ECE56','ECE56');
INSERT INTO faculty(fid,name,dept,email,mob) VALUES('ECE30','zlerq','ECE','zlerq@gmail.com',93938460);
INSERT INTO faculty_credential(fid,password)VALUES('ECE30','ECE30');
INSERT INTO faculty(fid,name,dept,email,mob) VALUES('ECE31','oovei','ECE','oovei@gmail.com',93938461);
INSERT INTO faculty_credential(fid,password)VALUES('ECE31','ECE31');
INSERT INTO faculty(fid,name,dept,email,mob) VALUES('ECE32','btuak','ECE','btuak@gmail.com',93938462);
INSERT INTO faculty_credential(fid,password)VALUES('ECE32','ECE32');
INSERT INTO faculty(fid,name,dept,email,mob) VALUES('ECE33','bmuza','ECE','bmuza@gmail.com',93938463);
INSERT INTO faculty_credential(fid,password)VALUES('ECE33','ECE33');
INSERT INTO faculty(fid,name,dept,email,mob) VALUES('ECE34','qviou','ECE','qviou@gmail.com',93938464);
INSERT INTO faculty_credential(fid,password)VALUES('ECE34','ECE34');
INSERT INTO faculty(fid,name,dept,email,mob) VALUES('ECE35','hhden','ECE','hhden@gmail.com',93938465);
INSERT INTO faculty_credential(fid,password)VALUES('ECE35','ECE35');
INSERT INTO faculty(fid,name,dept,email,mob) VALUES('ECE36','owzyx','ECE','owzyx@gmail.com',93938466);
INSERT INTO faculty_credential(fid,password)VALUES('ECE36','ECE36');
INSERT INTO faculty(fid,name,dept,email,mob) VALUES('ECE10','ezbqz','ECE','ezbqz@gmail.com',93938420);
INSERT INTO faculty_credential(fid,password)VALUES('ECE10','ECE10');
INSERT INTO faculty(fid,name,dept,email,mob) VALUES('ECE11','qpgnh','ECE','qpgnh@gmail.com',93938421);
INSERT INTO faculty_credential(fid,password)VALUES('ECE11','ECE11');
INSERT INTO faculty(fid,name,dept,email,mob) VALUES('ECE12','obduw','ECE','obduw@gmail.com',93938422);
INSERT INTO faculty_credential(fid,password)VALUES('ECE12','ECE12');
INSERT INTO faculty(fid,name,dept,email,mob) VALUES('ECE13','bzbdf','ECE','bzbdf@gmail.com',93938423);
INSERT INTO faculty_credential(fid,password)VALUES('ECE13','ECE13');
INSERT INTO faculty(fid,name,dept,email,mob) VALUES('ECE14','tzrai','ECE','tzrai@gmail.com',93938424);
INSERT INTO faculty_credential(fid,password)VALUES('ECE14','ECE14');
INSERT INTO faculty(fid,name,dept,email,mob) VALUES('ECE15','njruu','ECE','njruu@gmail.com',93938425);
INSERT INTO faculty_credential(fid,password)VALUES('ECE15','ECE15');
INSERT INTO faculty(fid,name,dept,email,mob) VALUES('ECE16','cocig','ECE','cocig@gmail.com',93938426);
INSERT INTO faculty_credential(fid,password)VALUES('ECE16','ECE16');
INSERT INTO faculty(fid,name,dept,email,mob) VALUES('BTE70','rajyf','BTE','rajyf@gmail.com',939385140);
INSERT INTO faculty_credential(fid,password)VALUES('BTE70','BTE70');
INSERT INTO faculty(fid,name,dept,email,mob) VALUES('BTE71','aazga','BTE','aazga@gmail.com',939385141);
INSERT INTO faculty_credential(fid,password)VALUES('BTE71','BTE71');
INSERT INTO faculty(fid,name,dept,email,mob) VALUES('BTE72','igrnb','BTE','igrnb@gmail.com',939385142);
INSERT INTO faculty_credential(fid,password)VALUES('BTE72','BTE72');
INSERT INTO faculty(fid,name,dept,email,mob) VALUES('BTE73','cqjcw','BTE','cqjcw@gmail.com',939385143);
INSERT INTO faculty_credential(fid,password)VALUES('BTE73','BTE73');
INSERT INTO faculty(fid,name,dept,email,mob) VALUES('BTE74','yvefl','BTE','yvefl@gmail.com',939385144);
INSERT INTO faculty_credential(fid,password)VALUES('BTE74','BTE74');
INSERT INTO faculty(fid,name,dept,email,mob) VALUES('BTE75','clgte','BTE','clgte@gmail.com',939385145);
INSERT INTO faculty_credential(fid,password)VALUES('BTE75','BTE75');
INSERT INTO faculty(fid,name,dept,email,mob) VALUES('BTE76','osbnb','BTE','osbnb@gmail.com',939385146);
INSERT INTO faculty_credential(fid,password)VALUES('BTE76','BTE76');
INSERT INTO faculty(fid,name,dept,email,mob) VALUES('BTE50','fvutg','BTE','fvutg@gmail.com',939385100);
INSERT INTO faculty_credential(fid,password)VALUES('BTE50','BTE50');
INSERT INTO faculty(fid,name,dept,email,mob) VALUES('BTE51','hcjek','BTE','hcjek@gmail.com',939385101);
INSERT INTO faculty_credential(fid,password)VALUES('BTE51','BTE51');
INSERT INTO faculty(fid,name,dept,email,mob) VALUES('BTE52','knlsc','BTE','knlsc@gmail.com',939385102);
INSERT INTO faculty_credential(fid,password)VALUES('BTE52','BTE52');
INSERT INTO faculty(fid,name,dept,email,mob) VALUES('BTE53','twpop','BTE','twpop@gmail.com',939385103);
INSERT INTO faculty_credential(fid,password)VALUES('BTE53','BTE53');
INSERT INTO faculty(fid,name,dept,email,mob) VALUES('BTE54','abjpl','BTE','abjpl@gmail.com',939385104);
INSERT INTO faculty_credential(fid,password)VALUES('BTE54','BTE54');
INSERT INTO faculty(fid,name,dept,email,mob) VALUES('BTE55','iwzkb','BTE','iwzkb@gmail.com',939385105);
INSERT INTO faculty_credential(fid,password)VALUES('BTE55','BTE55');
INSERT INTO faculty(fid,name,dept,email,mob) VALUES('BTE56','ndgpz','BTE','ndgpz@gmail.com',939385106);
INSERT INTO faculty_credential(fid,password)VALUES('BTE56','BTE56');
INSERT INTO faculty(fid,name,dept,email,mob) VALUES('BTE30','bbxom','BTE','bbxom@gmail.com',93938560);
INSERT INTO faculty_credential(fid,password)VALUES('BTE30','BTE30');
INSERT INTO faculty(fid,name,dept,email,mob) VALUES('BTE31','kcjdz','BTE','kcjdz@gmail.com',93938561);
INSERT INTO faculty_credential(fid,password)VALUES('BTE31','BTE31');
INSERT INTO faculty(fid,name,dept,email,mob) VALUES('BTE32','lquod','BTE','lquod@gmail.com',93938562);
INSERT INTO faculty_credential(fid,password)VALUES('BTE32','BTE32');
INSERT INTO faculty(fid,name,dept,email,mob) VALUES('BTE33','wmuwt','BTE','wmuwt@gmail.com',93938563);
INSERT INTO faculty_credential(fid,password)VALUES('BTE33','BTE33');
INSERT INTO faculty(fid,name,dept,email,mob) VALUES('BTE34','idgdp','BTE','idgdp@gmail.com',93938564);
INSERT INTO faculty_credential(fid,password)VALUES('BTE34','BTE34');
INSERT INTO faculty(fid,name,dept,email,mob) VALUES('BTE35','hkvex','BTE','hkvex@gmail.com',93938565);
INSERT INTO faculty_credential(fid,password)VALUES('BTE35','BTE35');
INSERT INTO faculty(fid,name,dept,email,mob) VALUES('BTE36','bsztr','BTE','bsztr@gmail.com',93938566);
INSERT INTO faculty_credential(fid,password)VALUES('BTE36','BTE36');
INSERT INTO faculty(fid,name,dept,email,mob) VALUES('BTE10','intja','BTE','intja@gmail.com',93938520);
INSERT INTO faculty_credential(fid,password)VALUES('BTE10','BTE10');
INSERT INTO faculty(fid,name,dept,email,mob) VALUES('BTE11','ppsxg','BTE','ppsxg@gmail.com',93938521);
INSERT INTO faculty_credential(fid,password)VALUES('BTE11','BTE11');
INSERT INTO faculty(fid,name,dept,email,mob) VALUES('BTE12','tykuq','BTE','tykuq@gmail.com',93938522);
INSERT INTO faculty_credential(fid,password)VALUES('BTE12','BTE12');
INSERT INTO faculty(fid,name,dept,email,mob) VALUES('BTE13','atmjc','BTE','atmjc@gmail.com',93938523);
INSERT INTO faculty_credential(fid,password)VALUES('BTE13','BTE13');
INSERT INTO faculty(fid,name,dept,email,mob) VALUES('BTE14','rvbsa','BTE','rvbsa@gmail.com',93938524);
INSERT INTO faculty_credential(fid,password)VALUES('BTE14','BTE14');
INSERT INTO faculty(fid,name,dept,email,mob) VALUES('BTE15','mzlvz','BTE','mzlvz@gmail.com',93938525);
INSERT INTO faculty_credential(fid,password)VALUES('BTE15','BTE15');
INSERT INTO faculty(fid,name,dept,email,mob) VALUES('BTE16','tawfo','BTE','tawfo@gmail.com',93938526);
INSERT INTO faculty_credential(fid,password)VALUES('BTE16','BTE16');
INSERT INTO faculty(fid,name,dept,email,mob) VALUES('CVE70','vjkfe','CVE','vjkfe@gmail.com',939386140);
INSERT INTO faculty_credential(fid,password)VALUES('CVE70','CVE70');
INSERT INTO faculty(fid,name,dept,email,mob) VALUES('CVE71','oxkyk','CVE','oxkyk@gmail.com',939386141);
INSERT INTO faculty_credential(fid,password)VALUES('CVE71','CVE71');
INSERT INTO faculty(fid,name,dept,email,mob) VALUES('CVE72','daobd','CVE','daobd@gmail.com',939386142);
INSERT INTO faculty_credential(fid,password)VALUES('CVE72','CVE72');
INSERT INTO faculty(fid,name,dept,email,mob) VALUES('CVE73','cdszg','CVE','cdszg@gmail.com',939386143);
INSERT INTO faculty_credential(fid,password)VALUES('CVE73','CVE73');
INSERT INTO faculty(fid,name,dept,email,mob) VALUES('CVE74','covkq','CVE','covkq@gmail.com',939386144);
INSERT INTO faculty_credential(fid,password)VALUES('CVE74','CVE74');
INSERT INTO faculty(fid,name,dept,email,mob) VALUES('CVE75','snhgc','CVE','snhgc@gmail.com',939386145);
INSERT INTO faculty_credential(fid,password)VALUES('CVE75','CVE75');
INSERT INTO faculty(fid,name,dept,email,mob) VALUES('CVE76','gbaio','CVE','gbaio@gmail.com',939386146);
INSERT INTO faculty_credential(fid,password)VALUES('CVE76','CVE76');
INSERT INTO faculty(fid,name,dept,email,mob) VALUES('CVE50','srkhe','CVE','srkhe@gmail.com',939386100);
INSERT INTO faculty_credential(fid,password)VALUES('CVE50','CVE50');
INSERT INTO faculty(fid,name,dept,email,mob) VALUES('CVE51','rchtq','CVE','rchtq@gmail.com',939386101);
INSERT INTO faculty_credential(fid,password)VALUES('CVE51','CVE51');
INSERT INTO faculty(fid,name,dept,email,mob) VALUES('CVE52','dnlyw','CVE','dnlyw@gmail.com',939386102);
INSERT INTO faculty_credential(fid,password)VALUES('CVE52','CVE52');
INSERT INTO faculty(fid,name,dept,email,mob) VALUES('CVE53','pyviq','CVE','pyviq@gmail.com',939386103);
INSERT INTO faculty_credential(fid,password)VALUES('CVE53','CVE53');
INSERT INTO faculty(fid,name,dept,email,mob) VALUES('CVE54','rfrge','CVE','rfrge@gmail.com',939386104);
INSERT INTO faculty_credential(fid,password)VALUES('CVE54','CVE54');
INSERT INTO faculty(fid,name,dept,email,mob) VALUES('CVE55','mkogq','CVE','mkogq@gmail.com',939386105);
INSERT INTO faculty_credential(fid,password)VALUES('CVE55','CVE55');
INSERT INTO faculty(fid,name,dept,email,mob) VALUES('CVE56','vqehd','CVE','vqehd@gmail.com',939386106);
INSERT INTO faculty_credential(fid,password)VALUES('CVE56','CVE56');
INSERT INTO faculty(fid,name,dept,email,mob) VALUES('CVE30','rcvrk','CVE','rcvrk@gmail.com',93938660);
INSERT INTO faculty_credential(fid,password)VALUES('CVE30','CVE30');
INSERT INTO faculty(fid,name,dept,email,mob) VALUES('CVE31','mapqv','CVE','mapqv@gmail.com',93938661);
INSERT INTO faculty_credential(fid,password)VALUES('CVE31','CVE31');
INSERT INTO faculty(fid,name,dept,email,mob) VALUES('CVE32','dburj','CVE','dburj@gmail.com',93938662);
INSERT INTO faculty_credential(fid,password)VALUES('CVE32','CVE32');
INSERT INTO faculty(fid,name,dept,email,mob) VALUES('CVE33','ahmtt','CVE','ahmtt@gmail.com',93938663);
INSERT INTO faculty_credential(fid,password)VALUES('CVE33','CVE33');
INSERT INTO faculty(fid,name,dept,email,mob) VALUES('CVE34','yqqqa','CVE','yqqqa@gmail.com',93938664);
INSERT INTO faculty_credential(fid,password)VALUES('CVE34','CVE34');
INSERT INTO faculty(fid,name,dept,email,mob) VALUES('CVE35','ygtwr','CVE','ygtwr@gmail.com',93938665);
INSERT INTO faculty_credential(fid,password)VALUES('CVE35','CVE35');
INSERT INTO faculty(fid,name,dept,email,mob) VALUES('CVE36','xunnu','CVE','xunnu@gmail.com',93938666);
INSERT INTO faculty_credential(fid,password)VALUES('CVE36','CVE36');
INSERT INTO faculty(fid,name,dept,email,mob) VALUES('CVE10','gtkyf','CVE','gtkyf@gmail.com',93938620);
INSERT INTO faculty_credential(fid,password)VALUES('CVE10','CVE10');
INSERT INTO faculty(fid,name,dept,email,mob) VALUES('CVE11','gvsms','CVE','gvsms@gmail.com',93938621);
INSERT INTO faculty_credential(fid,password)VALUES('CVE11','CVE11');
INSERT INTO faculty(fid,name,dept,email,mob) VALUES('CVE12','kscin','CVE','kscin@gmail.com',93938622);
INSERT INTO faculty_credential(fid,password)VALUES('CVE12','CVE12');
INSERT INTO faculty(fid,name,dept,email,mob) VALUES('CVE13','mqjlg','CVE','mqjlg@gmail.com',93938623);
INSERT INTO faculty_credential(fid,password)VALUES('CVE13','CVE13');
INSERT INTO faculty(fid,name,dept,email,mob) VALUES('CVE14','ccfnf','CVE','ccfnf@gmail.com',93938624);
INSERT INTO faculty_credential(fid,password)VALUES('CVE14','CVE14');
INSERT INTO faculty(fid,name,dept,email,mob) VALUES('CVE15','kgphx','CVE','kgphx@gmail.com',93938625);
INSERT INTO faculty_credential(fid,password)VALUES('CVE15','CVE15');
INSERT INTO faculty(fid,name,dept,email,mob) VALUES('CVE16','babrg','CVE','babrg@gmail.com',93938626);
INSERT INTO faculty_credential(fid,password)VALUES('CVE16','CVE16');